timestamp,warp_x,warp_y,aspect_ratio,left_z,right_z,risk
2026-06-06 19:23:37,934.7,234.8,0.712,60,340,STABLE
2026-06-06 19:23:38,668.7,169.5,1.172,60,340,STABLE
2026-06-06 19:23:38,668.7,169.5,1.172,60,340,STABLE
2026-06-06 19:23:38,668.7,169.5,1.172,60,340,STABLE
2026-06-06 19:23:38,932.1,226.4,0.704,60,340,STABLE
2026-06-06 19:23:38,932.1,226.4,0.704,60,340,FALL IMMINENT
2026-06-06 19:23:38,932.1,226.4,0.704,60,340,FALL IMMINENT
2026-06-06 19:23:39,931.4,232.4,0.699,60,340,FALL IMMINENT
2026-06-06 19:23:39,931.4,232.4,0.699,60,340,FALL IMMINENT
2026-06-06 19:23:39,931.4,232.4,0.699,60,340,FALL IMMINENT
2026-06-06 19:23:39,938.9,238.5,0.727,60,340,FALL IMMINENT
2026-06-06 19:23:39,938.9,238.5,0.727,60,340,FALL IMMINENT
2026-06-06 19:23:39,938.9,238.5,0.727,60,340,FALL IMMINENT
2026-06-06 19:23:39,935.6,226.2,0.725,60,340,FALL IMMINENT
2026-06-06 19:23:39,935.6,226.2,0.725,60,340,FALL IMMINENT
2026-06-06 19:23:40,935.6,226.2,0.725,60,340,FALL IMMINENT
2026-06-06 19:23:40,928.3,236.5,0.702,60,340,FALL IMMINENT
2026-06-06 19:23:40,928.3,236.5,0.702,60,340,FALL IMMINENT
2026-06-06 19:23:40,928.3,236.5,0.702,60,340,FALL IMMINENT
2026-06-06 19:23:40,939.6,250.5,0.716,60,340,FALL IMMINENT
2026-06-06 19:23:40,939.6,250.5,0.716,60,340,FALL IMMINENT
2026-06-06 19:23:41,939.6,250.5,0.716,60,340,FALL IMMINENT
2026-06-06 19:23:41,940.9,245.3,0.733,60,340,FALL IMMINENT
2026-06-06 19:23:41,940.9,245.3,0.733,60,340,FALL IMMINENT
2026-06-06 19:23:41,940.9,245.3,0.733,60,340,FALL IMMINENT
2026-06-06 19:23:41,921.4,231.2,0.697,60,340,FALL IMMINENT
2026-06-06 19:23:41,921.4,231.2,0.697,60,340,FALL IMMINENT
2026-06-06 19:23:41,921.4,231.2,0.697,60,340,FALL IMMINENT
2026-06-06 19:23:41,918.0,227.6,0.693,60,340,FALL IMMINENT
2026-06-06 19:23:41,918.0,227.6,0.693,60,340,FALL IMMINENT
2026-06-06 19:23:41,918.0,227.6,0.693,60,340,FALL IMMINENT
2026-06-06 19:23:42,941.0,237.1,0.723,60,340,FALL IMMINENT
2026-06-06 19:23:42,941.0,237.1,0.723,60,340,FALL IMMINENT
2026-06-06 19:23:42,941.0,237.1,0.723,60,340,FALL IMMINENT
2026-06-06 19:23:43,939.4,238.9,0.726,60,340,FALL IMMINENT
2026-06-06 19:23:43,928.7,231.3,0.711,60,340,FALL IMMINENT
2026-06-06 19:23:43,928.7,231.3,0.711,60,340,FALL IMMINENT
2026-06-06 19:23:43,928.7,231.3,0.711,60,340,FALL IMMINENT
2026-06-06 19:23:43,921.7,229.9,0.687,60,340,FALL IMMINENT
2026-06-06 19:23:43,921.7,229.9,0.687,60,340,FALL IMMINENT
2026-06-06 19:23:43,921.7,229.9,0.687,60,340,FALL IMMINENT
2026-06-06 19:23:43,934.0,240.9,0.714,60,340,FALL IMMINENT
2026-06-06 19:23:43,934.0,240.9,0.714,60,340,FALL IMMINENT
2026-06-06 19:23:43,934.0,240.9,0.714,60,340,FALL IMMINENT
2026-06-06 19:23:44,928.5,224.0,0.674,60,340,FALL IMMINENT
2026-06-06 19:23:44,928.5,224.0,0.674,60,340,FALL IMMINENT
2026-06-06 19:23:44,928.5,224.0,0.674,60,340,FALL IMMINENT
2026-06-06 19:23:44,922.0,233.3,0.696,60,340,FALL IMMINENT
2026-06-06 19:23:44,922.0,233.3,0.696,60,340,FALL IMMINENT
2026-06-06 19:23:44,922.0,233.3,0.696,60,340,FALL IMMINENT
2026-06-06 19:23:45,683.2,165.8,1.085,60,340,FALL IMMINENT
2026-06-06 19:23:45,683.2,165.8,1.085,60,340,FALL IMMINENT
2026-06-06 19:23:45,683.2,165.8,1.085,60,340,FALL IMMINENT
2026-06-06 19:23:45,932.9,229.4,0.696,60,340,FALL IMMINENT
2026-06-06 19:23:45,932.9,229.4,0.696,60,340,FALL IMMINENT
2026-06-06 19:23:45,932.9,229.4,0.696,60,340,FALL IMMINENT
2026-06-06 19:23:45,930.4,212.8,0.679,60,340,FALL IMMINENT
2026-06-06 19:23:45,930.4,212.8,0.679,60,340,FALL IMMINENT
2026-06-06 19:23:45,930.4,212.8,0.679,60,340,FALL IMMINENT
2026-06-06 19:23:45,931.1,224.3,0.703,60,340,FALL IMMINENT
2026-06-06 19:23:45,931.1,224.3,0.703,60,340,FALL IMMINENT
2026-06-06 19:23:45,931.1,224.3,0.703,60,340,FALL IMMINENT
2026-06-06 19:23:46,934.3,231.0,0.702,60,340,FALL IMMINENT
2026-06-06 19:23:46,934.3,231.0,0.702,60,340,FALL IMMINENT
2026-06-06 19:23:46,934.3,231.0,0.702,60,340,FALL IMMINENT
2026-06-06 19:23:46,940.2,242.3,0.728,60,340,FALL IMMINENT
2026-06-06 19:23:46,933.0,235.8,0.702,60,340,FALL IMMINENT
2026-06-06 19:23:46,933.0,235.8,0.702,60,340,FALL IMMINENT
2026-06-06 19:23:46,933.0,235.8,0.702,60,340,FALL IMMINENT
2026-06-06 19:23:46,924.7,230.2,0.705,60,340,FALL IMMINENT
2026-06-06 19:23:46,924.7,230.2,0.705,60,340,FALL IMMINENT
2026-06-06 19:23:47,924.7,230.2,0.705,60,340,FALL IMMINENT
2026-06-06 19:23:47,909.9,224.1,0.673,60,340,FALL IMMINENT
2026-06-06 19:23:47,909.9,224.1,0.673,60,340,FALL IMMINENT
2026-06-06 19:23:47,909.9,224.1,0.673,60,340,FALL IMMINENT
2026-06-06 19:23:47,927.8,226.2,0.689,60,340,FALL IMMINENT
2026-06-06 19:23:47,927.8,226.2,0.689,60,340,FALL IMMINENT
2026-06-06 19:23:47,927.8,226.2,0.689,60,340,FALL IMMINENT
2026-06-06 19:23:48,941.6,238.8,0.733,60,340,FALL IMMINENT
2026-06-06 19:23:48,941.6,238.8,0.733,60,340,FALL IMMINENT
2026-06-06 19:23:48,941.6,238.8,0.733,60,340,FALL IMMINENT
2026-06-06 19:23:49,933.8,239.2,0.709,60,340,FALL IMMINENT
2026-06-06 19:23:49,933.8,239.2,0.709,60,340,FALL IMMINENT
2026-06-06 19:23:49,933.8,239.2,0.709,60,340,FALL IMMINENT
2026-06-06 19:23:49,928.5,238.6,0.691,60,340,FALL IMMINENT
2026-06-06 19:23:49,938.3,240.7,0.720,60,340,FALL IMMINENT
2026-06-06 19:23:49,938.3,240.7,0.720,60,340,FALL IMMINENT
2026-06-06 19:23:49,938.3,240.7,0.720,60,340,FALL IMMINENT
2026-06-06 19:23:50,940.2,247.0,0.718,60,340,FALL IMMINENT
2026-06-06 19:23:50,940.2,247.0,0.718,60,340,FALL IMMINENT
2026-06-06 19:23:50,940.2,247.0,0.718,60,340,FALL IMMINENT
2026-06-06 19:23:50,942.0,238.8,0.723,60,340,FALL IMMINENT
2026-06-06 19:23:50,690.2,167.8,1.078,60,340,FALL IMMINENT
2026-06-06 19:23:50,690.2,167.8,1.078,60,340,FALL IMMINENT
2026-06-06 19:23:50,690.2,167.8,1.078,60,340,FALL IMMINENT
2026-06-06 19:23:51,926.0,244.3,0.706,60,340,FALL IMMINENT
2026-06-06 19:23:51,928.6,230.0,0.712,60,340,FALL IMMINENT
2026-06-06 19:23:51,928.6,230.0,0.712,60,340,FALL IMMINENT
2026-06-06 19:23:51,928.6,230.0,0.712,60,340,FALL IMMINENT
2026-06-06 19:23:51,931.7,226.4,0.703,60,340,FALL IMMINENT
2026-06-06 19:23:52,931.7,226.4,0.703,60,340,FALL IMMINENT
2026-06-06 19:23:52,931.7,226.4,0.703,60,340,FALL IMMINENT
2026-06-06 19:23:52,936.1,240.8,0.718,60,340,FALL IMMINENT
2026-06-06 19:23:52,936.1,240.8,0.718,60,340,FALL IMMINENT
2026-06-06 19:23:52,936.1,240.8,0.718,60,340,FALL IMMINENT
2026-06-06 19:23:52,934.3,225.8,0.691,60,340,FALL IMMINENT
2026-06-06 19:23:52,934.3,225.8,0.691,60,340,FALL IMMINENT
2026-06-06 19:23:52,934.3,225.8,0.691,60,340,FALL IMMINENT
2026-06-06 19:23:52,923.2,232.4,0.687,60,340,FALL IMMINENT
2026-06-06 19:23:52,923.2,232.4,0.687,60,340,FALL IMMINENT
2026-06-06 19:23:52,923.2,232.4,0.687,60,340,FALL IMMINENT
2026-06-06 19:23:52,932.7,231.9,0.708,60,340,FALL IMMINENT
2026-06-06 19:23:53,932.7,231.9,0.708,60,340,FALL IMMINENT
2026-06-06 19:23:53,932.7,231.9,0.708,60,340,FALL IMMINENT
2026-06-06 19:23:53,938.8,228.2,0.711,60,340,FALL IMMINENT
2026-06-06 19:23:53,938.8,228.2,0.711,60,340,FALL IMMINENT
2026-06-06 19:23:53,938.8,228.2,0.711,60,340,FALL IMMINENT
2026-06-06 19:23:53,938.1,243.7,0.708,60,340,FALL IMMINENT
2026-06-06 19:23:53,930.7,234.2,0.714,60,340,FALL IMMINENT
2026-06-06 19:23:54,930.7,234.2,0.714,60,340,FALL IMMINENT
2026-06-06 19:23:54,930.7,234.2,0.714,60,340,FALL IMMINENT
2026-06-06 19:23:54,933.5,235.8,0.698,60,340,FALL IMMINENT
2026-06-06 19:23:54,933.5,235.8,0.698,60,340,FALL IMMINENT
2026-06-06 19:23:54,933.5,235.8,0.698,60,340,FALL IMMINENT
2026-06-06 19:23:54,928.9,228.3,0.683,60,340,FALL IMMINENT
2026-06-06 19:23:54,928.9,228.3,0.683,60,340,FALL IMMINENT
2026-06-06 19:23:54,928.9,228.3,0.683,60,340,FALL IMMINENT
2026-06-06 19:23:55,939.0,234.6,0.713,60,340,FALL IMMINENT
2026-06-06 19:23:55,939.0,234.6,0.713,60,340,FALL IMMINENT
2026-06-06 19:23:55,939.0,234.6,0.713,60,340,FALL IMMINENT
2026-06-06 19:23:55,925.2,221.2,0.685,60,340,FALL IMMINENT
2026-06-06 19:23:55,925.2,221.2,0.685,60,340,FALL IMMINENT
2026-06-06 19:23:56,925.2,221.2,0.685,60,340,FALL IMMINENT
2026-06-06 19:23:56,681.6,170.8,1.096,60,340,FALL IMMINENT
2026-06-06 19:23:57,681.6,170.8,1.096,60,340,FALL IMMINENT
2026-06-06 19:23:57,681.6,170.8,1.096,60,340,FALL IMMINENT
2026-06-06 19:23:57,684.6,169.0,1.098,60,340,FALL IMMINENT
2026-06-06 19:23:57,684.6,169.0,1.098,60,340,FALL IMMINENT
2026-06-06 19:23:57,684.6,169.0,1.098,60,340,FALL IMMINENT
2026-06-06 19:23:57,682.5,166.6,1.110,60,340,FALL IMMINENT
2026-06-06 19:23:57,938.8,246.7,0.728,60,340,FALL IMMINENT
2026-06-06 19:23:57,938.8,246.7,0.728,60,340,FALL IMMINENT
2026-06-06 19:23:57,938.8,246.7,0.728,60,340,FALL IMMINENT
2026-06-06 19:23:58,935.4,233.5,0.713,60,340,FALL IMMINENT
2026-06-06 19:23:58,935.4,233.5,0.713,60,340,FALL IMMINENT
2026-06-06 19:23:58,935.4,233.5,0.713,60,340,FALL IMMINENT
2026-06-06 19:23:58,679.1,170.1,1.116,60,340,FALL IMMINENT
2026-06-06 19:24:00,912.3,230.9,0.682,60,340,FALL IMMINENT
2026-06-06 19:24:00,912.3,230.9,0.682,60,340,FALL IMMINENT
2026-06-06 19:24:00,912.3,230.9,0.682,60,340,FALL IMMINENT
2026-06-06 19:24:02,922.0,228.6,0.682,60,340,FALL IMMINENT
2026-06-06 19:24:02,922.0,228.6,0.682,60,340,FALL IMMINENT
2026-06-06 19:24:02,922.0,228.6,0.682,60,340,FALL IMMINENT
2026-06-06 19:24:02,687.7,172.9,1.073,60,340,FALL IMMINENT
2026-06-06 19:24:02,687.7,172.9,1.073,60,340,FALL IMMINENT
2026-06-06 19:24:02,687.7,172.9,1.073,60,340,FALL IMMINENT
2026-06-06 19:24:03,935.3,232.7,0.711,60,340,FALL IMMINENT
2026-06-06 19:24:03,935.3,232.7,0.711,60,340,FALL IMMINENT
2026-06-06 19:24:03,935.3,232.7,0.711,60,340,FALL IMMINENT
2026-06-06 19:24:04,686.9,167.6,1.079,60,340,FALL IMMINENT
2026-06-06 19:24:04,686.9,167.6,1.079,60,340,FALL IMMINENT
2026-06-06 19:24:04,686.9,167.6,1.079,60,340,FALL IMMINENT
2026-06-06 19:24:04,931.2,225.6,0.704,60,340,FALL IMMINENT
2026-06-06 19:24:04,931.2,225.6,0.704,60,340,FALL IMMINENT
2026-06-06 19:24:04,931.2,225.6,0.704,60,340,FALL IMMINENT
2026-06-06 19:24:06,921.2,230.0,0.698,60,340,FALL IMMINENT
2026-06-06 19:24:06,921.2,230.0,0.698,60,340,FALL IMMINENT
2026-06-06 19:24:06,921.2,230.0,0.698,60,340,FALL IMMINENT
2026-06-06 19:24:06,927.6,224.5,0.700,60,340,FALL IMMINENT
2026-06-06 19:24:06,927.6,224.5,0.700,60,340,FALL IMMINENT
2026-06-06 19:24:06,927.6,224.5,0.700,60,340,FALL IMMINENT
2026-06-06 19:24:07,931.9,242.3,0.715,60,340,FALL IMMINENT
2026-06-06 19:24:07,931.9,242.3,0.715,60,340,FALL IMMINENT
2026-06-06 19:24:07,931.9,242.3,0.715,60,340,FALL IMMINENT
2026-06-06 19:24:08,921.6,224.8,0.687,60,340,FALL IMMINENT
2026-06-06 19:24:08,921.6,224.8,0.687,60,340,FALL IMMINENT
2026-06-06 19:24:08,937.4,236.0,0.715,60,340,FALL IMMINENT
2026-06-06 19:24:08,937.4,236.0,0.715,60,340,FALL IMMINENT
2026-06-06 19:24:08,937.4,236.0,0.715,60,340,FALL IMMINENT
2026-06-06 19:24:08,931.2,229.9,0.702,60,340,FALL IMMINENT
2026-06-06 19:24:08,931.2,229.9,0.702,60,340,FALL IMMINENT
2026-06-06 19:24:08,931.2,229.9,0.702,60,340,FALL IMMINENT
2026-06-06 19:24:08,941.3,240.5,0.729,60,340,FALL IMMINENT
2026-06-06 19:24:09,941.3,240.5,0.729,60,340,FALL IMMINENT
2026-06-06 19:24:09,941.3,240.5,0.729,60,340,FALL IMMINENT
2026-06-06 19:24:10,927.4,231.4,0.699,60,340,FALL IMMINENT
2026-06-06 19:24:10,927.4,231.4,0.699,60,340,FALL IMMINENT
2026-06-06 19:24:10,927.4,231.4,0.699,60,340,FALL IMMINENT
2026-06-06 19:24:11,939.9,239.3,0.728,60,340,FALL IMMINENT
2026-06-06 19:24:11,939.9,239.3,0.728,60,340,FALL IMMINENT
2026-06-06 19:24:11,939.9,239.3,0.728,60,340,FALL IMMINENT
2026-06-06 19:24:11,925.3,222.5,0.692,60,340,FALL IMMINENT
2026-06-06 19:24:11,925.3,222.5,0.692,60,340,FALL IMMINENT
2026-06-06 19:24:11,925.3,222.5,0.692,60,340,FALL IMMINENT
2026-06-06 19:24:11,928.0,237.3,0.700,60,340,FALL IMMINENT
2026-06-06 19:24:11,928.0,237.3,0.700,60,340,FALL IMMINENT
2026-06-06 19:24:11,928.0,237.3,0.700,60,340,FALL IMMINENT
2026-06-06 19:24:11,915.6,224.7,0.683,60,340,FALL IMMINENT
2026-06-06 19:24:11,915.6,224.7,0.683,60,340,FALL IMMINENT
2026-06-06 19:24:12,915.6,224.7,0.683,60,340,FALL IMMINENT
2026-06-06 19:24:12,937.6,242.4,0.724,60,340,FALL IMMINENT
2026-06-06 19:24:12,937.6,242.4,0.724,60,340,FALL IMMINENT
2026-06-06 19:24:12,931.6,229.4,0.711,60,340,FALL IMMINENT
2026-06-06 19:24:12,931.6,229.4,0.711,60,340,FALL IMMINENT
2026-06-06 19:24:12,931.6,229.4,0.711,60,340,FALL IMMINENT
2026-06-06 19:24:12,927.9,227.0,0.698,60,340,FALL IMMINENT
2026-06-06 19:24:12,927.9,227.0,0.698,60,340,FALL IMMINENT
2026-06-06 19:24:12,927.9,227.0,0.698,60,340,FALL IMMINENT
2026-06-06 19:24:13,937.8,240.3,0.728,60,340,FALL IMMINENT
2026-06-06 19:24:13,937.8,240.3,0.728,60,340,FALL IMMINENT
2026-06-06 19:24:13,937.8,240.3,0.728,60,340,FALL IMMINENT
2026-06-06 19:24:13,933.2,237.9,0.714,60,340,FALL IMMINENT
2026-06-06 19:24:13,933.2,237.9,0.714,60,340,FALL IMMINENT
2026-06-06 19:24:13,933.2,237.9,0.714,60,340,FALL IMMINENT
2026-06-06 19:24:14,671.7,166.9,1.147,60,340,FALL IMMINENT
2026-06-06 19:24:15,671.7,166.9,1.147,60,340,FALL IMMINENT
2026-06-06 19:24:15,671.7,166.9,1.147,60,340,FALL IMMINENT
2026-06-06 19:24:15,921.5,228.2,0.705,60,340,FALL IMMINENT
2026-06-06 19:24:15,921.5,228.2,0.705,60,340,FALL IMMINENT
2026-06-06 19:24:15,921.5,228.2,0.705,60,340,FALL IMMINENT
2026-06-06 19:24:15,931.1,224.3,0.701,60,340,FALL IMMINENT
2026-06-06 19:24:15,931.1,224.3,0.701,60,340,FALL IMMINENT
2026-06-06 19:24:15,931.1,224.3,0.701,60,340,FALL IMMINENT
2026-06-06 19:24:16,939.3,242.8,0.700,60,340,FALL IMMINENT
2026-06-06 19:24:16,939.3,242.8,0.700,60,340,FALL IMMINENT
2026-06-06 19:24:16,939.3,242.8,0.700,60,340,FALL IMMINENT
2026-06-06 19:24:16,689.8,168.6,1.061,60,340,FALL IMMINENT
2026-06-06 19:24:16,689.8,168.6,1.061,60,340,FALL IMMINENT
2026-06-06 19:24:16,689.8,168.6,1.061,60,340,FALL IMMINENT
2026-06-06 19:24:17,676.9,167.0,1.137,60,340,FALL IMMINENT
2026-06-06 19:24:18,938.6,235.1,0.705,60,340,FALL IMMINENT
2026-06-06 19:24:18,938.6,235.1,0.705,60,340,FALL IMMINENT
2026-06-06 19:24:18,938.6,235.1,0.705,60,340,FALL IMMINENT
2026-06-06 19:24:18,936.4,230.5,0.711,60,340,FALL IMMINENT
2026-06-06 19:24:18,936.4,230.5,0.711,60,340,FALL IMMINENT
2026-06-06 19:24:18,936.4,230.5,0.711,60,340,FALL IMMINENT
2026-06-06 19:24:18,940.4,239.7,0.730,60,340,FALL IMMINENT
2026-06-06 19:24:18,940.4,239.7,0.730,60,340,FALL IMMINENT
2026-06-06 19:24:18,940.4,239.7,0.730,60,340,FALL IMMINENT
2026-06-06 19:24:18,686.8,170.5,1.074,60,340,FALL IMMINENT
2026-06-06 19:24:18,686.8,170.5,1.074,60,340,FALL IMMINENT
2026-06-06 19:24:19,686.8,170.5,1.074,60,340,FALL IMMINENT
2026-06-06 19:24:19,935.9,238.6,0.714,60,340,FALL IMMINENT
2026-06-06 19:24:19,935.9,238.6,0.714,60,340,FALL IMMINENT
2026-06-06 19:24:19,935.9,238.6,0.714,60,340,FALL IMMINENT
2026-06-06 19:24:19,929.0,234.3,0.701,60,340,FALL IMMINENT
2026-06-06 19:24:19,929.0,234.3,0.701,60,340,FALL IMMINENT
2026-06-06 19:24:19,929.0,234.3,0.701,60,340,FALL IMMINENT
2026-06-06 19:24:20,926.7,219.4,0.682,60,340,FALL IMMINENT
2026-06-06 19:24:20,926.7,219.4,0.682,60,340,FALL IMMINENT
2026-06-06 19:24:20,926.7,219.4,0.682,60,340,FALL IMMINENT
2026-06-06 19:24:20,929.6,227.4,0.706,60,340,FALL IMMINENT
2026-06-06 19:24:20,929.6,227.4,0.706,60,340,FALL IMMINENT
2026-06-06 19:24:20,929.6,227.4,0.706,60,340,FALL IMMINENT
2026-06-06 19:24:20,931.1,238.5,0.713,60,340,FALL IMMINENT
2026-06-06 19:24:20,931.1,238.5,0.713,60,340,FALL IMMINENT
2026-06-06 19:24:20,931.1,238.5,0.713,60,340,FALL IMMINENT
2026-06-06 19:24:21,689.1,169.1,1.070,60,340,FALL IMMINENT
2026-06-06 19:24:21,689.1,169.1,1.070,60,340,FALL IMMINENT
2026-06-06 19:24:21,689.1,169.1,1.070,60,340,FALL IMMINENT
2026-06-06 19:24:21,925.9,220.3,0.683,60,340,FALL IMMINENT
2026-06-06 19:24:21,925.9,220.3,0.683,60,340,FALL IMMINENT
2026-06-06 19:24:21,925.9,220.3,0.683,60,340,FALL IMMINENT
2026-06-06 19:24:23,937.1,242.0,0.724,60,340,FALL IMMINENT
2026-06-06 19:24:23,937.1,242.0,0.724,60,340,FALL IMMINENT
2026-06-06 19:24:23,937.1,242.0,0.724,60,340,FALL IMMINENT
2026-06-06 19:24:23,681.5,170.0,1.096,60,340,FALL IMMINENT
2026-06-06 19:24:23,681.5,170.0,1.096,60,340,FALL IMMINENT
2026-06-06 19:24:23,681.5,170.0,1.096,60,340,FALL IMMINENT
2026-06-06 19:24:23,930.8,239.3,0.707,60,340,FALL IMMINENT
2026-06-06 19:24:23,930.8,239.3,0.707,60,340,FALL IMMINENT
2026-06-06 19:24:23,930.8,239.3,0.707,60,340,FALL IMMINENT
2026-06-06 19:24:24,922.8,227.7,0.682,60,340,FALL IMMINENT
2026-06-06 19:24:24,922.8,227.7,0.682,60,340,FALL IMMINENT
2026-06-06 19:24:24,928.8,227.8,0.707,60,340,FALL IMMINENT
2026-06-06 19:24:24,928.8,227.8,0.707,60,340,FALL IMMINENT
2026-06-06 19:24:24,928.8,227.8,0.707,60,340,FALL IMMINENT
2026-06-06 19:24:25,936.8,239.0,0.721,60,340,FALL IMMINENT
2026-06-06 19:24:25,936.8,239.0,0.721,60,340,FALL IMMINENT
2026-06-06 19:24:25,936.8,239.0,0.721,60,340,FALL IMMINENT
2026-06-06 19:24:26,686.2,168.9,1.077,60,340,FALL IMMINENT
2026-06-06 19:24:26,686.2,168.9,1.077,60,340,FALL IMMINENT
2026-06-06 19:24:26,686.2,168.9,1.077,60,340,FALL IMMINENT
2026-06-06 19:24:27,932.0,229.4,0.699,60,340,FALL IMMINENT
2026-06-06 19:24:27,932.0,229.4,0.699,60,340,FALL IMMINENT
2026-06-06 19:24:27,932.0,229.4,0.699,60,340,FALL IMMINENT
2026-06-06 19:24:28,940.4,239.7,0.726,60,340,FALL IMMINENT
2026-06-06 19:24:28,940.4,239.7,0.726,60,340,FALL IMMINENT
2026-06-06 19:24:28,940.4,239.7,0.726,60,340,FALL IMMINENT
2026-06-06 19:24:30,925.0,228.0,0.697,60,340,FALL IMMINENT
2026-06-06 19:24:30,925.0,228.0,0.697,60,340,FALL IMMINENT
2026-06-06 19:24:30,925.0,228.0,0.697,60,340,FALL IMMINENT
2026-06-06 19:24:30,909.3,226.7,0.668,60,340,FALL IMMINENT
2026-06-06 19:24:30,909.3,226.7,0.668,60,340,FALL IMMINENT
2026-06-06 19:24:30,909.3,226.7,0.668,60,340,FALL IMMINENT
2026-06-06 19:24:30,938.9,243.2,0.716,60,340,FALL IMMINENT
2026-06-06 19:24:30,938.9,243.2,0.716,60,340,FALL IMMINENT
2026-06-06 19:24:31,938.9,243.2,0.716,60,340,FALL IMMINENT
2026-06-06 19:24:31,937.7,243.3,0.720,60,340,FALL IMMINENT
2026-06-06 19:24:31,937.7,243.3,0.720,60,340,FALL IMMINENT
2026-06-06 19:24:31,937.7,243.3,0.720,60,340,FALL IMMINENT
2026-06-06 19:24:32,935.6,235.2,0.706,60,340,FALL IMMINENT
2026-06-06 19:24:32,935.6,235.2,0.706,60,340,FALL IMMINENT
2026-06-06 19:24:32,935.6,235.2,0.706,60,340,FALL IMMINENT
2026-06-06 19:24:32,929.7,227.8,0.693,60,340,FALL IMMINENT
2026-06-06 19:24:32,929.7,227.8,0.693,60,340,FALL IMMINENT
2026-06-06 19:24:32,929.7,227.8,0.693,60,340,FALL IMMINENT
2026-06-06 19:24:32,914.7,229.4,0.682,60,340,FALL IMMINENT
2026-06-06 19:24:33,914.7,229.4,0.682,60,340,FALL IMMINENT
2026-06-06 19:24:33,914.7,229.4,0.682,60,340,FALL IMMINENT
2026-06-06 19:24:33,911.9,241.1,0.679,60,340,FALL IMMINENT
2026-06-06 19:24:33,911.9,241.1,0.679,60,340,FALL IMMINENT
2026-06-06 19:24:33,911.9,241.1,0.679,60,340,FALL IMMINENT
2026-06-06 19:24:34,931.7,231.1,0.714,60,340,FALL IMMINENT
2026-06-06 19:24:34,931.7,231.1,0.714,60,340,FALL IMMINENT
2026-06-06 19:24:34,931.7,231.1,0.714,60,340,FALL IMMINENT
2026-06-06 19:24:34,924.6,228.5,0.701,60,340,FALL IMMINENT
2026-06-06 19:24:34,924.6,228.5,0.701,60,340,FALL IMMINENT
2026-06-06 19:24:34,924.6,228.5,0.701,60,340,FALL IMMINENT
2026-06-06 19:24:35,917.0,226.3,0.681,60,340,FALL IMMINENT
2026-06-06 19:24:35,917.0,226.3,0.681,60,340,FALL IMMINENT
2026-06-06 19:24:35,917.0,226.3,0.681,60,340,FALL IMMINENT
2026-06-06 19:24:35,931.7,230.7,0.717,60,340,FALL IMMINENT
2026-06-06 19:24:35,931.7,230.7,0.717,60,340,FALL IMMINENT
2026-06-06 19:24:35,931.7,230.7,0.717,60,340,FALL IMMINENT
2026-06-06 19:24:36,921.6,224.4,0.692,60,340,FALL IMMINENT
2026-06-06 19:24:36,921.6,224.4,0.692,60,340,FALL IMMINENT
2026-06-06 19:24:36,921.6,224.4,0.692,60,340,FALL IMMINENT
2026-06-06 19:24:36,926.3,224.1,0.693,60,340,FALL IMMINENT
2026-06-06 19:24:36,926.3,224.1,0.693,60,340,FALL IMMINENT
2026-06-06 19:24:36,926.3,224.1,0.693,60,340,FALL IMMINENT
2026-06-06 19:24:37,925.1,243.9,0.710,60,340,FALL IMMINENT
2026-06-06 19:24:37,925.1,243.9,0.710,60,340,FALL IMMINENT
2026-06-06 19:24:37,925.1,243.9,0.710,60,340,FALL IMMINENT
2026-06-06 19:24:37,927.1,228.4,0.707,60,340,FALL IMMINENT
2026-06-06 19:24:37,927.1,228.4,0.707,60,340,FALL IMMINENT
2026-06-06 19:24:37,927.1,228.4,0.707,60,340,FALL IMMINENT
2026-06-06 19:24:37,926.0,239.6,0.702,60,340,FALL IMMINENT
2026-06-06 19:24:37,926.0,239.6,0.702,60,340,FALL IMMINENT
2026-06-06 19:24:37,926.0,239.6,0.702,60,340,FALL IMMINENT
2026-06-06 19:24:38,923.2,232.9,0.686,60,340,FALL IMMINENT
2026-06-06 19:24:38,923.2,232.9,0.686,60,340,FALL IMMINENT
2026-06-06 19:24:38,923.2,232.9,0.686,60,340,FALL IMMINENT
2026-06-06 19:24:39,916.4,229.4,0.679,60,340,FALL IMMINENT
2026-06-06 19:24:39,916.4,229.4,0.679,60,340,FALL IMMINENT
2026-06-06 19:24:39,933.9,240.5,0.708,60,340,FALL IMMINENT
2026-06-06 19:24:39,933.9,240.5,0.708,60,340,FALL IMMINENT
2026-06-06 19:24:39,933.9,240.5,0.708,60,340,FALL IMMINENT
2026-06-06 19:24:39,690.1,162.0,1.086,60,340,FALL IMMINENT
2026-06-06 19:24:39,690.1,162.0,1.086,60,340,FALL IMMINENT
2026-06-06 19:24:39,690.1,162.0,1.086,60,340,FALL IMMINENT
2026-06-06 19:24:39,923.2,218.3,0.681,60,340,FALL IMMINENT
2026-06-06 19:24:39,923.2,218.3,0.681,60,340,FALL IMMINENT
2026-06-06 19:24:39,923.2,218.3,0.681,60,340,FALL IMMINENT
2026-06-06 19:24:40,909.9,224.1,0.673,60,340,FALL IMMINENT
2026-06-06 19:24:40,909.9,224.1,0.673,60,340,FALL IMMINENT
2026-06-06 19:24:40,909.9,224.1,0.673,60,340,FALL IMMINENT
2026-06-06 19:24:42,918.6,229.7,0.678,60,340,FALL IMMINENT
2026-06-06 19:24:42,918.6,229.7,0.678,60,340,FALL IMMINENT
2026-06-06 19:24:42,918.6,229.7,0.678,60,340,FALL IMMINENT
2026-06-06 19:24:42,918.6,229.7,0.678,60,340,FALL IMMINENT
2026-06-06 19:24:42,918.6,229.7,0.678,60,340,FALL IMMINENT
2026-06-06 19:24:43,923.5,226.8,0.690,60,340,FALL IMMINENT
2026-06-06 19:24:43,923.5,226.8,0.690,60,340,FALL IMMINENT
2026-06-06 19:24:43,923.5,226.8,0.690,60,340,FALL IMMINENT
2026-06-06 19:24:44,930.0,222.2,0.701,60,340,FALL IMMINENT
2026-06-06 19:24:44,932.7,227.6,0.696,60,340,FALL IMMINENT
2026-06-06 19:24:45,932.7,227.6,0.696,60,340,FALL IMMINENT
2026-06-06 19:24:45,932.7,227.6,0.696,60,340,FALL IMMINENT
2026-06-06 19:24:45,930.4,244.9,0.713,60,340,FALL IMMINENT
2026-06-06 19:24:45,930.4,244.9,0.713,60,340,FALL IMMINENT
2026-06-06 19:24:45,930.4,244.9,0.713,60,340,FALL IMMINENT
2026-06-06 19:24:46,940.2,242.7,0.722,60,340,FALL IMMINENT
2026-06-06 19:24:46,940.2,242.7,0.722,60,340,FALL IMMINENT
2026-06-06 19:24:46,940.2,242.7,0.722,60,340,FALL IMMINENT
2026-06-06 19:24:46,909.6,234.8,0.692,60,340,FALL IMMINENT
2026-06-06 19:24:46,909.6,234.8,0.692,60,340,FALL IMMINENT
2026-06-06 19:24:46,909.6,234.8,0.692,60,340,FALL IMMINENT
2026-06-06 19:24:46,668.8,170.8,1.154,60,340,FALL IMMINENT
2026-06-06 19:24:46,668.8,170.8,1.154,60,340,FALL IMMINENT
2026-06-06 19:24:46,668.8,170.8,1.154,60,340,FALL IMMINENT
2026-06-06 19:24:46,927.1,232.2,0.687,60,340,FALL IMMINENT
2026-06-06 19:24:47,927.1,232.2,0.687,60,340,FALL IMMINENT
2026-06-06 19:24:47,927.1,232.2,0.687,60,340,FALL IMMINENT
2026-06-06 19:24:47,932.2,226.8,0.699,60,340,FALL IMMINENT
2026-06-06 19:24:47,932.2,226.8,0.699,60,340,FALL IMMINENT
2026-06-06 19:24:47,930.5,227.8,0.684,60,340,FALL IMMINENT
2026-06-06 19:24:47,930.5,227.8,0.684,60,340,FALL IMMINENT
2026-06-06 19:24:47,930.5,227.8,0.684,60,340,FALL IMMINENT
2026-06-06 19:24:48,938.8,227.8,0.708,60,340,FALL IMMINENT
2026-06-06 19:24:48,938.8,227.8,0.708,60,340,FALL IMMINENT
2026-06-06 19:24:48,938.8,227.8,0.708,60,340,FALL IMMINENT
2026-06-06 19:24:48,927.7,225.3,0.704,60,340,FALL IMMINENT
2026-06-06 19:24:48,927.7,225.3,0.704,60,340,FALL IMMINENT
2026-06-06 19:24:48,927.7,225.3,0.704,60,340,FALL IMMINENT
2026-06-06 19:24:49,923.5,230.7,0.701,60,340,FALL IMMINENT
2026-06-06 19:24:49,923.5,230.7,0.701,60,340,FALL IMMINENT
2026-06-06 19:24:49,923.5,230.7,0.701,60,340,FALL IMMINENT
2026-06-06 19:24:49,940.0,241.0,0.723,60,340,FALL IMMINENT
2026-06-06 19:24:49,940.0,241.0,0.723,60,340,FALL IMMINENT
2026-06-06 19:24:49,940.0,241.0,0.723,60,340,FALL IMMINENT
2026-06-06 19:24:50,912.8,245.4,0.696,60,340,FALL IMMINENT
2026-06-06 19:24:50,912.8,245.4,0.696,60,340,FALL IMMINENT
2026-06-06 19:24:50,912.8,245.4,0.696,60,340,FALL IMMINENT
2026-06-06 19:24:50,938.4,242.4,0.732,60,340,FALL IMMINENT
2026-06-06 19:24:50,938.4,242.4,0.732,60,340,FALL IMMINENT
2026-06-06 19:24:50,938.4,242.4,0.732,60,340,FALL IMMINENT
2026-06-06 19:24:50,939.4,238.5,0.725,60,340,FALL IMMINENT
2026-06-06 19:24:50,939.4,238.5,0.725,60,340,FALL IMMINENT
2026-06-06 19:24:50,939.4,238.5,0.725,60,340,FALL IMMINENT
2026-06-06 19:24:50,941.4,241.8,0.726,60,340,FALL IMMINENT
2026-06-06 19:24:51,941.4,241.8,0.726,60,340,FALL IMMINENT
2026-06-06 19:24:51,941.4,241.8,0.726,60,340,FALL IMMINENT
2026-06-06 19:24:51,927.0,226.7,0.694,60,340,FALL IMMINENT
2026-06-06 19:24:51,927.0,226.7,0.694,60,340,FALL IMMINENT
2026-06-06 19:24:51,927.0,226.7,0.694,60,340,FALL IMMINENT
2026-06-06 19:24:51,929.3,233.4,0.714,60,340,FALL IMMINENT
2026-06-06 19:24:51,929.3,233.4,0.714,60,340,FALL IMMINENT
2026-06-06 19:24:51,926.7,219.4,0.694,60,340,FALL IMMINENT
2026-06-06 19:24:51,926.7,219.4,0.694,60,340,FALL IMMINENT
2026-06-06 19:24:51,926.7,219.4,0.694,60,340,FALL IMMINENT
2026-06-06 19:24:51,930.4,226.5,0.705,60,340,FALL IMMINENT
2026-06-06 19:24:51,930.4,226.5,0.705,60,340,FALL IMMINENT
2026-06-06 19:24:51,930.4,226.5,0.705,60,340,FALL IMMINENT
2026-06-06 19:24:52,940.6,242.7,0.721,60,340,FALL IMMINENT
2026-06-06 19:24:52,940.6,242.7,0.721,60,340,FALL IMMINENT
2026-06-06 19:24:52,940.6,242.7,0.721,60,340,FALL IMMINENT
2026-06-06 19:24:52,928.5,228.7,0.695,60,340,FALL IMMINENT
2026-06-06 19:24:52,928.5,228.7,0.695,60,340,FALL IMMINENT
2026-06-06 19:24:52,928.5,228.7,0.695,60,340,FALL IMMINENT
2026-06-06 19:24:52,929.1,226.5,0.704,60,340,FALL IMMINENT
2026-06-06 19:24:52,935.9,233.5,0.716,60,340,FALL IMMINENT
2026-06-06 19:24:52,935.9,233.5,0.716,60,340,FALL IMMINENT
2026-06-06 19:24:53,935.9,233.5,0.716,60,340,FALL IMMINENT
2026-06-06 19:24:53,941.8,241.4,0.724,60,340,FALL IMMINENT
2026-06-06 19:24:53,941.8,241.4,0.724,60,340,FALL IMMINENT
2026-06-06 19:24:53,941.8,241.4,0.724,60,340,FALL IMMINENT
2026-06-06 19:24:53,927.5,227.5,0.707,60,340,FALL IMMINENT
2026-06-06 19:24:53,927.5,227.5,0.707,60,340,FALL IMMINENT
2026-06-06 19:24:53,927.5,227.5,0.707,60,340,FALL IMMINENT
2026-06-06 19:24:53,927.5,227.5,0.707,60,340,FALL IMMINENT
2026-06-06 19:24:54,930.5,245.4,0.712,60,340,FALL IMMINENT
2026-06-06 19:24:54,930.5,245.4,0.712,60,340,FALL IMMINENT
2026-06-06 19:24:54,930.5,245.4,0.712,60,340,FALL IMMINENT
2026-06-06 19:24:55,924.3,216.5,0.678,60,340,FALL IMMINENT
2026-06-06 19:24:55,924.3,216.5,0.678,60,340,FALL IMMINENT
2026-06-06 19:24:55,924.3,216.5,0.678,60,340,FALL IMMINENT
2026-06-06 19:24:55,919.8,223.6,0.684,60,340,FALL IMMINENT
2026-06-06 19:24:55,919.8,223.6,0.684,60,340,FALL IMMINENT
2026-06-06 19:24:55,919.8,223.6,0.684,60,340,FALL IMMINENT
2026-06-06 19:24:56,925.0,224.2,0.689,60,340,FALL IMMINENT
2026-06-06 19:24:56,925.0,224.2,0.689,60,340,FALL IMMINENT
2026-06-06 19:24:56,925.0,224.2,0.689,60,340,FALL IMMINENT
2026-06-06 19:24:56,931.4,232.4,0.710,60,340,FALL IMMINENT
2026-06-06 19:24:56,931.4,232.4,0.710,60,340,FALL IMMINENT
2026-06-06 19:24:57,931.4,232.4,0.710,60,340,FALL IMMINENT
2026-06-06 19:24:58,907.9,234.9,0.658,60,340,FALL IMMINENT
2026-06-06 19:24:58,907.9,234.9,0.658,60,340,FALL IMMINENT
2026-06-06 19:24:58,907.9,234.9,0.658,60,340,FALL IMMINENT
2026-06-06 19:24:59,912.7,231.3,0.687,60,340,FALL IMMINENT
2026-06-06 19:24:59,912.7,231.3,0.687,60,340,FALL IMMINENT
2026-06-06 19:24:59,912.7,231.3,0.687,60,340,FALL IMMINENT
2026-06-06 19:25:00,938.1,243.7,0.727,60,340,FALL IMMINENT
2026-06-06 19:25:00,938.1,243.7,0.727,60,340,FALL IMMINENT
2026-06-06 19:25:00,938.1,243.7,0.727,60,340,FALL IMMINENT
2026-06-06 19:25:00,937.9,237.2,0.715,60,340,FALL IMMINENT
2026-06-06 19:25:00,937.9,237.2,0.715,60,340,FALL IMMINENT
2026-06-06 19:25:00,937.9,237.2,0.715,60,340,FALL IMMINENT
2026-06-06 19:25:01,917.2,233.2,0.699,60,340,FALL IMMINENT
2026-06-06 19:25:02,917.2,233.2,0.699,60,340,FALL IMMINENT
2026-06-06 19:25:02,917.2,233.2,0.699,60,340,FALL IMMINENT
2026-06-06 19:25:02,930.8,234.6,0.705,60,340,FALL IMMINENT
2026-06-06 19:25:02,930.8,234.6,0.705,60,340,FALL IMMINENT
2026-06-06 19:25:02,930.8,234.6,0.705,60,340,FALL IMMINENT
2026-06-06 19:25:03,928.2,226.2,0.695,60,340,FALL IMMINENT
2026-06-06 19:25:03,929.4,239.0,0.700,60,340,FALL IMMINENT
2026-06-06 19:25:03,929.4,239.0,0.700,60,340,FALL IMMINENT
2026-06-06 19:25:03,929.4,239.0,0.700,60,340,FALL IMMINENT
2026-06-06 19:25:03,926.0,239.1,0.706,60,340,FALL IMMINENT
2026-06-06 19:25:03,926.0,239.1,0.706,60,340,FALL IMMINENT
2026-06-06 19:25:03,926.0,239.1,0.706,60,340,FALL IMMINENT
2026-06-06 19:25:03,936.9,239.9,0.724,60,340,FALL IMMINENT
2026-06-06 19:25:04,936.9,239.9,0.724,60,340,FALL IMMINENT
2026-06-06 19:25:04,936.9,239.9,0.724,60,340,FALL IMMINENT
2026-06-06 19:25:04,937.3,239.4,0.720,60,340,FALL IMMINENT
2026-06-06 19:25:04,937.3,239.4,0.720,60,340,FALL IMMINENT
2026-06-06 19:25:04,937.3,239.4,0.720,60,340,FALL IMMINENT
2026-06-06 19:25:05,933.7,242.6,0.716,60,340,FALL IMMINENT
2026-06-06 19:25:05,933.2,228.0,0.685,60,340,FALL IMMINENT
2026-06-06 19:25:05,933.2,228.0,0.685,60,340,FALL IMMINENT
2026-06-06 19:25:05,933.2,228.0,0.685,60,340,FALL IMMINENT
2026-06-06 19:25:06,931.7,235.0,0.700,60,340,FALL IMMINENT
2026-06-06 19:25:06,922.2,226.1,0.684,60,340,FALL IMMINENT
2026-06-06 19:25:06,922.2,226.1,0.684,60,340,FALL IMMINENT
2026-06-06 19:25:06,922.2,226.1,0.684,60,340,FALL IMMINENT
2026-06-06 19:25:07,931.4,241.5,0.700,60,340,FALL IMMINENT
2026-06-06 19:25:07,931.4,241.5,0.700,60,340,FALL IMMINENT
2026-06-06 19:25:07,931.4,241.5,0.700,60,340,FALL IMMINENT
2026-06-06 19:25:07,941.6,238.8,0.733,60,340,FALL IMMINENT
2026-06-06 19:25:07,933.5,231.5,0.706,60,340,FALL IMMINENT
2026-06-06 19:25:07,933.5,231.5,0.706,60,340,FALL IMMINENT
2026-06-06 19:25:07,933.5,231.5,0.706,60,340,FALL IMMINENT
2026-06-06 19:25:07,940.8,244.4,0.726,60,340,FALL IMMINENT
2026-06-06 19:25:07,940.8,244.4,0.726,60,340,FALL IMMINENT
2026-06-06 19:25:08,940.8,244.4,0.726,60,340,FALL IMMINENT
2026-06-06 19:25:08,935.7,240.8,0.718,60,340,FALL IMMINENT
2026-06-06 19:25:08,935.7,240.8,0.718,60,340,FALL IMMINENT
2026-06-06 19:25:08,935.7,240.8,0.718,60,340,FALL IMMINENT
2026-06-06 19:25:08,930.9,240.2,0.702,60,340,FALL IMMINENT
2026-06-06 19:25:08,930.9,240.2,0.702,60,340,FALL IMMINENT
2026-06-06 19:25:08,930.9,240.2,0.702,60,340,FALL IMMINENT
2026-06-06 19:25:08,940.2,242.7,0.731,60,340,FALL IMMINENT
2026-06-06 19:25:09,940.2,242.7,0.731,60,340,FALL IMMINENT
2026-06-06 19:25:09,940.2,242.7,0.731,60,340,FALL IMMINENT
2026-06-06 19:25:09,939.1,240.2,0.721,60,340,FALL IMMINENT
2026-06-06 19:25:09,939.1,240.2,0.721,60,340,FALL IMMINENT
2026-06-06 19:25:09,939.1,240.2,0.721,60,340,FALL IMMINENT
2026-06-06 19:25:09,932.3,227.7,0.700,60,340,FALL IMMINENT
2026-06-06 19:25:09,935.1,244.3,0.714,60,340,FALL IMMINENT
2026-06-06 19:25:09,935.1,244.3,0.714,60,340,FALL IMMINENT
2026-06-06 19:25:09,935.1,244.3,0.714,60,340,FALL IMMINENT
2026-06-06 19:25:09,937.0,241.2,0.708,60,340,FALL IMMINENT
2026-06-06 19:25:09,937.0,241.2,0.708,60,340,FALL IMMINENT
2026-06-06 19:25:09,937.0,241.2,0.708,60,340,FALL IMMINENT
2026-06-06 19:25:10,932.8,242.2,0.702,60,340,FALL IMMINENT
2026-06-06 19:25:10,932.8,242.2,0.702,60,340,FALL IMMINENT
2026-06-06 19:25:10,932.8,242.2,0.702,60,340,FALL IMMINENT
2026-06-06 19:25:10,916.3,237.5,0.689,60,340,FALL IMMINENT
2026-06-06 19:25:10,936.8,233.9,0.718,60,340,FALL IMMINENT
2026-06-06 19:25:10,936.8,233.9,0.718,60,340,FALL IMMINENT
2026-06-06 19:25:10,936.8,233.9,0.718,60,340,FALL IMMINENT
2026-06-06 19:25:12,931.7,226.4,0.701,60,340,FALL IMMINENT
2026-06-06 19:25:12,931.7,226.4,0.701,60,340,FALL IMMINENT
2026-06-06 19:25:12,931.6,234.1,0.704,60,340,FALL IMMINENT
2026-06-06 19:25:12,931.6,234.1,0.704,60,340,FALL IMMINENT
2026-06-06 19:25:12,931.6,234.1,0.704,60,340,FALL IMMINENT
2026-06-06 19:25:13,913.8,224.4,0.682,60,340,FALL IMMINENT
2026-06-06 19:25:13,931.3,231.6,0.710,60,340,FALL IMMINENT
2026-06-06 19:25:13,931.3,231.6,0.710,60,340,FALL IMMINENT
2026-06-06 19:25:14,931.3,231.6,0.710,60,340,FALL IMMINENT
2026-06-06 19:25:14,925.2,226.3,0.686,60,340,FALL IMMINENT
2026-06-06 19:25:14,925.2,226.3,0.686,60,340,FALL IMMINENT
2026-06-06 19:25:14,925.2,226.3,0.686,60,340,FALL IMMINENT
2026-06-06 19:25:14,914.5,231.6,0.681,60,340,FALL IMMINENT
2026-06-06 19:25:14,914.5,231.6,0.681,60,340,FALL IMMINENT
2026-06-06 19:25:14,914.5,231.6,0.681,60,340,FALL IMMINENT
2026-06-06 19:25:14,908.1,227.6,0.670,60,340,FALL IMMINENT
2026-06-06 19:25:14,908.1,227.6,0.670,60,340,FALL IMMINENT
2026-06-06 19:25:14,908.1,227.6,0.670,60,340,FALL IMMINENT
2026-06-06 19:25:15,928.0,242.1,0.710,60,340,FALL IMMINENT
2026-06-06 19:25:15,928.0,242.1,0.710,60,340,FALL IMMINENT
2026-06-06 19:25:15,928.0,242.1,0.710,60,340,FALL IMMINENT
2026-06-06 19:25:15,937.7,239.0,0.710,60,340,FALL IMMINENT
2026-06-06 19:25:15,937.7,239.0,0.710,60,340,FALL IMMINENT
2026-06-06 19:25:17,685.5,170.1,1.068,60,340,FALL IMMINENT
2026-06-06 19:25:17,685.5,170.1,1.068,60,340,FALL IMMINENT
2026-06-06 19:25:17,685.5,170.1,1.068,60,340,FALL IMMINENT
2026-06-06 19:25:17,923.4,235.0,0.700,60,340,FALL IMMINENT
2026-06-06 19:25:17,923.4,235.0,0.700,60,340,FALL IMMINENT
2026-06-06 19:25:17,923.4,235.0,0.700,60,340,FALL IMMINENT
2026-06-06 19:25:17,931.1,233.7,0.709,60,340,FALL IMMINENT
2026-06-06 19:25:17,933.3,233.6,0.708,60,340,FALL IMMINENT
2026-06-06 19:25:17,933.3,233.6,0.708,60,340,FALL IMMINENT
2026-06-06 19:25:18,933.3,233.6,0.708,60,340,FALL IMMINENT
2026-06-06 19:25:18,921.8,231.6,0.701,60,340,FALL IMMINENT
2026-06-06 19:25:18,921.8,231.6,0.701,60,340,FALL IMMINENT
2026-06-06 19:25:18,921.8,231.6,0.701,60,340,FALL IMMINENT
2026-06-06 19:25:18,692.3,163.5,1.056,60,340,FALL IMMINENT
2026-06-06 19:25:18,692.3,163.5,1.056,60,340,FALL IMMINENT
2026-06-06 19:25:18,692.3,163.5,1.056,60,340,FALL IMMINENT
2026-06-06 19:25:18,924.0,226.8,0.693,60,340,FALL IMMINENT
2026-06-06 19:25:19,927.5,232.2,0.703,60,340,FALL IMMINENT
2026-06-06 19:25:19,927.5,232.2,0.703,60,340,FALL IMMINENT
2026-06-06 19:25:19,927.5,232.2,0.703,60,340,FALL IMMINENT
2026-06-06 19:25:19,939.1,244.5,0.722,60,340,FALL IMMINENT
2026-06-06 19:25:19,939.1,244.5,0.722,60,340,FALL IMMINENT
2026-06-06 19:25:19,939.1,244.5,0.722,60,340,FALL IMMINENT
2026-06-06 19:25:19,941.2,239.2,0.733,60,340,FALL IMMINENT
2026-06-06 19:25:19,941.2,239.2,0.733,60,340,FALL IMMINENT
2026-06-06 19:25:19,941.2,239.2,0.733,60,340,FALL IMMINENT
2026-06-06 19:25:20,939.0,234.2,0.715,60,340,FALL IMMINENT
2026-06-06 19:25:20,939.0,234.2,0.715,60,340,FALL IMMINENT
2026-06-06 19:25:20,939.0,234.2,0.715,60,340,FALL IMMINENT
2026-06-06 19:25:20,925.6,230.6,0.693,60,340,FALL IMMINENT
2026-06-06 19:25:20,925.6,230.6,0.693,60,340,FALL IMMINENT
2026-06-06 19:25:20,925.6,230.6,0.693,60,340,FALL IMMINENT
2026-06-06 19:25:20,940.0,240.6,0.728,60,340,FALL IMMINENT
2026-06-06 19:25:20,940.0,240.6,0.728,60,340,FALL IMMINENT
2026-06-06 19:25:20,940.0,240.6,0.728,60,340,FALL IMMINENT
2026-06-06 19:25:22,932.0,229.4,0.707,60,340,FALL IMMINENT
2026-06-06 19:25:22,932.0,229.4,0.707,60,340,FALL IMMINENT
2026-06-06 19:25:22,932.0,229.4,0.707,60,340,FALL IMMINENT
2026-06-06 19:25:22,926.1,235.7,0.705,60,340,FALL IMMINENT
2026-06-06 19:25:22,926.1,235.7,0.705,60,340,FALL IMMINENT
2026-06-06 19:25:22,926.1,235.7,0.705,60,340,FALL IMMINENT
2026-06-06 19:25:23,913.8,232.9,0.677,60,340,FALL IMMINENT
2026-06-06 19:25:23,913.8,232.9,0.677,60,340,FALL IMMINENT
2026-06-06 19:25:23,913.8,232.9,0.677,60,340,FALL IMMINENT
2026-06-06 19:25:23,917.7,233.1,0.683,60,340,FALL IMMINENT
2026-06-06 19:25:23,917.7,233.1,0.683,60,340,FALL IMMINENT
2026-06-06 19:25:23,917.7,233.1,0.683,60,340,FALL IMMINENT
2026-06-06 19:25:24,930.1,241.5,0.692,60,340,FALL IMMINENT
2026-06-06 19:25:24,930.1,241.5,0.692,60,340,FALL IMMINENT
2026-06-06 19:25:24,930.1,241.5,0.692,60,340,FALL IMMINENT
2026-06-06 19:25:24,684.9,172.6,1.100,60,340,FALL IMMINENT
2026-06-06 19:25:24,684.9,172.6,1.100,60,340,FALL IMMINENT
2026-06-06 19:25:24,684.9,172.6,1.100,60,340,FALL IMMINENT
2026-06-06 19:25:25,926.6,227.5,0.691,60,340,FALL IMMINENT
2026-06-06 19:25:25,928.9,228.3,0.693,60,340,FALL IMMINENT
2026-06-06 19:25:25,928.9,228.3,0.693,60,340,FALL IMMINENT
2026-06-06 19:25:25,928.9,228.3,0.693,60,340,FALL IMMINENT
2026-06-06 19:25:25,930.3,243.7,0.716,60,340,FALL IMMINENT
2026-06-06 19:25:25,930.3,243.7,0.716,60,340,FALL IMMINENT
2026-06-06 19:25:25,930.3,243.7,0.716,60,340,FALL IMMINENT
2026-06-06 19:25:25,936.8,238.6,0.722,60,340,FALL IMMINENT
2026-06-06 19:25:26,936.8,238.6,0.722,60,340,FALL IMMINENT
2026-06-06 19:25:26,936.8,238.6,0.722,60,340,FALL IMMINENT
2026-06-06 19:25:26,918.8,240.4,0.688,60,340,FALL IMMINENT
2026-06-06 19:25:26,918.8,240.4,0.688,60,340,FALL IMMINENT
2026-06-06 19:25:26,918.8,240.4,0.688,60,340,FALL IMMINENT
2026-06-06 19:25:26,940.0,240.6,0.730,60,340,FALL IMMINENT
2026-06-06 19:25:26,940.0,240.6,0.730,60,340,FALL IMMINENT
2026-06-06 19:25:26,940.0,240.6,0.730,60,340,FALL IMMINENT
2026-06-06 19:25:26,931.6,244.0,0.710,60,340,FALL IMMINENT
2026-06-06 19:25:26,931.6,244.0,0.710,60,340,FALL IMMINENT
2026-06-06 19:25:26,931.6,244.0,0.710,60,340,FALL IMMINENT
2026-06-06 19:25:27,928.8,227.8,0.691,60,340,FALL IMMINENT
2026-06-06 19:25:27,924.5,232.4,0.700,60,340,FALL IMMINENT
2026-06-06 19:25:27,924.5,232.4,0.700,60,340,FALL IMMINENT
2026-06-06 19:25:27,924.5,232.4,0.700,60,340,FALL IMMINENT
2026-06-06 19:25:27,926.4,238.7,0.706,60,340,FALL IMMINENT
2026-06-06 19:25:27,926.4,238.7,0.706,60,340,FALL IMMINENT
2026-06-06 19:25:27,926.4,238.7,0.706,60,340,FALL IMMINENT
2026-06-06 19:25:28,935.7,236.1,0.711,60,340,FALL IMMINENT
2026-06-06 19:25:28,935.7,236.1,0.711,60,340,FALL IMMINENT
2026-06-06 19:25:28,907.7,232.8,0.681,60,340,FALL IMMINENT
2026-06-06 19:25:28,907.7,232.8,0.681,60,340,FALL IMMINENT
2026-06-06 19:25:28,907.7,232.8,0.681,60,340,FALL IMMINENT
2026-06-06 19:25:28,917.8,234.4,0.703,60,340,FALL IMMINENT
2026-06-06 19:25:28,917.8,234.4,0.703,60,340,FALL IMMINENT
2026-06-06 19:25:28,917.8,234.4,0.703,60,340,FALL IMMINENT
2026-06-06 19:25:29,934.7,239.6,0.722,60,340,FALL IMMINENT
2026-06-06 19:25:29,934.7,239.6,0.722,60,340,FALL IMMINENT
2026-06-06 19:25:29,934.7,239.6,0.722,60,340,FALL IMMINENT
2026-06-06 19:25:29,940.4,245.3,0.717,60,340,FALL IMMINENT
2026-06-06 19:25:29,940.4,245.3,0.717,60,340,FALL IMMINENT
2026-06-06 19:25:29,940.4,245.3,0.717,60,340,FALL IMMINENT
2026-06-06 19:25:30,931.0,241.9,0.708,60,340,FALL IMMINENT
2026-06-06 19:25:30,931.0,241.9,0.708,60,340,FALL IMMINENT
2026-06-06 19:25:30,931.0,241.9,0.708,60,340,FALL IMMINENT
2026-06-06 19:25:31,933.6,237.5,0.713,60,340,FALL IMMINENT
2026-06-06 19:25:31,933.6,237.5,0.713,60,340,FALL IMMINENT
2026-06-06 19:25:31,933.6,237.5,0.713,60,340,FALL IMMINENT
2026-06-06 19:25:31,928.6,234.3,0.689,60,340,FALL IMMINENT
2026-06-06 19:25:31,928.6,234.3,0.689,60,340,FALL IMMINENT
2026-06-06 19:25:31,931.4,241.9,0.714,60,340,FALL IMMINENT
2026-06-06 19:25:32,931.4,241.9,0.714,60,340,FALL IMMINENT
2026-06-06 19:25:32,931.4,241.9,0.714,60,340,FALL IMMINENT
2026-06-06 19:30:04,200.4,185.7,0.943,60,340,STABLE
2026-06-06 19:30:04,200.7,185.7,0.941,60,340,STABLE
2026-06-06 19:30:04,200.7,185.7,0.941,60,340,STABLE
2026-06-06 19:30:04,200.7,185.7,0.941,60,340,STABLE
2026-06-06 19:30:05,200.4,186.1,0.938,60,340,STABLE
2026-06-06 19:30:05,200.4,186.1,0.938,60,340,STABLE
2026-06-06 19:30:05,200.4,186.1,0.938,60,340,STABLE
2026-06-06 19:30:05,200.0,185.7,0.938,60,340,STABLE
2026-06-06 19:30:05,200.0,185.7,0.938,60,340,STABLE
2026-06-06 19:30:06,200.0,185.7,0.938,60,340,STABLE
2026-06-06 19:30:06,200.4,185.7,0.940,60,340,STABLE
2026-06-06 19:30:06,200.4,185.7,0.940,60,340,STABLE
2026-06-06 19:30:07,200.4,185.7,0.940,60,340,STABLE
2026-06-06 19:30:07,200.4,185.7,0.940,60,340,STABLE
2026-06-06 19:30:07,200.4,185.7,0.940,60,340,STABLE
2026-06-06 19:30:08,200.4,185.7,0.940,60,340,STABLE
2026-06-06 19:30:08,200.4,185.7,0.940,60,340,STABLE
2026-06-06 19:30:08,200.4,185.7,0.940,60,340,STABLE
2026-06-06 19:30:09,200.3,184.5,0.941,60,340,STABLE
2026-06-06 19:30:09,200.3,184.5,0.941,60,340,STABLE
2026-06-06 19:30:09,200.3,184.5,0.941,60,340,STABLE
2026-06-06 19:30:10,200.3,184.5,0.941,60,340,STABLE
2026-06-06 19:30:10,200.4,185.3,0.938,60,340,STABLE
2026-06-06 19:30:10,200.4,186.4,0.933,60,340,STABLE
2026-06-06 19:30:10,200.4,186.4,0.933,60,340,STABLE
2026-06-06 19:30:10,200.4,186.4,0.933,60,340,STABLE
2026-06-06 19:30:11,200.0,185.7,0.935,60,340,STABLE
2026-06-06 19:30:11,200.0,185.7,0.935,60,340,STABLE
2026-06-06 19:30:11,200.7,186.0,0.936,60,340,STABLE
2026-06-06 19:30:11,200.7,186.0,0.936,60,340,STABLE
2026-06-06 19:30:12,200.7,186.0,0.936,60,340,STABLE
2026-06-06 19:30:12,200.0,185.7,0.941,60,340,STABLE
2026-06-06 19:30:12,200.0,185.7,0.941,60,340,STABLE
2026-06-06 19:30:12,201.0,184.9,0.940,60,340,STABLE
2026-06-06 19:30:12,201.0,184.9,0.940,60,340,STABLE
2026-06-06 19:30:13,201.0,184.9,0.940,60,340,STABLE
2026-06-06 19:30:13,200.4,185.3,0.941,60,340,STABLE
2026-06-06 19:30:13,200.4,185.3,0.941,60,340,STABLE
2026-06-06 19:30:13,200.3,184.5,0.941,60,340,STABLE
2026-06-06 19:30:14,200.3,184.5,0.941,60,340,STABLE
2026-06-06 19:30:14,200.3,184.5,0.941,60,340,STABLE
2026-06-06 19:30:14,200.7,184.9,0.941,60,340,STABLE
2026-06-06 19:30:14,200.7,184.9,0.941,60,340,STABLE
2026-06-06 19:30:15,199.7,185.3,0.935,60,340,STABLE
2026-06-06 19:30:15,199.7,185.3,0.935,60,340,STABLE
2026-06-06 19:30:15,199.7,185.3,0.935,60,340,STABLE
2026-06-06 19:30:15,199.7,185.7,0.939,60,340,STABLE
2026-06-06 19:30:15,199.7,185.7,0.939,60,340,STABLE
2026-06-06 19:30:16,199.7,185.7,0.939,60,340,STABLE
2026-06-06 19:30:16,199.7,185.7,0.939,60,340,STABLE
2026-06-06 19:30:16,199.7,185.7,0.939,60,340,STABLE
2026-06-06 19:30:16,200.4,186.1,0.938,60,340,STABLE
2026-06-06 19:30:16,200.4,186.1,0.938,60,340,STABLE
2026-06-06 19:30:17,200.7,186.0,0.936,60,340,STABLE
2026-06-06 19:30:17,200.7,186.0,0.936,60,340,STABLE
2026-06-06 19:30:17,200.7,186.0,0.936,60,340,STABLE
2026-06-06 19:30:17,201.9,187.9,0.945,60,340,STABLE
2026-06-06 19:30:17,201.9,187.9,0.945,60,340,STABLE
2026-06-06 19:30:18,201.1,185.6,0.955,60,340,STABLE
2026-06-06 19:30:18,201.1,185.6,0.955,60,340,STABLE
2026-06-06 19:30:18,201.1,185.6,0.955,60,340,STABLE
2026-06-06 19:30:18,199.2,183.8,0.955,60,340,STABLE
2026-06-06 19:30:18,199.2,183.8,0.955,60,340,STABLE
2026-06-06 19:30:19,199.2,183.8,0.955,60,340,STABLE
2026-06-06 19:30:19,200.4,185.7,0.946,60,340,STABLE
2026-06-06 19:30:19,200.4,185.7,0.946,60,340,STABLE
2026-06-06 19:30:19,200.4,185.7,0.946,60,340,STABLE
2026-06-06 19:30:19,200.8,186.8,0.942,60,340,STABLE
2026-06-06 19:30:20,200.8,186.8,0.942,60,340,STABLE
2026-06-06 19:30:20,201.5,186.4,0.944,60,340,STABLE
2026-06-06 19:30:20,201.5,186.4,0.944,60,340,STABLE
2026-06-06 19:30:20,201.5,186.4,0.944,60,340,STABLE
2026-06-06 19:30:21,200.8,187.2,0.944,60,340,STABLE
2026-06-06 19:30:21,200.8,187.2,0.944,60,340,STABLE
2026-06-06 19:30:21,200.4,186.8,0.944,60,340,STABLE
2026-06-06 19:30:21,200.4,186.8,0.944,60,340,STABLE
2026-06-06 19:30:21,200.4,186.8,0.944,60,340,STABLE
2026-06-06 19:30:22,201.1,186.8,0.944,60,340,STABLE
2026-06-06 19:30:22,201.1,186.8,0.944,60,340,STABLE
2026-06-06 19:30:22,201.1,186.8,0.944,60,340,STABLE
2026-06-06 19:30:22,201.5,186.4,0.941,60,340,STABLE
2026-06-06 19:30:22,201.5,186.4,0.941,60,340,STABLE
2026-06-06 19:30:22,201.5,186.4,0.941,60,340,STABLE
2026-06-06 19:30:23,200.8,186.4,0.947,60,340,STABLE
2026-06-06 19:30:23,200.8,186.4,0.947,60,340,STABLE
2026-06-06 19:30:23,200.8,186.4,0.947,60,340,STABLE
2026-06-06 19:30:23,200.8,186.4,0.938,60,340,STABLE
2026-06-06 19:30:23,201.1,187.2,0.942,60,340,STABLE
2026-06-06 19:30:24,201.1,187.2,0.942,60,340,STABLE
2026-06-06 19:30:24,201.1,187.2,0.942,60,340,STABLE
2026-06-06 19:30:24,200.4,186.4,0.942,60,340,STABLE
2026-06-06 19:30:24,200.4,186.4,0.942,60,340,STABLE
2026-06-06 19:30:25,201.1,186.4,0.943,60,340,STABLE
2026-06-06 19:30:25,201.1,186.4,0.943,60,340,STABLE
2026-06-06 19:30:25,201.1,186.4,0.943,60,340,STABLE
2026-06-06 19:30:25,200.8,186.8,0.942,60,340,STABLE
2026-06-06 19:30:25,200.8,186.8,0.942,60,340,STABLE
2026-06-06 19:30:26,200.4,186.8,0.941,60,340,STABLE
2026-06-06 19:30:26,200.4,186.8,0.941,60,340,STABLE
2026-06-06 19:30:26,200.4,186.8,0.941,60,340,STABLE
2026-06-06 19:30:26,200.4,186.1,0.947,60,340,STABLE
2026-06-06 19:30:26,200.4,186.1,0.947,60,340,STABLE
2026-06-06 19:30:27,201.1,186.4,0.946,60,340,STABLE
2026-06-06 19:30:27,201.1,186.4,0.946,60,340,STABLE
2026-06-06 19:30:27,201.1,186.4,0.946,60,340,STABLE
2026-06-06 19:30:27,200.8,186.8,0.946,60,340,STABLE
2026-06-06 19:30:27,200.8,186.8,0.946,60,340,STABLE
2026-06-06 19:30:27,200.8,186.8,0.946,60,340,STABLE
2026-06-06 19:30:28,201.0,190.6,0.926,60,340,STABLE
2026-06-06 19:30:28,201.0,190.6,0.926,60,340,STABLE
2026-06-06 19:30:28,201.0,190.6,0.926,60,340,STABLE
2026-06-06 19:30:28,201.7,192.5,0.924,60,340,STABLE
2026-06-06 19:30:28,201.7,192.5,0.924,60,340,STABLE
2026-06-06 19:30:29,201.3,190.6,0.934,60,340,STABLE
2026-06-06 19:30:29,201.3,190.6,0.934,60,340,STABLE
2026-06-06 19:30:29,201.3,190.6,0.934,60,340,STABLE
2026-06-06 19:30:29,200.6,190.6,0.937,60,340,STABLE
2026-06-06 19:30:29,200.6,190.6,0.937,60,340,STABLE
2026-06-06 19:30:30,200.2,189.5,0.937,60,340,STABLE
2026-06-06 19:30:30,200.2,189.5,0.937,60,340,STABLE
2026-06-06 19:30:30,200.2,189.5,0.937,60,340,STABLE
2026-06-06 19:30:30,351.1,-11.6,1.155,60,340,STABLE
2026-06-06 19:30:30,351.1,-11.6,1.155,60,340,FALL IMMINENT
2026-06-06 19:30:31,351.1,-11.6,1.155,60,340,FALL IMMINENT
2026-06-06 19:30:31,373.2,-17.3,1.078,60,340,FALL IMMINENT
2026-06-06 19:30:31,373.2,-17.3,1.078,60,340,FALL IMMINENT
2026-06-06 19:30:31,373.2,-17.3,1.078,60,340,FALL IMMINENT
2026-06-06 19:30:31,322.8,195.0,2.712,60,340,FALL IMMINENT
2026-06-06 19:30:32,322.8,195.0,2.712,60,340,FALL IMMINENT
2026-06-06 19:30:32,322.8,195.0,2.712,60,340,FALL IMMINENT
2026-06-06 19:30:32,201.0,184.9,0.952,60,340,FALL IMMINENT
2026-06-06 19:30:32,201.0,184.9,0.952,60,340,FALL IMMINENT
2026-06-06 19:30:32,201.0,184.9,0.952,60,340,FALL IMMINENT
2026-06-06 19:30:33,200.0,186.1,0.942,60,340,FALL IMMINENT
2026-06-06 19:30:33,200.0,186.1,0.942,60,340,FALL IMMINENT
2026-06-06 19:30:33,200.0,185.7,0.947,60,340,FALL IMMINENT
2026-06-06 19:30:33,200.0,185.7,0.947,60,340,FALL IMMINENT
2026-06-06 19:30:33,200.0,185.7,0.947,60,340,FALL IMMINENT
2026-06-06 19:30:34,200.4,185.3,0.941,60,340,FALL IMMINENT
2026-06-06 19:30:34,200.4,185.3,0.941,60,340,FALL IMMINENT
2026-06-06 19:30:34,200.0,186.1,0.939,60,340,STABLE
2026-06-06 19:30:34,200.0,186.1,0.939,60,340,STABLE
2026-06-06 19:30:34,200.0,186.1,0.939,60,340,STABLE
2026-06-06 19:30:35,200.4,185.3,0.944,60,340,STABLE
2026-06-06 19:30:35,200.4,185.3,0.944,60,340,STABLE
2026-06-06 19:30:35,200.4,185.3,0.944,60,340,STABLE
2026-06-06 19:30:35,199.7,186.1,0.941,60,340,STABLE
2026-06-06 19:30:35,199.7,186.1,0.941,60,340,STABLE
2026-06-06 19:30:36,199.7,186.1,0.941,60,340,STABLE
2026-06-06 19:30:36,200.4,185.3,0.941,60,340,STABLE
2026-06-06 19:30:36,200.4,185.3,0.941,60,340,STABLE
2026-06-06 19:30:36,200.4,185.3,0.941,60,340,STABLE
2026-06-06 19:30:36,200.0,185.3,0.942,60,340,STABLE
2026-06-06 19:30:37,200.0,185.3,0.942,60,340,STABLE
2026-06-06 19:30:37,200.0,185.3,0.942,60,340,STABLE
2026-06-06 19:30:37,200.4,185.3,0.941,60,340,STABLE
2026-06-06 19:30:37,200.4,185.3,0.941,60,340,STABLE
2026-06-06 19:30:37,200.4,185.3,0.941,60,340,STABLE
2026-06-06 19:30:38,199.3,185.4,0.942,60,340,STABLE
2026-06-06 19:30:38,199.3,185.4,0.942,60,340,STABLE
2026-06-06 19:30:38,199.3,185.4,0.942,60,340,STABLE
2026-06-06 19:30:38,199.7,186.1,0.938,60,340,STABLE
2026-06-06 19:30:38,199.7,186.1,0.938,60,340,STABLE
2026-06-06 19:30:39,200.3,184.9,0.946,60,340,STABLE
2026-06-06 19:30:39,200.3,184.9,0.946,60,340,STABLE
2026-06-06 19:30:39,200.3,184.9,0.946,60,340,STABLE
2026-06-06 19:30:39,199.6,184.6,0.950,60,340,STABLE
2026-06-06 19:30:39,199.6,184.6,0.950,60,340,STABLE
2026-06-06 19:30:40,200.0,186.1,0.942,60,340,STABLE
2026-06-06 19:30:40,200.0,186.1,0.942,60,340,STABLE
2026-06-06 19:30:40,200.0,186.1,0.942,60,340,STABLE
2026-06-06 19:30:40,200.0,185.7,0.941,60,340,STABLE
2026-06-06 19:30:40,200.0,185.7,0.941,60,340,STABLE
2026-06-06 19:30:41,200.0,185.7,0.941,60,340,STABLE
2026-06-06 19:30:41,200.0,185.3,0.942,60,340,STABLE
2026-06-06 19:30:41,200.0,185.3,0.942,60,340,STABLE
2026-06-06 19:30:41,200.0,185.3,0.942,60,340,STABLE
2026-06-06 19:30:41,200.0,185.7,0.941,60,340,STABLE
2026-06-06 19:30:41,200.0,185.7,0.941,60,340,STABLE
2026-06-06 19:30:42,200.0,185.7,0.941,60,340,STABLE
2026-06-06 19:30:42,200.0,184.9,0.941,60,340,STABLE
2026-06-06 19:30:42,200.0,184.9,0.941,60,340,STABLE
2026-06-06 19:30:42,200.0,184.9,0.941,60,340,STABLE
2026-06-06 19:30:42,199.7,185.7,0.942,60,340,STABLE
2026-06-06 19:30:43,199.7,185.7,0.942,60,340,STABLE
2026-06-06 19:30:43,199.7,185.7,0.942,60,340,STABLE
2026-06-06 19:30:43,199.6,184.6,0.944,60,340,STABLE
2026-06-06 19:30:43,199.6,184.6,0.944,60,340,STABLE
2026-06-06 19:30:43,199.6,184.6,0.944,60,340,STABLE
2026-06-06 19:30:44,199.9,184.2,0.944,60,340,STABLE
2026-06-06 19:30:44,199.9,184.2,0.944,60,340,STABLE
2026-06-06 19:30:44,199.9,184.2,0.944,60,340,STABLE
2026-06-06 19:30:44,199.3,185.7,0.941,60,340,STABLE
2026-06-06 19:30:44,199.3,185.7,0.941,60,340,STABLE
2026-06-06 19:30:44,199.3,185.7,0.941,60,340,STABLE
2026-06-06 19:30:45,200.0,184.9,0.941,60,340,STABLE
2026-06-06 19:30:45,200.0,184.9,0.941,60,340,STABLE
2026-06-06 19:30:45,200.0,184.9,0.941,60,340,STABLE
2026-06-06 19:30:45,200.4,185.3,0.944,60,340,STABLE
2026-06-06 19:30:45,200.4,185.3,0.944,60,340,STABLE
2026-06-06 19:30:46,200.4,185.3,0.944,60,340,STABLE
2026-06-06 19:30:46,200.0,184.6,0.942,60,340,STABLE
2026-06-06 19:30:46,200.0,184.6,0.942,60,340,STABLE
2026-06-06 19:30:46,200.0,184.6,0.942,60,340,STABLE
2026-06-06 19:30:46,200.3,184.9,0.943,60,340,STABLE
2026-06-06 19:30:47,200.3,184.9,0.943,60,340,STABLE
2026-06-06 19:30:47,200.3,184.9,0.943,60,340,STABLE
2026-06-06 19:30:47,199.6,184.6,0.947,60,340,STABLE
2026-06-06 19:30:47,199.6,184.6,0.947,60,340,STABLE
2026-06-06 19:30:47,200.1,186.8,0.936,60,340,STABLE
2026-06-06 19:30:48,200.1,186.8,0.936,60,340,STABLE
2026-06-06 19:30:48,200.1,186.8,0.936,60,340,STABLE
2026-06-06 19:30:48,321.0,201.4,2.640,60,340,STABLE
2026-06-06 19:30:48,321.0,201.4,2.640,60,340,FALL IMMINENT
2026-06-06 19:30:48,321.0,201.4,2.640,60,340,FALL IMMINENT
2026-06-06 19:30:49,197.3,187.4,0.953,60,340,FALL IMMINENT
2026-06-06 19:30:49,197.3,187.4,0.953,60,340,STABLE
2026-06-06 19:30:49,197.3,187.4,0.953,60,340,STABLE
2026-06-06 19:30:49,197.2,185.5,0.957,60,340,STABLE
2026-06-06 19:30:49,197.2,185.5,0.957,60,340,STABLE
2026-06-06 19:30:50,160.6,182.8,4.175,60,340,STABLE
2026-06-06 19:30:50,160.6,182.8,4.175,60,340,DRIFT WARNING
2026-06-06 19:30:50,160.6,182.8,4.175,60,340,FALL IMMINENT
2026-06-06 19:30:50,201.2,187.5,0.944,60,340,FALL IMMINENT
2026-06-06 19:30:50,201.2,187.5,0.944,60,340,FALL IMMINENT
2026-06-06 19:30:51,201.5,187.9,0.941,60,340,STABLE
2026-06-06 19:30:51,201.5,187.9,0.941,60,340,STABLE
2026-06-06 19:30:51,201.5,187.9,0.941,60,340,STABLE
2026-06-06 19:30:51,256.0,11.2,1.529,60,340,STABLE
2026-06-06 19:30:51,256.0,11.2,1.529,60,340,FALL IMMINENT
2026-06-06 19:30:51,256.0,11.2,1.529,60,340,FALL IMMINENT
2026-06-06 19:30:52,276.2,13.3,1.561,60,340,FALL IMMINENT
2026-06-06 19:30:52,276.2,13.3,1.561,60,340,FALL IMMINENT
2026-06-06 19:30:52,276.2,13.3,1.561,60,340,FALL IMMINENT
2026-06-06 19:30:52,295.3,6.4,1.538,60,340,FALL IMMINENT
2026-06-06 19:30:52,295.3,6.4,1.538,60,340,FALL IMMINENT
2026-06-06 19:30:53,295.3,6.4,1.538,60,340,FALL IMMINENT
2026-06-06 19:30:53,197.6,185.5,0.956,60,340,FALL IMMINENT
2026-06-06 19:30:53,197.6,185.5,0.956,60,340,FALL IMMINENT
2026-06-06 19:30:53,197.6,185.5,0.956,60,340,FALL IMMINENT
2026-06-06 19:30:53,196.5,185.9,0.959,60,340,FALL IMMINENT
2026-06-06 19:30:53,196.5,185.9,0.959,60,340,FALL IMMINENT
2026-06-06 19:30:53,196.5,185.9,0.959,60,340,FALL IMMINENT
2026-06-06 19:30:53,196.2,186.7,0.960,60,340,FALL IMMINENT
2026-06-06 19:30:54,196.2,186.7,0.960,60,340,FALL IMMINENT
2026-06-06 19:30:54,196.2,186.7,0.960,60,340,FALL IMMINENT
2026-06-06 19:30:54,196.6,186.3,0.961,60,340,FALL IMMINENT
2026-06-06 19:30:54,196.6,186.3,0.961,60,340,STABLE
2026-06-06 19:30:54,196.6,186.3,0.961,60,340,STABLE
2026-06-06 19:30:54,196.9,185.9,0.957,60,340,STABLE
2026-06-06 19:30:54,196.9,185.9,0.957,60,340,STABLE
2026-06-06 19:30:54,196.9,185.9,0.957,60,340,STABLE
2026-06-06 19:30:54,197.1,184.0,0.964,60,340,STABLE
2026-06-06 19:30:55,197.1,184.0,0.964,60,340,STABLE
2026-06-06 19:30:55,197.1,184.0,0.964,60,340,STABLE
2026-06-06 19:30:55,315.5,-19.6,1.453,60,340,STABLE
2026-06-06 19:30:55,197.5,184.7,0.966,60,340,FALL IMMINENT
2026-06-06 19:30:55,197.5,184.7,0.966,60,340,STABLE
2026-06-06 19:30:55,197.5,184.7,0.966,60,340,STABLE
2026-06-06 19:30:55,196.9,186.3,0.966,60,340,STABLE
2026-06-06 19:30:55,196.9,186.3,0.966,60,340,STABLE
2026-06-06 19:30:55,196.9,186.3,0.966,60,340,STABLE
2026-06-06 19:30:56,314.0,-16.0,1.492,60,340,STABLE
2026-06-06 19:30:56,314.0,-16.0,1.492,60,340,FALL IMMINENT
2026-06-06 19:30:56,314.0,-16.0,1.492,60,340,FALL IMMINENT
2026-06-06 19:30:56,195.5,186.4,0.966,60,340,STABLE
2026-06-06 19:30:56,196.2,185.9,0.964,60,340,STABLE
2026-06-06 19:30:56,196.2,185.9,0.964,60,340,STABLE
2026-06-06 19:30:56,196.2,185.9,0.964,60,340,STABLE
2026-06-06 19:30:56,198.2,183.9,0.966,60,340,STABLE
2026-06-06 19:30:56,198.2,183.9,0.966,60,340,STABLE
2026-06-06 19:30:57,198.2,183.9,0.966,60,340,STABLE
2026-06-06 19:30:57,200.7,185.7,0.941,60,340,FALL IMMINENT
2026-06-06 19:30:57,200.7,185.7,0.941,60,340,FALL IMMINENT
2026-06-06 19:30:57,200.7,185.7,0.941,60,340,FALL IMMINENT
2026-06-06 19:30:57,200.7,185.7,0.947,60,340,STABLE
2026-06-06 19:30:57,200.4,185.7,0.949,60,340,STABLE
2026-06-06 19:30:57,200.4,185.7,0.949,60,340,STABLE
2026-06-06 19:30:57,200.4,185.7,0.949,60,340,STABLE
2026-06-06 19:30:58,199.7,185.3,0.947,60,340,STABLE
2026-06-06 19:30:58,199.7,185.3,0.947,60,340,STABLE
2026-06-06 19:30:58,199.7,185.3,0.947,60,340,STABLE
2026-06-06 19:30:58,200.0,185.7,0.947,60,340,STABLE
2026-06-06 19:30:58,200.0,185.7,0.947,60,340,STABLE
2026-06-06 19:30:58,200.0,185.7,0.947,60,340,STABLE
2026-06-06 19:30:58,200.4,186.4,0.945,60,340,STABLE
2026-06-06 19:30:58,200.4,186.4,0.949,60,340,STABLE
2026-06-06 19:30:58,200.4,186.4,0.949,60,340,STABLE
2026-06-06 19:30:58,200.4,186.4,0.949,60,340,STABLE
2026-06-06 19:30:59,200.4,185.7,0.942,60,340,STABLE
2026-06-06 19:30:59,200.4,185.7,0.942,60,340,STABLE
2026-06-06 19:30:59,200.4,185.7,0.942,60,340,STABLE
2026-06-06 19:30:59,200.4,185.3,0.944,60,340,STABLE
2026-06-06 19:30:59,200.4,185.3,0.944,60,340,STABLE
2026-06-06 19:30:59,200.4,185.3,0.950,60,340,STABLE
2026-06-06 19:30:59,200.4,185.3,0.950,60,340,STABLE
2026-06-06 19:31:00,200.4,185.3,0.950,60,340,STABLE
2026-06-06 19:31:00,200.1,186.8,0.945,60,340,STABLE
2026-06-06 19:31:00,200.1,186.8,0.945,60,340,STABLE
2026-06-06 19:31:00,200.1,186.8,0.945,60,340,STABLE
2026-06-06 19:31:00,201.1,185.6,0.946,60,340,STABLE
2026-06-06 19:31:01,201.1,185.6,0.946,60,340,STABLE
2026-06-06 19:31:01,201.1,185.6,0.946,60,340,STABLE
2026-06-06 19:31:01,201.1,185.6,0.946,60,340,STABLE
2026-06-06 19:31:02,201.1,185.6,0.946,60,340,STABLE
2026-06-06 19:31:02,201.1,185.6,0.946,60,340,STABLE
2026-06-06 19:31:02,201.1,185.6,0.946,60,340,STABLE
2026-06-06 19:31:02,201.1,185.6,0.946,60,340,STABLE
2026-06-06 19:31:03,201.1,185.6,0.946,60,340,STABLE
2026-06-06 19:31:03,201.1,185.6,0.946,60,340,STABLE
2026-06-06 19:31:03,201.1,185.6,0.946,60,340,STABLE
2026-06-06 19:31:03,200.8,187.2,0.944,60,340,STABLE
2026-06-06 19:31:03,200.8,187.2,0.944,60,340,STABLE
2026-06-06 19:31:04,200.8,186.8,0.939,60,340,STABLE
2026-06-06 19:31:04,200.8,186.8,0.939,60,340,STABLE
2026-06-06 19:31:04,200.8,186.8,0.939,60,340,STABLE
2026-06-06 19:31:04,201.1,185.6,0.945,60,340,STABLE
2026-06-06 19:31:05,201.1,185.6,0.945,60,340,STABLE
2026-06-06 19:31:05,200.0,184.6,0.952,60,340,STABLE
2026-06-06 19:31:05,200.0,184.6,0.952,60,340,STABLE
2026-06-06 19:31:05,200.0,184.6,0.952,60,340,STABLE
2026-06-06 19:31:05,199.7,185.3,0.944,60,340,STABLE
2026-06-06 19:31:05,199.7,185.3,0.944,60,340,STABLE
2026-06-06 19:31:06,199.7,185.3,0.944,60,340,STABLE
2026-06-06 19:31:06,201.4,184.9,0.950,60,340,STABLE
2026-06-06 19:31:06,201.4,184.9,0.950,60,340,STABLE
2026-06-06 19:31:06,201.4,184.9,0.950,60,340,STABLE
2026-06-06 19:31:07,194.0,191.0,0.933,60,340,STABLE
2026-06-06 19:31:07,194.0,191.0,0.933,60,340,STABLE
2026-06-06 19:31:07,193.7,191.4,0.936,60,340,STABLE
2026-06-06 19:31:07,193.7,191.4,0.936,60,340,STABLE
2026-06-06 19:31:07,193.7,191.4,0.936,60,340,STABLE
2026-06-06 19:31:08,187.4,199.1,0.944,60,340,STABLE
2026-06-06 19:31:08,187.4,199.1,0.944,60,340,STABLE
2026-06-06 19:31:08,212.5,197.6,0.943,60,340,DRIFT WARNING
2026-06-06 19:31:08,212.5,197.6,0.943,60,340,STABLE
2026-06-06 19:31:08,212.5,197.6,0.943,60,340,STABLE
2026-06-06 19:31:09,199.9,183.0,0.934,60,340,DRIFT WARNING
2026-06-06 19:31:09,199.9,183.0,0.934,60,340,STABLE
2026-06-06 19:31:09,192.6,175.5,0.936,60,340,STABLE
2026-06-06 19:31:09,192.6,175.5,0.936,60,340,STABLE
2026-06-06 19:31:10,192.6,175.5,0.936,60,340,STABLE
2026-06-06 19:31:10,206.8,210.6,0.930,60,340,STABLE
2026-06-06 19:31:10,241.7,211.3,0.937,60,340,DRIFT WARNING
2026-06-06 19:31:10,241.7,211.3,0.937,60,340,DRIFT WARNING
2026-06-06 19:31:11,241.7,211.3,0.937,60,340,DRIFT WARNING
2026-06-06 19:31:11,75.4,73.5,1.527,60,340,DRIFT WARNING
2026-06-06 19:31:11,75.4,73.5,1.527,60,340,FALL IMMINENT
2026-06-06 19:31:11,361.7,55.7,1.245,60,340,FALL IMMINENT
2026-06-06 19:31:12,361.7,55.7,1.245,60,340,FALL IMMINENT
2026-06-06 19:31:12,361.7,55.7,1.245,60,340,FALL IMMINENT
2026-06-06 19:31:12,400.1,-5.8,1.563,60,340,FALL IMMINENT
2026-06-06 19:31:12,384.6,14.6,1.604,60,340,FALL IMMINENT
2026-06-06 19:31:13,384.6,14.6,1.604,60,340,FALL IMMINENT
2026-06-06 19:31:13,384.6,14.6,1.604,60,340,FALL IMMINENT
2026-06-06 19:31:13,306.2,47.3,2.000,60,340,FALL IMMINENT
2026-06-06 19:31:13,306.2,47.3,2.000,60,340,FALL IMMINENT
2026-06-06 19:31:13,121.3,35.8,0.973,60,340,FALL IMMINENT
2026-06-06 19:31:14,121.3,35.8,0.973,60,340,FALL IMMINENT
2026-06-06 19:31:14,121.3,35.8,0.973,60,340,FALL IMMINENT
2026-06-06 19:31:14,168.6,236.2,1.465,60,340,FALL IMMINENT
2026-06-06 19:31:14,168.6,236.2,1.465,60,340,FALL IMMINENT
2026-06-06 19:31:15,318.9,227.3,0.795,60,340,FALL IMMINENT
2026-06-06 19:31:15,318.9,227.3,0.795,60,340,DRIFT WARNING
2026-06-06 19:31:15,318.9,227.3,0.795,60,340,DRIFT WARNING
2026-06-06 19:31:15,396.6,212.4,0.819,60,340,DRIFT WARNING
2026-06-06 19:31:15,396.6,212.4,0.819,60,340,FALL IMMINENT
2026-06-06 19:31:17,32.1,335.9,1.233,60,340,FALL IMMINENT
2026-06-06 19:31:17,32.1,335.9,1.233,60,340,FALL IMMINENT
2026-06-06 19:31:17,32.1,335.9,1.233,60,340,FALL IMMINENT
2026-06-06 19:31:19,397.7,408.4,0.450,60,340,FALL IMMINENT
2026-06-06 19:31:19,397.7,408.4,0.450,60,340,FALL IMMINENT
2026-06-06 19:31:19,397.7,408.4,0.450,60,340,FALL IMMINENT
2026-06-06 19:31:20,201.9,232.8,1.359,60,340,FALL IMMINENT
2026-06-06 19:31:20,190.0,239.2,1.404,60,340,FALL IMMINENT
2026-06-06 19:31:20,190.0,239.2,1.404,60,340,FALL IMMINENT
2026-06-06 19:31:20,190.0,239.2,1.404,60,340,FALL IMMINENT
2026-06-06 19:31:22,65.2,309.3,2.379,60,340,FALL IMMINENT
2026-06-06 19:31:22,65.2,309.3,2.379,60,340,DRIFT WARNING
2026-06-06 19:31:23,65.2,309.3,2.379,60,340,DRIFT WARNING
2026-06-06 19:31:23,117.8,251.5,1.921,60,340,FALL IMMINENT
2026-06-06 19:31:23,117.8,251.5,1.921,60,340,FALL IMMINENT
2026-06-06 19:31:24,117.8,251.5,1.921,60,340,FALL IMMINENT
2026-06-06 19:31:24,417.8,97.6,0.668,60,340,FALL IMMINENT
2026-06-06 19:31:26,267.8,219.5,1.452,60,340,FALL IMMINENT
2026-06-06 19:31:26,205.8,95.5,0.851,60,340,FALL IMMINENT
2026-06-06 19:31:27,205.8,95.5,0.851,60,340,DRIFT WARNING
2026-06-06 19:31:27,205.8,95.5,0.851,60,340,FALL IMMINENT
2026-06-06 19:31:27,355.5,218.2,0.873,60,340,FALL IMMINENT
2026-06-06 19:31:27,355.5,218.2,0.873,60,340,FALL IMMINENT
2026-06-06 19:31:28,340.7,214.7,0.914,60,340,FALL IMMINENT
2026-06-06 19:31:28,340.7,214.7,0.914,60,340,FALL IMMINENT
2026-06-06 19:31:28,340.7,214.7,0.914,60,340,FALL IMMINENT
2026-06-06 19:31:28,402.8,216.0,1.353,60,340,FALL IMMINENT
2026-06-06 19:31:28,402.8,216.0,1.353,60,340,FALL IMMINENT
2026-06-06 19:31:28,402.8,216.0,1.353,60,340,FALL IMMINENT
2026-06-06 19:31:28,410.8,219.9,1.307,60,340,FALL IMMINENT
2026-06-06 19:31:28,410.8,219.9,1.307,60,340,FALL IMMINENT
2026-06-06 19:31:29,410.8,219.9,1.307,60,340,FALL IMMINENT
2026-06-06 19:31:29,351.4,211.4,0.919,60,340,FALL IMMINENT
2026-06-06 19:31:29,351.4,211.4,0.919,60,340,FALL IMMINENT
2026-06-06 19:31:29,351.4,211.4,0.919,60,340,FALL IMMINENT
2026-06-06 19:31:29,315.0,209.1,1.097,60,340,FALL IMMINENT
2026-06-06 19:31:29,315.0,209.1,1.097,60,340,FALL IMMINENT
2026-06-06 19:31:29,315.0,209.1,1.097,60,340,FALL IMMINENT
2026-06-06 19:31:29,312.2,224.1,1.049,60,340,FALL IMMINENT
2026-06-06 19:31:29,312.2,224.1,1.049,60,340,FALL IMMINENT
2026-06-06 19:31:30,312.2,224.1,1.049,60,340,FALL IMMINENT
2026-06-06 19:31:30,308.9,216.9,1.070,60,340,FALL IMMINENT
2026-06-06 19:31:30,308.9,216.9,1.070,60,340,DRIFT WARNING
2026-06-06 19:31:30,308.9,216.9,1.070,60,340,DRIFT WARNING
2026-06-06 19:31:30,347.4,218.3,1.072,60,340,DRIFT WARNING
2026-06-06 19:31:30,347.4,218.3,1.072,60,340,FALL IMMINENT
2026-06-06 19:31:30,347.4,218.3,1.072,60,340,FALL IMMINENT
2026-06-06 19:31:30,315.0,216.9,0.998,60,340,FALL IMMINENT
2026-06-06 19:31:31,315.0,216.9,0.998,60,340,STABLE
2026-06-06 19:31:31,315.0,216.9,0.998,60,340,STABLE
2026-06-06 19:31:31,277.3,224.8,1.094,60,340,STABLE
2026-06-06 19:31:31,277.3,224.8,1.094,60,340,DRIFT WARNING
2026-06-06 19:31:31,277.3,224.8,1.094,60,340,DRIFT WARNING
2026-06-06 19:31:31,328.0,72.0,0.872,60,340,DRIFT WARNING
2026-06-06 19:31:31,328.0,72.0,0.872,60,340,DRIFT WARNING
2026-06-06 19:31:31,328.0,72.0,0.872,60,340,DRIFT WARNING
2026-06-06 19:31:31,322.9,64.4,0.889,60,340,DRIFT WARNING
2026-06-06 19:31:32,324.7,65.0,0.889,60,340,DRIFT WARNING
2026-06-06 19:31:32,324.7,65.0,0.889,60,340,DRIFT WARNING
2026-06-06 19:31:32,324.7,65.0,0.889,60,340,DRIFT WARNING
2026-06-06 19:31:32,326.0,62.2,0.891,60,340,FALL IMMINENT
2026-06-06 19:31:32,326.0,62.2,0.891,60,340,FALL IMMINENT
2026-06-06 19:31:32,326.0,62.2,0.891,60,340,FALL IMMINENT
2026-06-06 19:31:32,326.6,59.9,0.888,60,340,STABLE
2026-06-06 19:31:32,326.6,59.9,0.888,60,340,STABLE
2026-06-06 19:31:32,326.6,59.9,0.888,60,340,STABLE
2026-06-06 19:31:33,329.1,59.3,0.894,60,340,STABLE
2026-06-06 19:31:33,329.5,61.2,0.880,60,340,DRIFT WARNING
2026-06-06 19:31:33,329.5,61.2,0.880,60,340,DRIFT WARNING
2026-06-06 19:31:33,329.5,61.2,0.880,60,340,DRIFT WARNING
2026-06-06 19:31:33,329.8,59.6,0.886,60,340,DRIFT WARNING
2026-06-06 19:31:33,329.8,59.6,0.886,60,340,DRIFT WARNING
2026-06-06 19:31:33,329.8,59.6,0.886,60,340,DRIFT WARNING
2026-06-06 19:31:33,328.6,57.0,0.889,60,340,DRIFT WARNING
2026-06-06 19:31:34,328.6,57.0,0.889,60,340,STABLE
2026-06-06 19:31:34,329.3,57.8,0.892,60,340,STABLE
2026-06-06 19:31:34,329.3,57.8,0.892,60,340,STABLE
2026-06-06 19:31:34,329.3,57.8,0.892,60,340,STABLE
2026-06-06 19:31:34,329.0,58.2,0.889,60,340,STABLE
2026-06-06 19:31:34,329.0,58.2,0.889,60,340,STABLE
2026-06-06 19:31:34,329.0,58.2,0.889,60,340,STABLE
2026-06-06 19:31:34,328.2,57.1,0.882,60,340,STABLE
2026-06-06 19:31:34,328.2,57.1,0.882,60,340,STABLE
2026-06-06 19:31:34,328.2,57.1,0.882,60,340,STABLE
2026-06-06 19:31:35,328.0,59.0,0.872,60,340,STABLE
2026-06-06 19:31:35,328.0,59.4,0.873,60,340,STABLE
2026-06-06 19:31:35,328.0,59.4,0.873,60,340,STABLE
2026-06-06 19:31:35,328.0,59.4,0.873,60,340,STABLE
2026-06-06 19:31:35,329.3,57.4,0.894,60,340,STABLE
2026-06-06 19:31:35,329.3,57.4,0.894,60,340,STABLE
2026-06-06 19:31:35,329.3,57.4,0.894,60,340,STABLE
2026-06-06 19:31:36,329.4,58.9,0.884,60,340,STABLE
2026-06-06 19:31:36,329.3,57.4,0.894,60,340,STABLE
2026-06-06 19:31:36,329.3,57.4,0.894,60,340,STABLE
2026-06-06 19:31:36,329.3,57.4,0.894,60,340,STABLE
2026-06-06 19:31:36,329.3,57.4,0.894,60,340,STABLE
2026-06-06 19:31:36,329.3,57.4,0.894,60,340,STABLE
2026-06-06 19:31:36,329.3,57.4,0.894,60,340,STABLE
2026-06-06 19:31:37,329.7,58.1,0.892,60,340,STABLE
2026-06-06 19:31:37,329.7,58.1,0.892,60,340,STABLE
2026-06-06 19:31:38,329.7,58.1,0.892,60,340,STABLE
2026-06-06 19:31:38,329.3,57.4,0.894,60,340,STABLE
2026-06-06 19:31:38,328.3,57.8,0.881,60,340,STABLE
2026-06-06 19:31:38,328.3,57.8,0.881,60,340,STABLE
2026-06-06 19:31:38,328.3,57.8,0.881,60,340,STABLE
2026-06-06 19:31:38,327.5,57.9,0.879,60,340,STABLE
2026-06-06 19:31:39,327.5,57.9,0.879,60,340,STABLE
2026-06-06 19:31:39,327.5,57.9,0.879,60,340,STABLE
2026-06-06 19:31:39,327.9,57.5,0.882,60,340,STABLE
2026-06-06 19:31:40,330.5,59.6,0.892,60,340,STABLE
2026-06-06 19:31:40,330.5,59.6,0.892,60,340,STABLE
2026-06-06 19:31:40,330.5,59.6,0.892,60,340,STABLE
2026-06-06 19:31:40,327.3,59.4,0.871,60,340,STABLE
2026-06-06 19:31:40,-11.9,381.1,5.148,60,340,STABLE
2026-06-06 19:31:40,-11.9,381.1,5.148,60,340,FALL IMMINENT
2026-06-06 19:31:41,-11.9,381.1,5.148,60,340,FALL IMMINENT
2026-06-06 19:31:41,383.5,328.7,0.699,60,340,FALL IMMINENT
2026-06-06 19:31:41,383.5,328.7,0.699,60,340,FALL IMMINENT
2026-06-06 19:31:41,383.5,328.7,0.699,60,340,FALL IMMINENT
2026-06-06 19:31:41,299.0,220.1,1.054,60,340,FALL IMMINENT
2026-06-06 19:31:41,312.6,380.1,0.791,60,340,DRIFT WARNING
2026-06-06 19:31:41,312.6,380.1,0.791,60,340,DRIFT WARNING
2026-06-06 19:31:42,312.6,380.1,0.791,60,340,DRIFT WARNING
2026-06-06 19:31:42,266.9,358.6,0.823,60,340,FALL IMMINENT
2026-06-06 19:31:42,266.9,358.6,0.823,60,340,FALL IMMINENT
2026-06-06 19:31:42,266.9,358.6,0.823,60,340,FALL IMMINENT
2026-06-06 19:31:42,295.9,361.9,0.888,60,340,FALL IMMINENT
2026-06-06 19:31:42,295.9,361.9,0.888,60,340,FALL IMMINENT
2026-06-06 19:31:43,282.4,366.0,0.900,60,340,FALL IMMINENT
2026-06-06 19:31:43,282.4,366.0,0.900,60,340,DRIFT WARNING
2026-06-06 19:31:43,282.4,366.0,0.900,60,340,DRIFT WARNING
2026-06-06 19:31:43,283.3,235.8,0.737,60,340,DRIFT WARNING
2026-06-06 19:31:43,283.3,235.8,0.737,60,340,DRIFT WARNING
2026-06-06 19:31:43,283.3,235.8,0.737,60,340,DRIFT WARNING
2026-06-06 19:31:43,295.2,243.0,0.760,60,340,DRIFT WARNING
2026-06-06 19:31:44,295.6,237.5,0.768,60,340,FALL IMMINENT
2026-06-06 19:31:44,295.6,237.5,0.768,60,340,STABLE
2026-06-06 19:31:44,295.6,237.5,0.768,60,340,STABLE
2026-06-06 19:31:44,293.3,247.4,0.753,60,340,STABLE
2026-06-06 19:31:44,293.3,247.4,0.753,60,340,STABLE
2026-06-06 19:31:44,293.3,247.4,0.753,60,340,STABLE
2026-06-06 19:31:44,297.2,246.4,0.754,60,340,STABLE
2026-06-06 19:31:44,297.2,246.4,0.754,60,340,DRIFT WARNING
2026-06-06 19:31:45,297.1,245.2,0.741,60,340,DRIFT WARNING
2026-06-06 19:31:45,297.1,245.2,0.741,60,340,STABLE
2026-06-06 19:31:45,297.1,245.2,0.741,60,340,STABLE
2026-06-06 19:31:45,290.2,250.3,0.773,60,340,STABLE
2026-06-06 19:31:45,290.2,250.3,0.773,60,340,STABLE
2026-06-06 19:31:45,290.2,250.3,0.773,60,340,STABLE
2026-06-06 19:31:45,288.1,250.4,0.729,60,340,STABLE
2026-06-06 19:31:46,289.8,248.7,0.756,60,340,STABLE
2026-06-06 19:31:46,289.8,248.7,0.756,60,340,STABLE
2026-06-06 19:31:46,289.8,248.7,0.756,60,340,STABLE
2026-06-06 19:31:46,292.0,249.4,0.724,60,340,STABLE
2026-06-06 19:31:46,292.0,249.4,0.724,60,340,STABLE
2026-06-06 19:31:46,292.0,249.4,0.724,60,340,STABLE
2026-06-06 19:31:46,298.2,251.0,0.731,60,340,STABLE
2026-06-06 19:31:47,298.2,251.0,0.731,60,340,STABLE
2026-06-06 19:31:47,289.0,248.8,0.739,60,340,FALL IMMINENT
2026-06-06 19:31:47,289.0,248.8,0.739,60,340,FALL IMMINENT
2026-06-06 19:31:47,289.0,248.8,0.739,60,340,FALL IMMINENT
2026-06-06 19:31:48,291.0,173.2,0.955,60,340,STABLE
2026-06-06 19:31:48,295.7,257.8,0.766,60,340,STABLE
2026-06-06 19:31:48,295.7,257.8,0.766,60,340,STABLE
2026-06-06 19:31:48,295.7,257.8,0.766,60,340,STABLE
2026-06-06 19:31:49,266.8,315.7,0.834,60,340,STABLE
2026-06-06 19:31:49,273.0,216.5,1.083,60,340,DRIFT WARNING
2026-06-06 19:31:49,273.0,216.5,1.083,60,340,DRIFT WARNING
2026-06-06 19:31:50,273.0,216.5,1.083,60,340,DRIFT WARNING
2026-06-06 19:31:50,272.7,218.9,1.115,60,340,DRIFT WARNING
2026-06-06 19:31:50,282.9,222.2,1.133,60,340,DRIFT WARNING
2026-06-06 19:31:50,282.9,222.2,1.133,60,340,STABLE
2026-06-06 19:31:51,282.9,222.2,1.133,60,340,STABLE
2026-06-06 19:31:51,335.2,213.8,0.931,60,340,STABLE
2026-06-06 19:31:51,335.2,213.8,0.931,60,340,FALL IMMINENT
2026-06-06 19:31:51,335.2,213.8,0.931,60,340,FALL IMMINENT
2026-06-06 19:31:52,335.2,213.8,0.931,60,340,FALL IMMINENT
2026-06-06 19:31:52,348.1,217.0,0.892,60,340,FALL IMMINENT
2026-06-06 19:31:52,338.4,214.0,0.910,60,340,FALL IMMINENT
2026-06-06 19:31:52,338.4,214.0,0.910,60,340,FALL IMMINENT
2026-06-06 19:31:53,338.4,214.0,0.910,60,340,FALL IMMINENT
2026-06-06 19:31:53,358.9,221.2,0.872,60,340,FALL IMMINENT
2026-06-06 19:31:53,358.9,221.2,0.872,60,340,FALL IMMINENT
2026-06-06 19:31:53,413.3,411.6,0.724,60,340,FALL IMMINENT
2026-06-06 19:31:54,413.3,411.6,0.724,60,340,FALL IMMINENT
2026-06-06 19:31:54,413.3,411.6,0.724,60,340,FALL IMMINENT
2026-06-06 19:31:54,306.4,216.6,0.994,60,340,FALL IMMINENT
2026-06-06 19:31:54,306.4,216.6,0.994,60,340,DRIFT WARNING
2026-06-06 19:31:55,313.2,215.5,0.981,60,340,DRIFT WARNING
2026-06-06 19:31:55,313.2,215.5,0.981,60,340,DRIFT WARNING
2026-06-06 19:31:55,313.2,215.5,0.981,60,340,DRIFT WARNING
2026-06-06 19:31:55,306.0,217.4,0.995,60,340,DRIFT WARNING
2026-06-06 19:31:55,306.0,217.4,0.995,60,340,DRIFT WARNING
2026-06-06 19:31:56,285.7,286.5,0.752,60,340,FALL IMMINENT
2026-06-06 19:31:56,285.7,286.5,0.752,60,340,FALL IMMINENT
2026-06-06 19:31:56,285.7,286.5,0.752,60,340,FALL IMMINENT
2026-06-06 19:31:56,291.0,291.8,0.755,60,340,DRIFT WARNING
2026-06-06 19:31:56,291.0,291.8,0.755,60,340,DRIFT WARNING
2026-06-06 19:31:57,328.9,288.5,0.825,60,340,DRIFT WARNING
2026-06-06 19:31:57,328.9,288.5,0.825,60,340,DRIFT WARNING
2026-06-06 19:31:57,328.9,288.5,0.825,60,340,DRIFT WARNING
2026-06-06 19:31:57,-0.4,315.3,3.890,60,340,FALL IMMINENT
2026-06-06 19:31:58,-0.4,315.3,3.890,60,340,FALL IMMINENT
2026-06-06 19:31:58,292.1,291.8,0.840,60,340,FALL IMMINENT
2026-06-06 19:31:58,292.1,291.8,0.840,60,340,STABLE
2026-06-06 19:31:58,292.1,291.8,0.840,60,340,STABLE
2026-06-06 19:31:59,299.3,296.9,0.779,60,340,STABLE
2026-06-06 19:31:59,299.3,296.9,0.779,60,340,STABLE
2026-06-06 19:31:59,306.5,297.4,0.796,60,340,DRIFT WARNING
2026-06-06 19:31:59,306.5,297.4,0.796,60,340,DRIFT WARNING
2026-06-06 19:31:59,306.5,297.4,0.796,60,340,DRIFT WARNING
2026-06-06 19:32:00,292.1,292.1,0.771,60,340,FALL IMMINENT
2026-06-06 19:32:00,292.1,292.1,0.771,60,340,FALL IMMINENT
2026-06-06 19:32:00,0.5,312.2,4.072,60,340,STABLE
2026-06-06 19:32:00,0.5,312.2,4.072,60,340,FALL IMMINENT
2026-06-06 19:32:01,0.5,312.2,4.072,60,340,FALL IMMINENT
2026-06-06 19:32:01,290.4,299.7,0.780,60,340,FALL IMMINENT
2026-06-06 19:32:01,290.4,299.7,0.780,60,340,STABLE
2026-06-06 19:32:01,317.5,298.1,0.817,60,340,DRIFT WARNING
2026-06-06 19:32:01,317.5,298.1,0.817,60,340,DRIFT WARNING
2026-06-06 19:32:02,317.5,298.1,0.817,60,340,DRIFT WARNING
2026-06-06 19:32:02,313.5,304.6,0.829,60,340,FALL IMMINENT
2026-06-06 19:32:02,313.5,304.6,0.829,60,340,FALL IMMINENT
2026-06-06 19:32:02,306.6,305.7,0.803,60,340,FALL IMMINENT
2026-06-06 19:32:02,306.6,305.7,0.803,60,340,FALL IMMINENT
2026-06-06 19:32:03,306.6,305.7,0.803,60,340,FALL IMMINENT
2026-06-06 19:32:03,319.3,304.3,0.826,60,340,DRIFT WARNING
2026-06-06 19:32:04,319.3,304.3,0.826,60,340,FALL IMMINENT
2026-06-06 19:32:04,319.3,304.3,0.826,60,340,STABLE
2026-06-06 19:32:04,281.4,207.5,1.061,60,340,STABLE
2026-06-06 19:32:04,281.4,207.5,1.061,60,340,DRIFT WARNING
2026-06-06 19:32:04,281.4,207.5,1.061,60,340,DRIFT WARNING
2026-06-06 19:32:05,314.3,306.1,0.817,60,340,DRIFT WARNING
2026-06-06 19:32:05,314.3,306.1,0.817,60,340,STABLE
2026-06-06 19:32:05,314.3,306.1,0.817,60,340,STABLE
2026-06-06 19:32:05,290.2,302.5,0.847,60,340,STABLE
2026-06-06 19:32:06,307.3,304.5,0.808,60,340,DRIFT WARNING
2026-06-06 19:32:06,307.3,304.5,0.808,60,340,STABLE
2026-06-06 19:32:06,307.3,304.5,0.808,60,340,STABLE
2026-06-06 19:32:06,334.4,314.4,0.839,60,340,FALL IMMINENT
2026-06-06 19:32:06,334.4,314.4,0.839,60,340,FALL IMMINENT
2026-06-06 19:32:07,263.7,277.0,0.892,60,340,FALL IMMINENT
2026-06-06 19:32:07,263.7,277.0,0.892,60,340,DRIFT WARNING
2026-06-06 19:32:07,263.7,277.0,0.892,60,340,DRIFT WARNING
2026-06-06 19:32:07,300.2,306.8,0.788,60,340,DRIFT WARNING
2026-06-06 19:32:07,300.2,306.8,0.788,60,340,STABLE
2026-06-06 19:32:08,283.4,204.7,1.054,60,340,STABLE
2026-06-06 19:32:08,283.4,204.7,1.054,60,340,DRIFT WARNING
2026-06-06 19:32:08,283.4,204.7,1.054,60,340,DRIFT WARNING
2026-06-06 19:32:08,301.3,301.6,0.785,60,340,DRIFT WARNING
2026-06-06 19:32:08,301.3,301.6,0.785,60,340,DRIFT WARNING
2026-06-06 19:32:08,301.3,301.6,0.785,60,340,FALL IMMINENT
2026-06-06 19:32:09,271.9,283.7,0.865,60,340,FALL IMMINENT
2026-06-06 19:32:09,271.9,283.7,0.865,60,340,STABLE
2026-06-06 19:32:09,271.9,283.7,0.865,60,340,DRIFT WARNING
2026-06-06 19:32:09,302.3,305.9,0.803,60,340,DRIFT WARNING
2026-06-06 19:32:10,302.3,305.9,0.803,60,340,FALL IMMINENT
2026-06-06 19:32:10,300.3,308.3,0.796,60,340,FALL IMMINENT
2026-06-06 19:32:10,300.3,308.3,0.796,60,340,DRIFT WARNING
2026-06-06 19:32:10,300.3,308.3,0.796,60,340,STABLE
2026-06-06 19:32:10,270.0,281.4,0.878,60,340,STABLE
2026-06-06 19:32:11,270.0,281.4,0.878,60,340,DRIFT WARNING
2026-06-06 19:32:11,270.0,281.4,0.878,60,340,STABLE
2026-06-06 19:32:11,285.3,305.4,0.798,60,340,STABLE
2026-06-06 19:32:11,285.3,305.4,0.798,60,340,STABLE
2026-06-06 19:32:11,285.3,305.4,0.798,60,340,DRIFT WARNING
2026-06-06 19:32:12,299.6,310.3,0.813,60,340,DRIFT WARNING
2026-06-06 19:32:12,299.6,310.3,0.813,60,340,STABLE
2026-06-06 19:32:12,281.1,207.9,1.063,60,340,STABLE
2026-06-06 19:32:12,281.1,207.9,1.063,60,340,DRIFT WARNING
2026-06-06 19:32:12,281.1,207.9,1.063,60,340,STABLE
2026-06-06 19:32:13,280.5,197.9,1.042,60,340,STABLE
2026-06-06 19:32:13,280.5,197.9,1.042,60,340,STABLE
2026-06-06 19:32:13,280.5,197.9,1.042,60,340,STABLE
2026-06-06 19:32:14,263.4,285.2,0.875,60,340,STABLE
2026-06-06 19:32:14,263.4,285.2,0.875,60,340,DRIFT WARNING
2026-06-06 19:32:14,263.4,285.2,0.875,60,340,DRIFT WARNING
2026-06-06 19:32:14,281.2,209.1,1.064,60,340,DRIFT WARNING
2026-06-06 19:32:14,281.2,209.1,1.064,60,340,STABLE
2026-06-06 19:32:14,281.2,209.1,1.064,60,340,STABLE
2026-06-06 19:32:15,306.2,304.9,0.830,60,340,STABLE
2026-06-06 19:32:15,306.2,304.9,0.830,60,340,FALL IMMINENT
2026-06-06 19:32:15,306.2,304.9,0.830,60,340,FALL IMMINENT
2026-06-06 19:32:15,305.8,303.4,0.782,60,340,FALL IMMINENT
2026-06-06 19:32:15,305.8,303.4,0.782,60,340,FALL IMMINENT
2026-06-06 19:32:15,305.8,303.4,0.782,60,340,FALL IMMINENT
2026-06-06 19:32:16,289.2,310.4,0.777,60,340,FALL IMMINENT
2026-06-06 19:32:16,289.2,310.4,0.777,60,340,STABLE
2026-06-06 19:32:16,289.2,310.4,0.777,60,340,STABLE
2026-06-06 19:32:16,309.1,311.5,0.819,60,340,STABLE
2026-06-06 19:32:16,306.2,310.8,0.788,60,340,STABLE
2026-06-06 19:32:16,306.2,310.8,0.788,60,340,STABLE
2026-06-06 19:32:17,306.2,310.8,0.788,60,340,STABLE
2026-06-06 19:32:17,286.7,205.3,1.059,60,340,STABLE
2026-06-06 19:32:17,286.7,205.3,1.059,60,340,DRIFT WARNING
2026-06-06 19:32:17,286.7,205.3,1.059,60,340,DRIFT WARNING
2026-06-06 19:32:17,301.3,301.6,0.837,60,340,STABLE
2026-06-06 19:32:18,292.2,300.0,0.829,60,340,DRIFT WARNING
2026-06-06 19:32:18,292.2,300.0,0.829,60,340,STABLE
2026-06-06 19:32:18,292.2,300.0,0.829,60,340,DRIFT WARNING
2026-06-06 19:32:18,313.7,302.2,0.838,60,340,DRIFT WARNING
2026-06-06 19:32:18,313.7,302.2,0.838,60,340,STABLE
2026-06-06 19:32:18,313.7,302.2,0.838,60,340,STABLE
2026-06-06 19:32:18,315.2,303.7,0.826,60,340,FALL IMMINENT
2026-06-06 19:32:19,268.2,288.1,0.876,60,340,FALL IMMINENT
2026-06-06 19:32:19,268.2,288.1,0.876,60,340,DRIFT WARNING
2026-06-06 19:32:19,268.2,288.1,0.876,60,340,DRIFT WARNING
2026-06-06 19:32:19,265.0,275.0,0.889,60,340,DRIFT WARNING
2026-06-06 19:32:19,265.0,275.0,0.889,60,340,DRIFT WARNING
2026-06-06 19:32:19,265.0,275.0,0.889,60,340,DRIFT WARNING
2026-06-06 19:32:20,302.4,301.5,0.803,60,340,DRIFT WARNING
2026-06-06 19:32:20,302.4,301.5,0.803,60,340,STABLE
2026-06-06 19:32:20,302.4,301.5,0.803,60,340,STABLE
2026-06-06 19:32:21,267.8,274.9,0.890,60,340,STABLE
2026-06-06 19:32:21,267.8,274.9,0.890,60,340,STABLE
2026-06-06 19:32:21,267.8,274.9,0.890,60,340,STABLE
2026-06-06 19:32:21,289.5,315.9,0.778,60,340,STABLE
2026-06-06 19:32:21,289.5,315.9,0.778,60,340,FALL IMMINENT
2026-06-06 19:32:21,289.5,315.9,0.778,60,340,FALL IMMINENT
2026-06-06 19:32:22,283.7,210.1,1.066,60,340,FALL IMMINENT
2026-06-06 19:32:22,306.7,300.9,0.824,60,340,DRIFT WARNING
2026-06-06 19:32:22,306.7,300.9,0.824,60,340,STABLE
2026-06-06 19:32:22,306.7,300.9,0.824,60,340,STABLE
2026-06-06 19:32:22,275.9,203.9,1.037,60,340,FALL IMMINENT
2026-06-06 19:32:22,275.9,203.9,1.037,60,340,STABLE
2026-06-06 19:32:23,275.9,203.9,1.037,60,340,STABLE
2026-06-06 19:32:23,336.2,314.3,0.862,60,340,DRIFT WARNING
2026-06-06 19:32:23,312.9,301.9,0.800,60,340,FALL IMMINENT
2026-06-06 19:32:23,312.9,301.9,0.800,60,340,FALL IMMINENT
2026-06-06 19:32:23,312.9,301.9,0.800,60,340,FALL IMMINENT
2026-06-06 19:32:24,283.0,209.8,1.063,60,340,STABLE
2026-06-06 19:32:24,283.0,209.8,1.063,60,340,DRIFT WARNING
2026-06-06 19:32:24,283.0,209.8,1.063,60,340,DRIFT WARNING
2026-06-06 19:32:24,3.6,407.3,2.280,60,340,STABLE
2026-06-06 19:32:24,3.6,407.3,2.280,60,340,FALL IMMINENT
2026-06-06 19:32:24,3.6,407.3,2.280,60,340,FALL IMMINENT
2026-06-06 19:32:25,319.7,279.8,0.797,60,340,FALL IMMINENT
2026-06-06 19:32:25,319.7,279.8,0.797,60,340,DRIFT WARNING
2026-06-06 19:32:25,319.7,279.8,0.797,60,340,DRIFT WARNING
2026-06-06 19:32:25,289.0,222.2,1.079,60,340,DRIFT WARNING
2026-06-06 19:32:25,289.0,222.2,1.079,60,340,STABLE
2026-06-06 19:32:25,289.0,222.2,1.079,60,340,STABLE
2026-06-06 19:32:26,284.5,311.4,0.770,60,340,STABLE
2026-06-06 19:32:26,284.5,311.4,0.770,60,340,FALL IMMINENT
2026-06-06 19:32:26,284.5,311.4,0.770,60,340,FALL IMMINENT
2026-06-06 19:32:26,350.1,202.0,0.756,60,340,FALL IMMINENT
2026-06-06 19:32:26,350.1,202.0,0.756,60,340,FALL IMMINENT
2026-06-06 19:32:27,350.1,202.0,0.756,60,340,FALL IMMINENT
2026-06-06 19:32:27,318.3,185.1,0.658,60,340,FALL IMMINENT
2026-06-06 19:32:27,318.3,185.1,0.658,60,340,FALL IMMINENT
2026-06-06 19:32:27,318.3,185.1,0.658,60,340,FALL IMMINENT
2026-06-06 19:32:27,353.5,228.5,0.728,60,340,FALL IMMINENT
2026-06-06 19:32:28,353.5,228.5,0.728,60,340,FALL IMMINENT
2026-06-06 19:32:28,353.5,228.5,0.728,60,340,FALL IMMINENT
2026-06-06 19:32:28,360.7,237.6,0.713,60,340,FALL IMMINENT
2026-06-06 19:32:28,360.7,237.6,0.713,60,340,FALL IMMINENT
2026-06-06 19:32:28,361.6,222.6,0.690,60,340,FALL IMMINENT
2026-06-06 19:32:29,361.6,222.6,0.690,60,340,FALL IMMINENT
2026-06-06 19:32:29,361.6,222.6,0.690,60,340,FALL IMMINENT
2026-06-06 19:32:29,358.7,230.2,0.704,60,340,FALL IMMINENT
2026-06-06 19:32:29,358.7,230.2,0.704,60,340,FALL IMMINENT
2026-06-06 19:32:29,358.7,230.2,0.704,60,340,FALL IMMINENT
2026-06-06 19:32:29,352.9,230.5,0.708,60,340,FALL IMMINENT
2026-06-06 19:32:30,352.9,230.5,0.708,60,340,FALL IMMINENT
2026-06-06 19:32:30,352.9,230.5,0.708,60,340,FALL IMMINENT
2026-06-06 19:32:30,290.1,235.1,0.747,60,340,FALL IMMINENT
2026-06-06 19:32:30,290.1,235.1,0.747,60,340,DRIFT WARNING
2026-06-06 19:32:30,290.1,235.1,0.747,60,340,DRIFT WARNING
2026-06-06 19:32:31,348.0,296.3,0.801,60,340,DRIFT WARNING
2026-06-06 19:32:31,348.0,296.3,0.801,60,340,FALL IMMINENT
2026-06-06 19:32:31,348.0,296.3,0.801,60,340,FALL IMMINENT
2026-06-06 19:32:31,45.2,409.5,2.164,60,340,FALL IMMINENT
2026-06-06 19:32:31,45.2,409.5,2.164,60,340,FALL IMMINENT
2026-06-06 19:32:31,45.2,409.5,2.164,60,340,FALL IMMINENT
2026-06-06 19:32:32,377.7,282.3,0.829,60,340,FALL IMMINENT
2026-06-06 19:32:32,377.7,282.3,0.829,60,340,FALL IMMINENT
2026-06-06 19:32:32,377.7,282.3,0.829,60,340,FALL IMMINENT
2026-06-06 19:32:32,283.7,216.3,1.064,60,340,FALL IMMINENT
2026-06-06 19:32:32,283.7,216.3,1.064,60,340,DRIFT WARNING
2026-06-06 19:32:32,283.7,216.3,1.064,60,340,DRIFT WARNING
2026-06-06 19:32:33,335.4,217.4,0.924,60,340,DRIFT WARNING
2026-06-06 19:32:33,335.4,217.4,0.924,60,340,FALL IMMINENT
2026-06-06 19:32:33,335.4,217.4,0.924,60,340,FALL IMMINENT
2026-06-06 19:32:34,392.7,21.3,0.831,60,340,FALL IMMINENT
2026-06-06 19:32:34,392.7,21.3,0.831,60,340,FALL IMMINENT
2026-06-06 19:32:34,392.7,21.3,0.831,60,340,FALL IMMINENT
2026-06-06 19:32:34,347.8,10.4,0.677,60,340,FALL IMMINENT
2026-06-06 19:32:34,347.8,10.4,0.677,60,340,FALL IMMINENT
2026-06-06 19:32:35,224.7,175.0,0.851,60,340,FALL IMMINENT
2026-06-06 19:32:35,224.7,175.0,0.851,60,340,DRIFT WARNING
2026-06-06 19:32:35,224.7,175.0,0.851,60,340,FALL IMMINENT
2026-06-06 19:32:35,45.2,353.0,2.258,60,340,FALL IMMINENT
2026-06-06 19:32:36,45.2,353.0,2.258,60,340,FALL IMMINENT
2026-06-06 19:32:36,328.3,133.3,0.896,60,340,FALL IMMINENT
2026-06-06 19:32:36,328.3,133.3,0.896,60,340,DRIFT WARNING
2026-06-06 19:32:36,328.3,133.3,0.896,60,340,DRIFT WARNING
2026-06-06 19:32:37,184.6,228.0,1.469,60,340,DRIFT WARNING
2026-06-06 19:32:37,184.6,228.0,1.469,60,340,FALL IMMINENT
2026-06-06 19:32:37,184.6,228.0,1.469,60,340,DRIFT WARNING
2026-06-06 19:32:37,300.6,217.3,1.018,60,340,DRIFT WARNING
2026-06-06 19:32:38,300.6,217.3,1.018,60,340,FALL IMMINENT
2026-06-06 19:32:38,300.6,217.3,1.018,60,340,FALL IMMINENT
2026-06-06 19:32:38,346.9,215.1,0.902,60,340,FALL IMMINENT
2026-06-06 19:32:38,346.9,215.1,0.902,60,340,FALL IMMINENT
2026-06-06 19:32:38,346.9,215.1,0.902,60,340,FALL IMMINENT
2026-06-06 19:32:39,325.7,314.8,0.720,60,340,FALL IMMINENT
2026-06-06 19:32:39,325.7,314.8,0.720,60,340,FALL IMMINENT
2026-06-06 19:32:39,325.7,314.8,0.720,60,340,FALL IMMINENT
2026-06-06 19:32:39,310.6,279.5,0.718,60,340,FALL IMMINENT
2026-06-06 19:32:39,310.6,279.5,0.718,60,340,DRIFT WARNING
2026-06-06 19:32:39,310.6,279.5,0.718,60,340,DRIFT WARNING
2026-06-06 19:32:40,289.6,220.3,1.043,60,340,DRIFT WARNING
2026-06-06 19:32:40,289.6,220.3,1.043,60,340,DRIFT WARNING
2026-06-06 19:32:40,289.6,220.3,1.043,60,340,DRIFT WARNING
2026-06-06 19:32:40,208.5,66.6,0.757,60,340,DRIFT WARNING
2026-06-06 19:32:40,208.5,66.6,0.757,60,340,FALL IMMINENT
2026-06-06 19:32:41,208.5,66.6,0.757,60,340,FALL IMMINENT
2026-06-06 19:32:41,350.6,210.6,0.890,60,340,FALL IMMINENT
2026-06-06 19:32:41,350.6,210.6,0.890,60,340,FALL IMMINENT
2026-06-06 19:32:42,288.6,78.0,0.919,60,340,FALL IMMINENT
2026-06-06 19:32:42,288.6,78.0,0.919,60,340,DRIFT WARNING
2026-06-06 19:32:42,288.6,78.0,0.919,60,340,STABLE
2026-06-06 19:32:43,367.5,180.3,0.788,60,340,STABLE
2026-06-06 19:32:43,367.5,180.3,0.788,60,340,FALL IMMINENT
2026-06-06 19:32:43,367.5,180.3,0.788,60,340,FALL IMMINENT
2026-06-06 19:32:43,188.6,247.8,0.657,60,340,FALL IMMINENT
2026-06-06 19:32:43,188.6,247.8,0.657,60,340,DRIFT WARNING
2026-06-06 19:32:44,336.3,66.8,0.688,60,340,FALL IMMINENT
2026-06-06 19:32:44,336.3,66.8,0.688,60,340,DRIFT WARNING
2026-06-06 19:32:44,336.3,66.8,0.688,60,340,FALL IMMINENT
2026-06-06 19:32:45,291.9,208.9,1.013,60,340,FALL IMMINENT
2026-06-06 19:32:45,291.9,208.9,1.013,60,340,STABLE
2026-06-06 19:32:45,291.9,208.9,1.013,60,340,DRIFT WARNING
2026-06-06 19:32:45,385.6,284.7,0.688,60,340,DRIFT WARNING
2026-06-06 19:32:45,385.6,284.7,0.688,60,340,FALL IMMINENT
2026-06-06 19:32:46,314.4,97.6,0.914,60,340,FALL IMMINENT
2026-06-06 19:32:46,314.4,97.6,0.914,60,340,FALL IMMINENT
2026-06-06 19:32:46,314.4,97.6,0.914,60,340,DRIFT WARNING
2026-06-06 19:32:46,387.6,79.2,0.560,60,340,DRIFT WARNING
2026-06-06 19:32:46,387.6,79.2,0.560,60,340,FALL IMMINENT
2026-06-06 19:32:47,219.1,203.8,1.224,60,340,FALL IMMINENT
2026-06-06 19:32:47,219.1,203.8,1.224,60,340,FALL IMMINENT
2026-06-06 19:32:47,219.1,203.8,1.224,60,340,FALL IMMINENT
2026-06-06 19:32:47,249.5,375.9,0.761,60,340,FALL IMMINENT
2026-06-06 19:32:47,249.5,375.9,0.761,60,340,FALL IMMINENT
2026-06-06 19:32:47,249.5,375.9,0.761,60,340,DRIFT WARNING
2026-06-06 19:32:48,9.3,314.9,1.948,60,340,DRIFT WARNING
2026-06-06 19:32:48,9.3,314.9,1.948,60,340,FALL IMMINENT
2026-06-06 19:32:48,9.3,314.9,1.948,60,340,FALL IMMINENT
2026-06-06 19:32:49,391.4,205.2,0.748,60,340,FALL IMMINENT
2026-06-06 19:32:49,391.4,205.2,0.748,60,340,FALL IMMINENT
2026-06-06 19:32:49,391.4,205.2,0.748,60,340,FALL IMMINENT
2026-06-06 19:32:49,408.2,195.9,0.741,60,340,FALL IMMINENT
2026-06-06 19:32:49,408.2,195.9,0.741,60,340,FALL IMMINENT
2026-06-06 19:32:50,408.2,195.9,0.741,60,340,FALL IMMINENT
2026-06-06 19:32:50,48.4,265.3,1.627,60,340,FALL IMMINENT
2026-06-06 19:32:50,48.4,265.3,1.627,60,340,DRIFT WARNING
2026-06-06 19:32:50,48.4,265.3,1.627,60,340,DRIFT WARNING
2026-06-06 19:32:51,43.0,254.3,2.106,60,340,DRIFT WARNING
2026-06-06 19:32:51,43.0,254.3,2.106,60,340,FALL IMMINENT
2026-06-06 19:32:51,360.6,138.9,0.681,60,340,FALL IMMINENT
2026-06-06 19:32:51,360.6,138.9,0.681,60,340,FALL IMMINENT
2026-06-06 19:32:51,360.6,138.9,0.681,60,340,FALL IMMINENT
2026-06-06 19:32:52,317.6,91.2,0.722,60,340,FALL IMMINENT
2026-06-06 19:32:52,317.6,91.2,0.722,60,340,FALL IMMINENT
2026-06-06 19:32:52,317.6,91.2,0.722,60,340,FALL IMMINENT
2026-06-06 19:32:52,342.2,99.5,0.766,60,340,FALL IMMINENT
2026-06-06 19:32:52,342.2,99.5,0.766,60,340,FALL IMMINENT
2026-06-06 19:32:53,342.2,99.5,0.766,60,340,FALL IMMINENT
2026-06-06 19:32:53,332.4,141.9,0.694,60,340,FALL IMMINENT
2026-06-06 19:32:53,324.1,135.1,0.694,60,340,DRIFT WARNING
2026-06-06 19:32:53,324.1,135.1,0.694,60,340,DRIFT WARNING
2026-06-06 19:32:53,324.1,135.1,0.694,60,340,DRIFT WARNING
2026-06-06 19:32:54,328.9,143.3,0.689,60,340,DRIFT WARNING
2026-06-06 19:32:54,328.9,143.3,0.689,60,340,DRIFT WARNING
2026-06-06 19:32:54,332.7,145.8,0.681,60,340,DRIFT WARNING
2026-06-06 19:32:54,332.7,145.8,0.681,60,340,STABLE
2026-06-06 19:32:54,332.7,145.8,0.681,60,340,STABLE
2026-06-06 19:32:55,336.5,137.8,0.715,60,340,STABLE
2026-06-06 19:32:55,336.5,137.8,0.715,60,340,DRIFT WARNING
2026-06-06 19:32:55,336.5,137.8,0.715,60,340,DRIFT WARNING
2026-06-06 19:32:55,331.7,142.0,0.694,60,340,DRIFT WARNING
2026-06-06 19:32:55,331.7,142.0,0.694,60,340,DRIFT WARNING
2026-06-06 19:32:56,331.7,142.0,0.694,60,340,DRIFT WARNING
2026-06-06 19:32:56,335.5,144.8,0.704,60,340,DRIFT WARNING
2026-06-06 19:32:56,335.5,144.8,0.704,60,340,DRIFT WARNING
2026-06-06 19:32:56,316.6,155.0,0.680,60,340,DRIFT WARNING
2026-06-06 19:32:56,316.6,155.0,0.680,60,340,DRIFT WARNING
2026-06-06 19:32:57,316.6,155.0,0.680,60,340,DRIFT WARNING
2026-06-06 19:32:57,317.7,148.7,0.667,60,340,DRIFT WARNING
2026-06-06 19:32:57,317.7,148.7,0.667,60,340,DRIFT WARNING
2026-06-06 19:32:57,320.3,144.7,0.674,60,340,DRIFT WARNING
2026-06-06 19:32:57,320.3,144.7,0.674,60,340,STABLE
2026-06-06 19:32:57,320.3,144.7,0.674,60,340,STABLE
2026-06-06 19:32:58,16.2,244.4,1.309,60,340,DRIFT WARNING
2026-06-06 19:32:58,16.2,244.4,1.309,60,340,FALL IMMINENT
2026-06-06 19:32:58,16.2,244.4,1.309,60,340,FALL IMMINENT
2026-06-06 19:32:58,28.5,253.9,1.005,60,340,FALL IMMINENT
2026-06-06 19:32:58,28.5,253.9,1.005,60,340,FALL IMMINENT
2026-06-06 19:32:59,28.5,253.9,1.005,60,340,FALL IMMINENT
2026-06-06 19:33:01,4.9,414.9,2.172,60,340,FALL IMMINENT
2026-06-06 19:33:01,4.9,414.9,2.172,60,340,FALL IMMINENT
2026-06-06 19:33:02,326.3,117.2,0.600,60,340,FALL IMMINENT
2026-06-06 19:33:02,326.3,117.2,0.600,60,340,DRIFT WARNING
2026-06-06 19:33:02,326.3,117.2,0.600,60,340,FALL IMMINENT
2026-06-06 19:33:02,35.8,101.3,1.310,60,340,FALL IMMINENT
2026-06-06 19:33:02,35.8,101.3,1.310,60,340,DRIFT WARNING
2026-06-06 19:33:03,31.1,119.4,1.270,60,340,STABLE
2026-06-06 19:33:03,31.1,119.4,1.270,60,340,STABLE
2026-06-06 19:33:03,31.1,119.4,1.270,60,340,STABLE
2026-06-06 19:33:03,18.7,125.8,1.517,60,340,DRIFT WARNING
2026-06-06 19:33:03,18.7,125.8,1.517,60,340,FALL IMMINENT
2026-06-06 19:33:05,322.0,148.8,0.670,60,340,FALL IMMINENT
2026-06-06 19:33:06,322.0,148.8,0.670,60,340,STABLE
2026-06-06 19:33:06,305.9,150.2,0.657,60,340,STABLE
2026-06-06 19:33:06,305.9,150.2,0.657,60,340,FALL IMMINENT
2026-06-06 19:33:06,305.9,150.2,0.657,60,340,FALL IMMINENT
2026-06-06 19:33:08,-2.0,326.3,1.268,60,340,FALL IMMINENT
2026-06-06 19:33:08,-2.0,326.3,1.268,60,340,FALL IMMINENT
2026-06-06 19:33:10,325.4,221.4,0.664,60,340,FALL IMMINENT
2026-06-06 19:33:10,325.4,221.4,0.664,60,340,FALL IMMINENT
2026-06-06 19:33:10,358.3,403.1,0.751,60,340,FALL IMMINENT
2026-06-06 19:33:10,358.3,403.1,0.751,60,340,FALL IMMINENT
2026-06-06 19:33:10,358.3,403.1,0.751,60,340,FALL IMMINENT
2026-06-06 19:33:11,159.1,117.8,2.119,60,340,FALL IMMINENT
2026-06-06 19:33:11,159.1,117.8,2.119,60,340,FALL IMMINENT
2026-06-06 19:33:11,159.1,117.8,2.119,60,340,FALL IMMINENT
2026-06-06 19:33:12,393.5,126.6,0.964,60,340,FALL IMMINENT
2026-06-06 19:33:12,393.5,126.6,0.964,60,340,FALL IMMINENT
2026-06-06 19:33:12,282.9,135.9,0.816,60,340,FALL IMMINENT
2026-06-06 19:33:12,282.9,135.9,0.816,60,340,DRIFT WARNING
2026-06-06 19:33:12,282.9,135.9,0.816,60,340,DRIFT WARNING
2026-06-06 19:33:13,258.1,218.5,1.133,60,340,DRIFT WARNING
2026-06-06 19:33:13,258.1,218.5,1.133,60,340,FALL IMMINENT
2026-06-06 19:33:13,258.1,218.5,1.133,60,340,FALL IMMINENT
2026-06-06 19:33:13,212.0,222.2,1.296,60,340,FALL IMMINENT
2026-06-06 19:33:14,212.0,222.2,1.296,60,340,FALL IMMINENT
2026-06-06 19:33:14,212.0,222.2,1.296,60,340,FALL IMMINENT
2026-06-06 19:33:15,216.0,275.4,1.177,60,340,FALL IMMINENT
2026-06-06 19:33:15,216.0,275.4,1.177,60,340,FALL IMMINENT
2026-06-06 19:33:15,216.0,275.4,1.177,60,340,FALL IMMINENT
2026-06-06 19:33:16,386.3,368.3,1.182,60,340,FALL IMMINENT
2026-06-06 19:33:16,386.3,368.3,1.182,60,340,FALL IMMINENT
2026-06-06 19:33:16,386.3,368.3,1.182,60,340,FALL IMMINENT
2026-06-06 19:33:16,408.2,190.4,0.759,60,340,FALL IMMINENT
2026-06-06 19:33:16,408.2,190.4,0.759,60,340,FALL IMMINENT
2026-06-06 19:33:17,318.1,181.7,1.153,60,340,FALL IMMINENT
2026-06-06 19:33:17,318.1,181.7,1.153,60,340,FALL IMMINENT
2026-06-06 19:33:18,392.5,294.0,0.669,60,340,FALL IMMINENT
2026-06-06 19:33:18,392.5,294.0,0.669,60,340,FALL IMMINENT
2026-06-06 19:33:18,392.5,294.0,0.669,60,340,FALL IMMINENT
2026-06-06 19:33:18,397.5,303.7,0.646,60,340,FALL IMMINENT
2026-06-06 19:33:18,397.5,303.7,0.646,60,340,FALL IMMINENT
2026-06-06 19:33:18,397.5,303.7,0.646,60,340,FALL IMMINENT
2026-06-06 19:33:19,59.8,75.8,1.699,60,340,FALL IMMINENT
2026-06-06 19:33:19,59.8,75.8,1.699,60,340,FALL IMMINENT
2026-06-06 19:33:19,59.8,75.8,1.699,60,340,FALL IMMINENT
2026-06-06 19:33:19,288.8,217.6,1.049,60,340,FALL IMMINENT
2026-06-06 19:33:20,288.8,217.6,1.049,60,340,FALL IMMINENT
2026-06-06 19:33:20,282.3,217.2,1.070,60,340,FALL IMMINENT
2026-06-06 19:33:21,282.3,217.2,1.070,60,340,FALL IMMINENT
2026-06-06 19:33:21,282.3,217.2,1.070,60,340,FALL IMMINENT
2026-06-06 19:33:21,279.3,222.0,1.110,60,340,FALL IMMINENT
2026-06-06 19:33:21,279.3,222.0,1.110,60,340,FALL IMMINENT
2026-06-06 19:33:21,279.3,222.0,1.110,60,340,FALL IMMINENT
2026-06-06 19:33:21,251.9,360.0,0.812,60,340,FALL IMMINENT
2026-06-06 19:33:22,251.9,360.0,0.812,60,340,FALL IMMINENT
2026-06-06 19:33:22,251.9,360.0,0.812,60,340,DRIFT WARNING
2026-06-06 19:33:22,236.7,224.0,1.228,60,340,DRIFT WARNING
2026-06-06 19:33:22,236.7,224.0,1.228,60,340,DRIFT WARNING
2026-06-06 19:33:22,236.7,224.0,1.228,60,340,DRIFT WARNING
2026-06-06 19:33:23,233.7,226.1,1.246,60,340,DRIFT WARNING
2026-06-06 19:33:23,233.7,226.1,1.246,60,340,DRIFT WARNING
2026-06-06 19:33:23,233.7,226.1,1.246,60,340,DRIFT WARNING
2026-06-06 19:33:23,181.8,387.2,0.933,60,340,DRIFT WARNING
2026-06-06 19:33:23,181.8,387.2,0.933,60,340,FALL IMMINENT
2026-06-06 19:33:24,181.8,387.2,0.933,60,340,FALL IMMINENT
2026-06-06 19:33:24,320.2,219.4,0.968,60,340,FALL IMMINENT
2026-06-06 19:33:24,320.2,219.4,0.968,60,340,FALL IMMINENT
2026-06-06 19:33:24,190.2,394.0,0.889,60,340,FALL IMMINENT
2026-06-06 19:33:24,190.2,394.0,0.889,60,340,DRIFT WARNING
2026-06-06 19:33:25,190.2,394.0,0.889,60,340,DRIFT WARNING
2026-06-06 19:33:25,126.3,414.0,1.099,60,340,DRIFT WARNING
2026-06-06 19:33:25,126.3,414.0,1.099,60,340,FALL IMMINENT
2026-06-06 19:33:25,126.3,414.0,1.099,60,340,FALL IMMINENT
2026-06-06 19:33:26,163.0,227.6,1.616,60,340,FALL IMMINENT
2026-06-06 19:33:26,163.0,227.6,1.616,60,340,DRIFT WARNING
2026-06-06 19:33:27,163.0,227.6,1.616,60,340,FALL IMMINENT
2026-06-06 19:33:30,38.8,231.1,1.211,60,340,FALL IMMINENT
2026-06-06 19:33:30,38.8,231.1,1.211,60,340,FALL IMMINENT
2026-06-06 19:33:30,38.8,231.1,1.211,60,340,FALL IMMINENT
2026-06-06 19:33:31,86.9,60.1,1.667,60,340,FALL IMMINENT
2026-06-06 19:33:31,86.9,60.1,1.667,60,340,FALL IMMINENT
2026-06-06 19:33:31,86.9,60.1,1.667,60,340,FALL IMMINENT
2026-06-06 19:33:31,87.9,60.0,1.654,60,340,FALL IMMINENT
2026-06-06 19:33:31,87.9,60.0,1.654,60,340,FALL IMMINENT
2026-06-06 19:33:31,87.9,60.0,1.654,60,340,FALL IMMINENT
2026-06-06 19:33:32,86.3,60.5,1.695,60,340,FALL IMMINENT
2026-06-06 19:33:32,86.3,60.5,1.695,60,340,DRIFT WARNING
2026-06-06 19:33:32,86.3,60.5,1.695,60,340,DRIFT WARNING
2026-06-06 19:33:33,86.3,60.1,1.628,60,340,DRIFT WARNING
2026-06-06 19:33:33,86.3,60.1,1.628,60,340,STABLE
2026-06-06 19:33:33,86.3,60.1,1.628,60,340,STABLE
2026-06-06 19:33:33,87.9,59.2,1.586,60,340,STABLE
2026-06-06 19:33:33,87.9,59.2,1.586,60,340,STABLE
2026-06-06 19:33:34,87.9,59.2,1.586,60,340,STABLE
2026-06-06 19:33:35,85.9,60.9,1.609,60,340,STABLE
2026-06-06 19:33:35,85.9,60.9,1.609,60,340,STABLE
2026-06-06 19:33:36,86.9,58.9,1.593,60,340,STABLE
2026-06-06 19:33:37,86.9,59.7,1.640,60,340,STABLE
2026-06-06 19:33:37,86.9,59.7,1.640,60,340,STABLE
2026-06-06 19:33:37,86.9,59.7,1.640,60,340,STABLE
2026-06-06 19:33:38,85.6,59.8,1.616,60,340,STABLE
2026-06-06 19:33:38,85.6,59.8,1.616,60,340,STABLE
2026-06-06 19:33:38,85.6,59.8,1.616,60,340,STABLE
2026-06-06 19:33:47,99.0,-7.3,1.464,60,340,STABLE
2026-06-06 19:33:48,99.0,-7.3,1.464,60,340,STABLE
2026-06-06 19:33:48,99.0,-7.3,1.464,60,340,STABLE
2026-06-06 19:33:48,173.6,224.8,1.537,60,340,STABLE
2026-06-06 19:33:48,173.6,224.8,1.537,60,340,FALL IMMINENT
2026-06-06 19:33:48,173.6,224.8,1.537,60,340,FALL IMMINENT
2026-06-06 19:33:50,390.3,246.7,0.712,60,340,FALL IMMINENT
2026-06-06 19:33:50,390.3,246.7,0.712,60,340,FALL IMMINENT
2026-06-06 19:33:50,390.3,246.7,0.712,60,340,FALL IMMINENT
2026-06-06 19:33:50,413.3,252.3,0.696,60,340,FALL IMMINENT
2026-06-06 19:33:50,413.3,252.3,0.696,60,340,FALL IMMINENT
2026-06-06 19:33:51,413.3,252.3,0.696,60,340,FALL IMMINENT
2026-06-06 19:33:52,387.8,188.9,0.587,60,340,FALL IMMINENT
2026-06-06 19:33:53,387.8,188.9,0.587,60,340,FALL IMMINENT
2026-06-06 19:33:53,387.8,188.9,0.587,60,340,FALL IMMINENT
2026-06-06 19:33:53,339.7,123.2,1.133,60,340,FALL IMMINENT
2026-06-06 19:33:53,339.7,123.2,1.133,60,340,DRIFT WARNING
2026-06-06 19:33:53,339.7,123.2,1.133,60,340,DRIFT WARNING
2026-06-06 19:33:54,32.5,234.5,3.904,60,340,DRIFT WARNING
2026-06-06 19:33:54,32.5,234.5,3.904,60,340,FALL IMMINENT
2026-06-06 19:33:54,32.5,234.5,3.904,60,340,FALL IMMINENT
2026-06-06 19:33:55,397.2,221.0,0.736,60,340,FALL IMMINENT
2026-06-06 19:33:55,397.2,221.0,0.736,60,340,FALL IMMINENT
2026-06-06 19:33:55,397.2,221.0,0.736,60,340,FALL IMMINENT
2026-06-06 19:33:56,387.4,218.4,0.662,60,340,FALL IMMINENT
2026-06-06 19:33:56,387.4,218.4,0.662,60,340,FALL IMMINENT
2026-06-06 19:33:56,387.4,218.4,0.662,60,340,FALL IMMINENT
2026-06-06 19:33:57,206.0,223.3,1.363,60,340,FALL IMMINENT
2026-06-06 19:33:57,206.0,223.3,1.363,60,340,FALL IMMINENT
2026-06-06 19:33:57,206.0,223.3,1.363,60,340,FALL IMMINENT
2026-06-06 19:33:57,184.7,365.2,0.990,60,340,FALL IMMINENT
2026-06-06 19:33:57,184.7,365.2,0.990,60,340,FALL IMMINENT
2026-06-06 19:33:58,184.7,365.2,0.990,60,340,FALL IMMINENT
2026-06-06 19:33:58,148.2,253.3,1.215,60,340,FALL IMMINENT
2026-06-06 19:33:58,148.2,253.3,1.215,60,340,FALL IMMINENT
2026-06-06 19:33:58,148.2,253.3,1.215,60,340,FALL IMMINENT
2026-06-06 19:33:58,213.9,84.7,0.849,60,340,FALL IMMINENT
2026-06-06 19:33:59,213.9,84.7,0.849,60,340,STABLE
2026-06-06 19:33:59,260.8,48.6,0.736,60,340,STABLE
2026-06-06 19:33:59,260.8,48.6,0.736,60,340,FALL IMMINENT
2026-06-06 19:33:59,260.8,48.6,0.736,60,340,FALL IMMINENT
2026-06-06 19:34:00,39.2,298.7,3.655,60,340,FALL IMMINENT
2026-06-06 19:34:00,39.2,298.7,3.655,60,340,FALL IMMINENT
2026-06-06 19:34:00,197.5,221.5,1.391,60,340,FALL IMMINENT
2026-06-06 19:34:00,197.5,221.5,1.391,60,340,FALL IMMINENT
2026-06-06 19:34:00,197.5,221.5,1.391,60,340,FALL IMMINENT
2026-06-06 19:34:01,251.0,219.3,1.169,60,340,DRIFT WARNING
2026-06-06 19:34:01,251.0,219.3,1.169,60,340,FALL IMMINENT
2026-06-06 19:34:01,178.7,229.8,1.489,60,340,STABLE
2026-06-06 19:34:01,178.7,229.8,1.489,60,340,FALL IMMINENT
2026-06-06 19:34:01,178.7,229.8,1.489,60,340,FALL IMMINENT
2026-06-06 19:34:02,169.8,225.0,1.552,60,340,FALL IMMINENT
2026-06-06 19:34:02,169.8,225.0,1.552,60,340,FALL IMMINENT
2026-06-06 19:34:02,169.8,225.0,1.552,60,340,DRIFT WARNING
2026-06-06 19:34:02,86.5,227.7,2.424,60,340,DRIFT WARNING
2026-06-06 19:34:02,86.5,227.7,2.424,60,340,FALL IMMINENT
2026-06-06 19:34:02,86.5,227.7,2.424,60,340,FALL IMMINENT
2026-06-06 19:34:04,132.6,228.2,1.872,60,340,FALL IMMINENT
2026-06-06 19:34:04,132.6,228.2,1.872,60,340,FALL IMMINENT
2026-06-06 19:34:04,132.6,228.2,1.872,60,340,FALL IMMINENT
2026-06-06 19:38:21,229.2,207.5,1.170,60,340,STABLE
2026-06-06 19:38:22,228.5,208.2,1.170,60,340,STABLE
2026-06-06 19:38:22,228.5,208.2,1.170,60,340,STABLE
2026-06-06 19:38:22,228.5,208.2,1.170,60,340,STABLE
2026-06-06 19:38:22,228.8,206.9,1.172,60,340,STABLE
2026-06-06 19:38:23,228.8,206.9,1.172,60,340,STABLE
2026-06-06 19:38:23,228.8,206.9,1.172,60,340,STABLE
2026-06-06 19:38:23,227.4,208.3,1.176,60,340,STABLE
2026-06-06 19:38:23,227.4,208.3,1.176,60,340,STABLE
2026-06-06 19:38:24,126.3,298.6,0.784,60,340,STABLE
2026-06-06 19:38:24,126.3,298.6,0.784,60,340,FALL IMMINENT
2026-06-06 19:38:24,126.3,298.6,0.784,60,340,FALL IMMINENT
2026-06-06 19:38:24,228.5,207.6,1.170,60,340,FALL IMMINENT
2026-06-06 19:38:25,228.1,208.9,1.176,60,340,STABLE
2026-06-06 19:38:25,228.1,208.9,1.176,60,340,STABLE
2026-06-06 19:38:25,228.1,208.9,1.176,60,340,STABLE
2026-06-06 19:38:26,228.5,207.2,1.175,60,340,STABLE
2026-06-06 19:38:26,228.5,207.2,1.175,60,340,STABLE
2026-06-06 19:38:26,228.5,207.2,1.175,60,340,STABLE
2026-06-06 19:38:26,228.5,207.2,1.175,60,340,FALL IMMINENT
2026-06-06 19:38:27,125.9,299.4,0.788,60,340,FALL IMMINENT
2026-06-06 19:38:27,228.1,207.3,1.170,60,340,STABLE
2026-06-06 19:38:27,228.1,207.3,1.170,60,340,STABLE
2026-06-06 19:38:27,228.1,207.3,1.170,60,340,STABLE
2026-06-06 19:38:28,226.0,209.4,1.173,60,340,STABLE
2026-06-06 19:38:28,226.0,209.4,1.173,60,340,STABLE
2026-06-06 19:38:28,227.7,207.6,1.171,60,340,STABLE
2026-06-06 19:38:28,227.7,207.6,1.171,60,340,STABLE
2026-06-06 19:38:28,227.7,207.6,1.171,60,340,STABLE
2026-06-06 19:38:29,226.7,209.0,1.174,60,340,STABLE
2026-06-06 19:38:29,228.1,208.2,1.170,60,340,FALL IMMINENT
2026-06-06 19:38:29,228.1,208.2,1.170,60,340,STABLE
2026-06-06 19:38:29,228.1,208.2,1.170,60,340,STABLE
2026-06-06 19:38:30,227.0,207.7,1.172,60,340,STABLE
2026-06-06 19:38:30,227.0,207.7,1.172,60,340,STABLE
2026-06-06 19:38:30,227.4,208.6,1.172,60,340,STABLE
2026-06-06 19:38:30,227.4,208.6,1.172,60,340,STABLE
2026-06-06 19:38:30,227.4,208.6,1.172,60,340,STABLE
2026-06-06 19:38:31,226.7,208.3,1.174,60,340,STABLE
2026-06-06 19:38:31,226.7,208.3,1.174,60,340,STABLE
2026-06-06 19:38:31,227.0,207.3,1.173,60,340,STABLE
2026-06-06 19:38:31,227.0,207.3,1.173,60,340,STABLE
2026-06-06 19:38:31,227.0,207.3,1.173,60,340,STABLE
2026-06-06 19:38:32,226.7,209.3,1.169,60,340,STABLE
2026-06-06 19:38:32,228.1,207.9,1.165,60,340,STABLE
2026-06-06 19:38:32,228.1,207.9,1.165,60,340,STABLE
2026-06-06 19:38:32,228.1,207.9,1.165,60,340,STABLE
2026-06-06 19:38:33,226.7,208.0,1.172,60,340,STABLE
2026-06-06 19:38:33,226.7,208.0,1.172,60,340,STABLE
2026-06-06 19:38:33,227.4,207.6,1.171,60,340,STABLE
2026-06-06 19:38:33,227.4,207.6,1.171,60,340,STABLE
2026-06-06 19:38:33,227.4,207.6,1.171,60,340,STABLE
2026-06-06 19:38:34,227.7,207.6,1.167,60,340,STABLE
2026-06-06 19:38:34,227.7,207.6,1.167,60,340,STABLE
2026-06-06 19:38:34,226.3,208.7,1.171,60,340,STABLE
2026-06-06 19:38:34,226.3,208.7,1.171,60,340,STABLE
2026-06-06 19:38:35,226.3,208.7,1.171,60,340,STABLE
2026-06-06 19:38:35,227.4,209.6,1.174,60,340,STABLE
2026-06-06 19:38:35,227.4,209.6,1.174,60,340,STABLE
2026-06-06 19:38:35,227.4,209.6,1.174,60,340,STABLE
2026-06-06 19:38:36,226.3,209.3,1.174,60,340,STABLE
2026-06-06 19:38:36,226.3,209.3,1.174,60,340,STABLE
2026-06-06 19:38:36,226.3,209.3,1.174,60,340,STABLE
2026-06-06 19:38:36,226.0,208.7,1.173,60,340,STABLE
2026-06-06 19:38:37,226.7,209.0,1.178,60,340,STABLE
2026-06-06 19:38:37,226.7,209.0,1.178,60,340,STABLE
2026-06-06 19:38:37,226.7,209.0,1.178,60,340,STABLE
2026-06-06 19:38:37,226.0,209.1,1.175,60,340,STABLE
2026-06-06 19:38:38,227.0,207.3,1.166,60,340,STABLE
2026-06-06 19:38:38,227.0,207.3,1.166,60,340,STABLE
2026-06-06 19:38:38,227.0,207.3,1.166,60,340,STABLE
2026-06-06 19:38:38,227.4,209.3,1.175,60,340,STABLE
2026-06-06 19:38:39,226.0,208.1,1.169,60,340,STABLE
2026-06-06 19:38:39,226.0,208.1,1.169,60,340,STABLE
2026-06-06 19:38:39,226.0,208.1,1.169,60,340,STABLE
2026-06-06 19:38:40,227.8,207.9,1.170,60,340,STABLE
2026-06-06 19:38:40,227.0,208.3,1.176,60,340,STABLE
2026-06-06 19:38:40,227.0,208.3,1.176,60,340,STABLE
2026-06-06 19:38:40,227.0,208.3,1.176,60,340,STABLE
2026-06-06 19:38:40,227.7,207.6,1.172,60,340,STABLE
2026-06-06 19:38:41,226.7,208.7,1.173,60,340,STABLE
2026-06-06 19:38:41,226.7,208.7,1.173,60,340,STABLE
2026-06-06 19:38:41,226.7,208.7,1.173,60,340,STABLE
2026-06-06 19:38:41,228.1,208.2,1.166,60,340,STABLE
2026-06-06 19:38:42,228.1,208.2,1.166,60,340,STABLE
2026-06-06 19:38:42,227.4,208.9,1.174,60,340,STABLE
2026-06-06 19:38:42,227.4,208.9,1.174,60,340,STABLE
2026-06-06 19:38:42,227.4,208.9,1.174,60,340,STABLE
2026-06-06 19:38:43,227.0,208.3,1.172,60,340,STABLE
2026-06-06 19:38:43,227.0,208.3,1.172,60,340,STABLE
2026-06-06 19:38:43,226.3,209.0,1.177,60,340,STABLE
2026-06-06 19:38:43,226.3,209.0,1.177,60,340,STABLE
2026-06-06 19:38:43,226.3,209.0,1.177,60,340,STABLE
2026-06-06 19:38:44,226.0,209.7,1.174,60,340,STABLE
2026-06-06 19:38:44,226.0,209.7,1.174,60,340,STABLE
2026-06-06 19:38:44,226.0,209.7,1.174,60,340,STABLE
2026-06-06 19:38:45,216.2,209.1,1.113,60,340,STABLE
2026-06-06 19:38:45,215.1,208.9,1.110,60,340,STABLE
2026-06-06 19:38:45,215.1,208.9,1.110,60,340,STABLE
2026-06-06 19:38:46,215.1,208.9,1.110,60,340,STABLE
2026-06-06 19:38:46,218.8,208.9,1.131,60,340,STABLE
2026-06-06 19:38:46,25.5,228.9,0.450,60,340,STABLE
2026-06-06 19:38:46,25.5,228.9,0.450,60,340,FALL IMMINENT
2026-06-06 19:38:47,25.5,228.9,0.450,60,340,FALL IMMINENT
2026-06-06 19:38:47,24.2,231.9,0.476,60,340,FALL IMMINENT
2026-06-06 19:38:47,215.9,209.8,1.114,60,340,FALL IMMINENT
2026-06-06 19:38:48,215.9,209.8,1.114,60,340,STABLE
2026-06-06 19:38:48,215.9,209.8,1.114,60,340,STABLE
2026-06-06 19:38:48,216.6,208.8,1.114,60,340,STABLE
2026-06-06 19:38:48,214.0,209.0,1.104,60,340,STABLE
2026-06-06 19:38:49,214.0,209.0,1.104,60,340,STABLE
2026-06-06 19:38:49,214.0,209.0,1.104,60,340,FALL IMMINENT
2026-06-06 19:38:49,215.1,209.5,1.110,60,340,FALL IMMINENT
2026-06-06 19:38:49,215.1,209.5,1.110,60,340,FALL IMMINENT
2026-06-06 19:38:49,217.3,208.7,1.116,60,340,FALL IMMINENT
2026-06-06 19:38:50,217.3,208.7,1.116,60,340,STABLE
2026-06-06 19:38:50,217.3,208.7,1.116,60,340,STABLE
2026-06-06 19:38:50,218.7,208.6,1.120,60,340,STABLE
2026-06-06 19:38:50,218.7,208.6,1.120,60,340,STABLE
2026-06-06 19:38:51,22.6,226.3,0.406,60,340,STABLE
2026-06-06 19:38:51,22.6,226.3,0.406,60,340,FALL IMMINENT
2026-06-06 19:38:51,22.6,226.3,0.406,60,340,FALL IMMINENT
2026-06-06 19:38:51,213.3,209.0,1.098,60,340,FALL IMMINENT
2026-06-06 19:38:52,217.7,210.0,1.125,60,340,STABLE
2026-06-06 19:38:52,217.7,210.0,1.125,60,340,STABLE
2026-06-06 19:38:52,217.7,210.0,1.125,60,340,STABLE
2026-06-06 19:38:52,217.3,209.4,1.127,60,340,STABLE
2026-06-06 19:38:53,212.9,209.0,1.099,60,340,STABLE
2026-06-06 19:38:53,212.9,209.0,1.099,60,340,STABLE
2026-06-06 19:38:53,212.9,209.0,1.099,60,340,FALL IMMINENT
2026-06-06 19:38:53,217.3,209.4,1.123,60,340,FALL IMMINENT
2026-06-06 19:38:53,217.3,209.4,1.123,60,340,FALL IMMINENT
2026-06-06 19:38:53,217.3,209.4,1.123,60,340,STABLE
2026-06-06 19:38:54,216.6,209.1,1.112,60,340,STABLE
2026-06-06 19:38:54,216.6,209.1,1.112,60,340,STABLE
2026-06-06 19:38:54,216.6,209.1,1.112,60,340,STABLE
2026-06-06 19:38:54,217.3,209.0,1.121,60,340,STABLE
2026-06-06 19:38:54,217.3,209.0,1.121,60,340,STABLE
2026-06-06 19:38:55,217.3,209.0,1.121,60,340,STABLE
2026-06-06 19:38:55,214.4,209.3,1.106,60,340,STABLE
2026-06-06 19:38:55,214.4,209.3,1.106,60,340,STABLE
2026-06-06 19:38:55,214.4,209.3,1.106,60,340,STABLE
2026-06-06 19:38:55,216.6,209.4,1.121,60,340,STABLE
2026-06-06 19:38:56,216.6,209.4,1.121,60,340,STABLE
2026-06-06 19:38:56,214.1,209.9,1.106,60,340,STABLE
2026-06-06 19:38:56,214.1,209.9,1.106,60,340,STABLE
2026-06-06 19:38:56,214.1,209.9,1.106,60,340,STABLE
2026-06-06 19:38:57,216.6,210.1,1.123,60,340,STABLE
2026-06-06 19:38:57,216.2,209.5,1.111,60,340,STABLE
2026-06-06 19:38:57,216.2,209.5,1.111,60,340,STABLE
2026-06-06 19:38:57,216.2,209.5,1.111,60,340,STABLE
2026-06-06 19:38:58,217.3,208.1,1.119,60,340,STABLE
2026-06-06 19:38:58,217.3,208.1,1.119,60,340,STABLE
2026-06-06 19:38:58,217.3,209.4,1.117,60,340,STABLE
2026-06-06 19:38:58,217.3,209.4,1.117,60,340,STABLE
2026-06-06 19:38:59,217.3,209.4,1.117,60,340,STABLE
2026-06-06 19:38:59,219.1,208.6,1.134,60,340,STABLE
2026-06-06 19:38:59,219.1,208.6,1.134,60,340,STABLE
2026-06-06 19:38:59,216.6,209.1,1.117,60,340,STABLE
2026-06-06 19:39:00,216.6,209.1,1.117,60,340,STABLE
2026-06-06 19:39:00,216.6,209.1,1.117,60,340,STABLE
2026-06-06 19:39:00,217.3,209.4,1.117,60,340,STABLE
2026-06-06 19:39:00,217.3,209.4,1.117,60,340,STABLE
2026-06-06 19:39:01,217.3,209.4,1.117,60,340,STABLE
2026-06-06 19:39:01,217.3,209.4,1.117,60,340,STABLE
2026-06-06 19:39:01,213.3,209.3,1.099,60,340,STABLE
2026-06-06 19:39:01,213.3,209.3,1.099,60,340,STABLE
2026-06-06 19:39:02,215.5,209.8,1.113,60,340,STABLE
2026-06-06 19:39:02,215.5,209.8,1.113,60,340,STABLE
2026-06-06 19:39:02,215.5,209.8,1.113,60,340,STABLE
2026-06-06 19:39:02,218.0,208.7,1.120,60,340,STABLE
2026-06-06 19:39:02,218.0,208.7,1.120,60,340,STABLE
2026-06-06 19:39:03,215.5,209.2,1.113,60,340,STABLE
2026-06-06 19:39:03,215.5,209.2,1.113,60,340,STABLE
2026-06-06 19:39:03,215.5,209.2,1.113,60,340,STABLE
2026-06-06 19:39:03,216.9,209.1,1.117,60,340,STABLE
2026-06-06 19:39:04,216.9,209.1,1.117,60,340,STABLE
2026-06-06 19:39:04,217.3,208.7,1.116,60,340,STABLE
2026-06-06 19:39:04,217.3,208.7,1.116,60,340,STABLE
2026-06-06 19:39:04,217.3,208.7,1.116,60,340,STABLE
2026-06-06 19:39:05,217.3,208.7,1.116,60,340,STABLE
2026-06-06 19:39:05,217.3,208.7,1.116,60,340,STABLE
2026-06-06 19:39:05,217.3,208.7,1.116,60,340,STABLE
2026-06-06 19:39:05,217.3,208.7,1.116,60,340,STABLE
2026-06-06 19:39:06,216.6,209.8,1.119,60,340,STABLE
2026-06-06 19:39:06,216.2,208.8,1.118,60,340,STABLE
2026-06-06 19:39:06,216.2,208.8,1.118,60,340,STABLE
2026-06-06 19:39:06,216.2,208.8,1.118,60,340,STABLE
2026-06-06 19:39:07,218.4,209.3,1.117,60,340,STABLE
2026-06-06 19:39:07,218.4,209.3,1.117,60,340,STABLE
2026-06-06 19:39:07,218.4,209.3,1.117,60,340,STABLE
2026-06-06 19:39:07,218.4,209.3,1.117,60,340,STABLE
2026-06-06 19:39:07,218.4,209.3,1.117,60,340,STABLE
2026-06-06 19:39:08,218.0,208.7,1.117,60,340,STABLE
2026-06-06 19:39:08,218.0,208.7,1.117,60,340,STABLE
2026-06-06 19:39:08,218.0,208.7,1.117,60,340,STABLE
2026-06-06 19:39:08,26.8,229.9,0.462,60,340,STABLE
2026-06-06 19:39:08,26.8,229.9,0.462,60,340,FALL IMMINENT
2026-06-06 19:39:09,26.8,229.9,0.462,60,340,FALL IMMINENT
2026-06-06 19:39:09,218.4,209.3,1.125,60,340,FALL IMMINENT
2026-06-06 19:39:09,218.4,209.3,1.125,60,340,STABLE
2026-06-06 19:39:09,218.4,209.3,1.125,60,340,STABLE
2026-06-06 19:39:09,218.4,209.3,1.125,60,340,STABLE
2026-06-06 19:39:10,218.4,209.3,1.125,60,340,STABLE
2026-06-06 19:39:10,216.6,209.4,1.109,60,340,STABLE
2026-06-06 19:39:10,216.6,209.4,1.109,60,340,STABLE
2026-06-06 19:39:11,214.0,209.6,1.108,60,340,FALL IMMINENT
2026-06-06 19:39:11,214.0,209.6,1.108,60,340,FALL IMMINENT
2026-06-06 19:39:11,214.0,209.6,1.108,60,340,FALL IMMINENT
2026-06-06 19:39:11,216.5,206.8,1.102,60,340,STABLE
2026-06-06 19:39:12,216.5,206.8,1.102,60,340,STABLE
2026-06-06 19:39:12,216.5,206.8,1.102,60,340,STABLE
2026-06-06 19:39:12,216.5,206.8,1.102,60,340,STABLE
2026-06-06 19:39:13,218.0,209.6,1.122,60,340,STABLE
2026-06-06 19:39:13,219.5,208.9,1.126,60,340,STABLE
2026-06-06 19:39:13,219.5,208.9,1.126,60,340,STABLE
2026-06-06 19:39:13,219.5,208.9,1.126,60,340,STABLE
2026-06-06 19:39:14,210.8,209.5,1.090,60,340,STABLE
2026-06-06 19:39:14,210.8,209.5,1.090,60,340,STABLE
2026-06-06 19:39:14,210.8,209.5,1.090,60,340,STABLE
2026-06-06 19:39:14,210.8,209.5,1.090,60,340,STABLE
2026-06-06 19:39:14,216.6,209.1,1.115,60,340,STABLE
2026-06-06 19:39:15,216.6,209.1,1.115,60,340,STABLE
2026-06-06 19:39:15,217.7,210.3,1.119,60,340,STABLE
2026-06-06 19:39:15,217.7,210.3,1.119,60,340,STABLE
2026-06-06 19:39:15,217.7,210.3,1.119,60,340,STABLE
2026-06-06 19:39:16,218.4,209.3,1.126,60,340,STABLE
2026-06-06 19:39:16,218.4,209.3,1.126,60,340,STABLE
2026-06-06 19:39:16,217.0,209.7,1.121,60,340,STABLE
2026-06-06 19:39:16,217.0,209.7,1.121,60,340,STABLE
2026-06-06 19:39:16,217.0,209.7,1.121,60,340,STABLE
2026-06-06 19:39:17,216.6,209.4,1.104,60,340,STABLE
2026-06-06 19:39:17,216.6,209.4,1.104,60,340,STABLE
2026-06-06 19:39:17,216.2,209.8,1.113,60,340,STABLE
2026-06-06 19:39:17,216.2,209.8,1.113,60,340,STABLE
2026-06-06 19:39:17,216.2,209.8,1.113,60,340,STABLE
2026-06-06 19:39:18,218.8,210.2,1.125,60,340,STABLE
2026-06-06 19:39:18,218.8,210.2,1.125,60,340,STABLE
2026-06-06 19:39:18,209.7,209.6,1.066,60,340,STABLE
2026-06-06 19:39:18,209.7,209.6,1.066,60,340,STABLE
2026-06-06 19:39:19,209.7,209.6,1.066,60,340,STABLE
2026-06-06 19:39:19,217.7,210.6,1.111,60,340,STABLE
2026-06-06 19:39:19,217.7,210.6,1.111,60,340,STABLE
2026-06-06 19:39:19,217.7,210.6,1.111,60,340,STABLE
2026-06-06 19:39:20,217.7,210.6,1.111,60,340,STABLE
2026-06-06 19:39:20,214.0,209.3,1.099,60,340,STABLE
2026-06-06 19:39:20,214.0,209.3,1.099,60,340,STABLE
2026-06-06 19:39:20,216.6,210.7,1.110,60,340,STABLE
2026-06-06 19:39:20,216.6,210.7,1.110,60,340,STABLE
2026-06-06 19:39:21,216.6,210.7,1.110,60,340,STABLE
2026-06-06 19:39:21,216.6,209.4,1.109,60,340,STABLE
2026-06-06 19:39:21,218.1,210.3,1.115,60,340,STABLE
2026-06-06 19:39:22,218.1,210.3,1.115,60,340,STABLE
2026-06-06 19:39:22,218.1,210.3,1.115,60,340,STABLE
2026-06-06 19:39:22,218.1,210.3,1.115,60,340,STABLE
2026-06-06 19:39:23,218.1,210.3,1.115,60,340,STABLE
2026-06-06 19:39:23,218.1,210.3,1.115,60,340,STABLE
2026-06-06 19:39:23,218.1,210.3,1.115,60,340,STABLE
2026-06-06 19:39:24,217.7,211.0,1.113,60,340,STABLE
2026-06-06 19:39:24,217.7,211.0,1.113,60,340,STABLE
2026-06-06 19:39:24,217.7,211.0,1.113,60,340,STABLE
2026-06-06 19:39:24,211.5,211.4,1.084,60,340,STABLE
2026-06-06 19:39:25,211.5,211.4,1.084,60,340,STABLE
2026-06-06 19:39:25,211.5,211.4,1.084,60,340,STABLE
2026-06-06 19:39:25,211.5,211.4,1.084,60,340,STABLE
2026-06-06 19:39:25,215.5,210.5,1.096,60,340,STABLE
2026-06-06 19:39:25,215.5,210.5,1.096,60,340,STABLE
2026-06-06 19:39:26,215.1,209.5,1.110,60,340,STABLE
2026-06-06 19:39:26,215.1,209.5,1.110,60,340,STABLE
2026-06-06 19:39:26,215.1,209.5,1.110,60,340,STABLE
2026-06-06 19:39:28,212.6,211.4,1.083,60,340,STABLE
2026-06-06 19:39:28,213.7,210.3,1.086,60,340,STABLE
2026-06-06 19:39:28,213.7,210.3,1.086,60,340,STABLE
2026-06-06 19:39:29,213.7,210.3,1.086,60,340,STABLE
2026-06-06 19:39:29,213.7,210.3,1.086,60,340,STABLE
2026-06-06 19:39:29,213.7,210.3,1.086,60,340,STABLE
2026-06-06 19:39:29,213.7,210.3,1.086,60,340,STABLE
2026-06-06 19:39:29,216.2,209.8,1.106,60,340,STABLE
2026-06-06 19:39:30,215.5,209.8,1.100,60,340,STABLE
2026-06-06 19:39:30,215.5,209.8,1.100,60,340,STABLE
2026-06-06 19:39:30,215.5,209.8,1.100,60,340,STABLE
2026-06-06 19:39:35,215.1,208.6,1.098,60,340,STABLE
2026-06-06 19:39:40,215.9,210.1,1.109,60,340,STABLE
2026-06-06 19:39:41,227.1,209.6,1.165,60,340,STABLE
2026-06-06 19:39:41,227.1,209.6,1.165,60,340,STABLE
2026-06-06 19:39:41,227.1,209.6,1.165,60,340,STABLE
2026-06-06 19:39:42,227.8,208.9,1.166,60,340,STABLE
2026-06-06 19:39:42,227.8,208.9,1.166,60,340,STABLE
2026-06-06 19:39:42,227.8,208.9,1.166,60,340,STABLE
2026-06-06 19:39:43,226.7,209.3,1.162,60,340,STABLE
2026-06-06 19:39:43,226.7,209.3,1.162,60,340,STABLE
2026-06-06 19:39:43,226.7,209.3,1.162,60,340,STABLE
2026-06-06 19:39:44,227.8,209.2,1.168,60,340,STABLE
2026-06-06 19:39:44,227.8,208.6,1.167,60,340,STABLE
2026-06-06 19:39:45,227.8,208.6,1.167,60,340,STABLE
2026-06-06 19:39:45,227.8,208.6,1.167,60,340,STABLE
2026-06-06 19:39:45,228.1,208.9,1.164,60,340,STABLE
2026-06-06 19:39:46,226.7,209.3,1.169,60,340,STABLE
2026-06-06 19:39:46,226.7,209.3,1.169,60,340,STABLE
2026-06-06 19:39:46,226.7,209.3,1.169,60,340,STABLE
2026-06-06 19:39:46,383.1,215.0,0.720,60,340,STABLE
2026-06-06 19:39:47,227.4,209.6,1.167,60,340,FALL IMMINENT
2026-06-06 19:39:47,227.4,209.6,1.167,60,340,STABLE
2026-06-06 19:39:47,227.4,209.6,1.167,60,340,STABLE
2026-06-06 19:39:48,227.4,209.3,1.158,60,340,STABLE
2026-06-06 19:39:48,227.4,208.6,1.162,60,340,STABLE
2026-06-06 19:39:49,227.4,208.6,1.162,60,340,STABLE
2026-06-06 19:39:49,227.4,208.6,1.162,60,340,STABLE
2026-06-06 19:39:50,383.2,216.2,0.728,60,340,STABLE
2026-06-06 19:39:50,383.2,216.2,0.728,60,340,FALL IMMINENT
2026-06-06 19:39:51,227.4,209.3,1.166,60,340,FALL IMMINENT
2026-06-06 19:39:51,227.4,209.3,1.166,60,340,STABLE
2026-06-06 19:39:52,227.4,209.3,1.166,60,340,STABLE
2026-06-06 19:39:52,228.1,208.9,1.160,60,340,STABLE
2026-06-06 19:39:53,228.1,208.9,1.160,60,340,STABLE
2026-06-06 19:39:53,227.1,209.0,1.159,60,340,STABLE
2026-06-06 19:39:54,227.1,209.0,1.159,60,340,STABLE
2026-06-06 19:39:57,228.8,207.9,1.161,60,340,STABLE
2026-06-06 19:40:04,227.4,208.9,1.161,60,340,FALL IMMINENT
2026-06-06 19:40:07,226.4,210.0,1.164,60,340,FALL IMMINENT
2026-06-06 19:40:13,227.4,208.3,1.163,60,340,STABLE
2026-06-06 19:40:17,228.8,208.2,1.156,60,340,STABLE
2026-06-06 19:40:20,228.5,207.6,1.161,60,340,STABLE
2026-06-06 19:40:24,376.2,215.9,0.711,60,340,STABLE
2026-06-06 19:40:29,228.1,208.2,1.160,60,340,FALL IMMINENT
2026-06-06 19:40:33,228.5,207.6,1.161,60,340,STABLE
2026-06-06 19:40:36,386.0,215.1,0.722,60,340,STABLE
2026-06-06 19:40:41,227.8,207.9,1.152,60,340,FALL IMMINENT
2026-06-06 19:40:47,227.0,208.6,1.164,60,340,STABLE
2026-06-06 19:40:50,228.1,208.9,1.163,60,340,STABLE
2026-06-06 19:40:55,228.1,207.9,1.165,60,340,STABLE
2026-06-06 19:41:02,227.1,209.0,1.161,60,340,STABLE
2026-06-06 19:41:08,226.0,209.1,1.164,60,340,STABLE
2026-06-06 19:41:13,227.4,208.9,1.160,60,340,FALL IMMINENT
2026-06-06 19:41:17,227.0,208.3,1.162,60,340,STABLE
2026-06-06 19:41:22,226.7,209.3,1.162,60,340,STABLE
2026-06-06 19:41:26,227.8,208.6,1.164,60,340,FALL IMMINENT
2026-06-06 19:41:32,228.1,208.2,1.163,60,340,STABLE
2026-06-06 19:41:36,385.4,215.8,0.726,60,340,STABLE
2026-06-06 19:41:43,228.1,207.9,1.161,60,340,FALL IMMINENT
2026-06-06 19:41:44,227.8,208.9,1.158,60,340,STABLE
2026-06-06 19:41:45,384.1,215.9,0.726,60,340,STABLE
2026-06-06 19:41:45,384.1,215.9,0.726,60,340,FALL IMMINENT
2026-06-06 19:41:45,384.1,215.9,0.726,60,340,FALL IMMINENT
2026-06-06 19:41:46,227.1,209.0,1.162,60,340,FALL IMMINENT
2026-06-06 19:41:46,226.0,208.7,1.162,60,340,STABLE
2026-06-06 19:41:46,226.0,208.7,1.162,60,340,STABLE
2026-06-06 19:41:47,226.0,208.7,1.162,60,340,STABLE
2026-06-06 19:41:47,377.2,215.8,0.710,60,340,FALL IMMINENT
2026-06-06 19:41:47,228.5,208.5,1.160,60,340,FALL IMMINENT
2026-06-06 19:41:48,228.5,208.5,1.160,60,340,STABLE
2026-06-06 19:41:48,228.5,208.5,1.160,60,340,FALL IMMINENT
2026-06-06 19:41:48,226.3,208.7,1.164,60,340,FALL IMMINENT
2026-06-06 19:41:48,227.4,208.0,1.161,60,340,FALL IMMINENT
2026-06-06 19:41:49,227.4,208.0,1.161,60,340,STABLE
2026-06-06 19:41:49,227.4,208.0,1.161,60,340,STABLE
2026-06-06 19:41:49,378.1,216.0,0.717,60,340,STABLE
2026-06-06 19:41:50,227.8,208.6,1.164,60,340,FALL IMMINENT
2026-06-06 19:41:50,227.8,208.6,1.164,60,340,FALL IMMINENT
2026-06-06 19:41:50,227.8,208.6,1.164,60,340,STABLE
2026-06-06 19:41:50,382.5,215.1,0.712,60,340,STABLE
2026-06-06 19:41:51,227.4,208.9,1.164,60,340,FALL IMMINENT
2026-06-06 19:41:51,227.4,208.9,1.164,60,340,STABLE
2026-06-06 19:42:01,226.7,209.0,1.163,60,340,STABLE
2026-06-06 19:42:08,376.6,216.2,0.710,60,340,STABLE
2026-06-06 19:42:26,227.1,209.0,1.166,60,340,FALL IMMINENT
2026-06-06 19:42:34,228.1,207.6,1.160,60,340,FALL IMMINENT
2026-06-06 19:42:48,226.7,209.0,1.164,60,340,STABLE
2026-06-06 19:43:03,227.4,208.3,1.160,60,340,STABLE
2026-06-06 19:46:52,230.2,208.8,1.167,60,340,STABLE
2026-06-06 19:46:54,161.0,83.2,1.382,60,340,STABLE
2026-06-06 19:46:54,161.0,83.2,1.382,60,340,STABLE
2026-06-06 19:46:55,227.3,210.9,1.185,60,340,STABLE
2026-06-06 19:46:55,227.3,210.9,1.185,60,340,STABLE
2026-06-06 19:46:55,227.3,210.9,1.185,60,340,STABLE
2026-06-06 19:46:55,173.6,195.8,0.511,60,340,STABLE
2026-06-06 19:46:56,173.6,195.8,0.511,60,340,FALL IMMINENT
2026-06-06 19:46:56,172.9,196.5,0.511,60,340,FALL IMMINENT
2026-06-06 19:46:56,172.9,196.5,0.511,60,340,FALL IMMINENT
2026-06-06 19:46:56,172.9,196.5,0.511,60,340,FALL IMMINENT
2026-06-06 19:46:56,173.2,196.1,0.502,60,340,STABLE
2026-06-06 19:46:57,173.2,196.1,0.502,60,340,STABLE
2026-06-06 19:46:57,172.5,196.2,0.502,60,340,FALL IMMINENT
2026-06-06 19:46:57,172.5,196.2,0.502,60,340,FALL IMMINENT
2026-06-06 19:46:57,172.5,196.2,0.502,60,340,FALL IMMINENT
2026-06-06 19:46:57,173.2,195.8,0.509,60,340,STABLE
2026-06-06 19:46:58,173.2,195.8,0.509,60,340,STABLE
2026-06-06 19:46:58,173.2,195.8,0.509,60,340,STABLE
2026-06-06 19:46:58,173.2,195.8,0.509,60,340,STABLE
2026-06-06 19:46:58,173.2,195.8,0.509,60,340,STABLE
2026-06-06 19:46:59,173.2,195.8,0.513,60,340,STABLE
2026-06-06 19:46:59,173.2,195.8,0.513,60,340,STABLE
2026-06-06 19:46:59,173.3,196.4,0.502,60,340,STABLE
2026-06-06 19:46:59,173.3,196.4,0.502,60,340,STABLE
2026-06-06 19:46:59,173.3,196.4,0.502,60,340,STABLE
2026-06-06 19:47:00,173.2,195.5,0.513,60,340,STABLE
2026-06-06 19:47:00,173.2,195.5,0.513,60,340,STABLE
2026-06-06 19:47:00,173.6,196.1,0.511,60,340,STABLE
2026-06-06 19:47:00,173.6,196.1,0.511,60,340,STABLE
2026-06-06 19:47:00,173.6,196.1,0.511,60,340,STABLE
2026-06-06 19:47:01,173.3,196.4,0.513,60,340,STABLE
2026-06-06 19:47:01,173.3,196.4,0.513,60,340,STABLE
2026-06-06 19:47:01,173.3,196.4,0.513,60,340,STABLE
2026-06-06 19:47:01,173.2,195.8,0.509,60,340,STABLE
2026-06-06 19:47:02,173.2,195.8,0.509,60,340,STABLE
2026-06-06 19:47:02,173.2,195.8,0.509,60,340,STABLE
2026-06-06 19:47:02,173.2,195.8,0.509,60,340,STABLE
2026-06-06 19:47:02,172.9,196.1,0.507,60,340,STABLE
2026-06-06 19:47:02,172.9,196.1,0.507,60,340,STABLE
2026-06-06 19:47:03,172.9,196.1,0.507,60,340,STABLE
2026-06-06 19:47:03,173.6,196.1,0.511,60,340,STABLE
2026-06-06 19:47:03,173.6,196.1,0.511,60,340,STABLE
2026-06-06 19:47:03,173.2,196.1,0.506,60,340,STABLE
2026-06-06 19:47:04,173.2,196.1,0.506,60,340,STABLE
2026-06-06 19:47:04,173.2,196.1,0.506,60,340,STABLE
2026-06-06 19:47:04,173.6,195.4,0.515,60,340,STABLE
2026-06-06 19:47:04,173.6,195.4,0.515,60,340,STABLE
2026-06-06 19:47:05,173.6,195.4,0.515,60,340,STABLE
2026-06-06 19:47:05,173.6,195.4,0.515,60,340,STABLE
2026-06-06 19:47:05,173.6,195.4,0.515,60,340,STABLE
2026-06-06 19:47:05,173.2,196.1,0.513,60,340,STABLE
2026-06-06 19:47:06,172.9,195.8,0.511,60,340,STABLE
2026-06-06 19:47:06,172.9,195.8,0.511,60,340,STABLE
2026-06-06 19:47:06,172.9,195.8,0.511,60,340,STABLE
2026-06-06 19:47:06,173.2,195.1,0.521,60,340,STABLE
2026-06-06 19:47:06,173.2,195.1,0.521,60,340,STABLE
2026-06-06 19:47:07,173.2,196.1,0.506,60,340,STABLE
2026-06-06 19:47:07,173.2,196.1,0.506,60,340,STABLE
2026-06-06 19:47:07,173.2,196.1,0.506,60,340,STABLE
2026-06-06 19:47:07,173.2,195.8,0.517,60,340,STABLE
2026-06-06 19:47:08,173.2,195.8,0.517,60,340,STABLE
2026-06-06 19:47:08,172.9,196.5,0.511,60,340,STABLE
2026-06-06 19:47:08,172.9,196.5,0.511,60,340,STABLE
2026-06-06 19:47:08,172.9,196.5,0.511,60,340,STABLE
2026-06-06 19:47:08,173.2,195.8,0.509,60,340,STABLE
2026-06-06 19:47:09,173.2,195.8,0.509,60,340,STABLE
2026-06-06 19:47:09,173.6,195.4,0.511,60,340,STABLE
2026-06-06 19:47:09,173.6,195.4,0.511,60,340,STABLE
2026-06-06 19:47:09,173.6,195.4,0.511,60,340,STABLE
2026-06-06 19:47:10,173.6,196.1,0.511,60,340,STABLE
2026-06-06 19:47:10,173.6,196.1,0.511,60,340,STABLE
2026-06-06 19:47:10,173.6,196.1,0.511,60,340,STABLE
2026-06-06 19:47:10,173.6,196.1,0.511,60,340,STABLE
2026-06-06 19:47:11,173.2,195.8,0.509,60,340,STABLE
2026-06-06 19:47:11,173.2,195.8,0.509,60,340,STABLE
2026-06-06 19:47:11,173.2,195.8,0.509,60,340,STABLE
2026-06-06 19:47:11,173.2,195.8,0.509,60,340,STABLE
2026-06-06 19:47:12,173.2,195.8,0.509,60,340,STABLE
2026-06-06 19:47:12,173.3,196.4,0.506,60,340,STABLE
2026-06-06 19:47:12,173.3,196.4,0.506,60,340,STABLE
2026-06-06 19:47:12,173.3,196.4,0.506,60,340,STABLE
2026-06-06 19:47:13,173.3,196.4,0.506,60,340,STABLE
2026-06-06 19:47:13,173.6,195.4,0.511,60,340,STABLE
2026-06-06 19:47:13,173.6,195.4,0.511,60,340,STABLE
2026-06-06 19:47:13,173.2,196.1,0.506,60,340,STABLE
2026-06-06 19:47:14,173.2,196.1,0.506,60,340,STABLE
2026-06-06 19:47:14,173.2,196.1,0.506,60,340,STABLE
2026-06-06 19:47:14,173.2,195.5,0.513,60,340,STABLE
2026-06-06 19:47:14,173.2,195.8,0.509,60,340,STABLE
2026-06-06 19:47:15,173.2,195.8,0.509,60,340,STABLE
2026-06-06 19:47:15,173.2,195.8,0.509,60,340,STABLE
2026-06-06 19:47:15,229.8,208.8,1.168,60,340,STABLE
2026-06-06 19:47:15,229.8,208.5,1.166,60,340,FALL IMMINENT
2026-06-06 19:47:16,229.8,208.5,1.166,60,340,FALL IMMINENT
2026-06-06 19:47:16,229.8,208.5,1.166,60,340,FALL IMMINENT
2026-06-06 19:47:16,229.8,208.5,1.166,60,340,FALL IMMINENT
2026-06-06 19:47:16,229.8,208.5,1.166,60,340,FALL IMMINENT
2026-06-06 19:47:16,229.8,208.8,1.168,60,340,FALL IMMINENT
2026-06-06 19:47:17,229.8,208.8,1.168,60,340,FALL IMMINENT
2026-06-06 19:47:17,229.8,208.8,1.168,60,340,FALL IMMINENT
2026-06-06 19:47:17,230.2,209.1,1.168,60,340,FALL IMMINENT
2026-06-06 19:47:17,230.2,209.1,1.168,60,340,STABLE
2026-06-06 19:47:18,229.4,208.5,1.168,60,340,STABLE
2026-06-06 19:47:18,229.4,208.5,1.168,60,340,STABLE
2026-06-06 19:47:18,229.4,208.5,1.168,60,340,STABLE
2026-06-06 19:47:18,229.4,208.5,1.168,60,340,STABLE
2026-06-06 19:47:18,229.4,208.5,1.168,60,340,STABLE
2026-06-06 19:47:19,229.8,208.5,1.166,60,340,STABLE
2026-06-06 19:47:19,229.8,208.5,1.166,60,340,STABLE
2026-06-06 19:47:19,229.8,208.5,1.166,60,340,STABLE
2026-06-06 19:47:19,229.4,208.8,1.166,60,340,STABLE
2026-06-06 19:47:20,229.8,208.5,1.163,60,340,STABLE
2026-06-06 19:47:20,229.8,208.5,1.163,60,340,STABLE
2026-06-06 19:47:20,229.8,208.5,1.163,60,340,STABLE
2026-06-06 19:47:20,230.2,208.1,1.163,60,340,STABLE
2026-06-06 19:47:21,230.2,208.1,1.163,60,340,STABLE
2026-06-06 19:47:21,229.5,209.2,1.172,60,340,STABLE
2026-06-06 19:47:21,229.5,209.2,1.172,60,340,STABLE
2026-06-06 19:47:21,229.5,209.2,1.172,60,340,STABLE
2026-06-06 19:47:21,230.2,208.8,1.166,60,340,STABLE
2026-06-06 19:47:22,230.2,208.8,1.166,60,340,STABLE
2026-06-06 19:47:22,229.1,209.2,1.166,60,340,STABLE
2026-06-06 19:47:22,229.1,209.2,1.166,60,340,STABLE
2026-06-06 19:47:22,229.1,209.2,1.166,60,340,STABLE
2026-06-06 19:47:23,229.8,209.1,1.166,60,340,STABLE
2026-06-06 19:47:23,230.2,208.8,1.166,60,340,STABLE
2026-06-06 19:47:23,230.2,208.8,1.166,60,340,STABLE
2026-06-06 19:47:23,230.2,208.8,1.166,60,340,STABLE
2026-06-06 19:47:24,229.4,208.5,1.168,60,340,STABLE
2026-06-06 19:47:24,229.4,208.5,1.168,60,340,STABLE
2026-06-06 19:47:24,229.4,208.8,1.167,60,340,STABLE
2026-06-06 19:47:24,229.4,208.8,1.167,60,340,STABLE
2026-06-06 19:47:25,229.4,208.8,1.167,60,340,STABLE
2026-06-06 19:47:25,229.8,208.5,1.166,60,340,STABLE
2026-06-06 19:47:25,229.8,208.5,1.166,60,340,STABLE
2026-06-06 19:47:25,230.2,209.1,1.164,60,340,STABLE
2026-06-06 19:47:25,230.2,209.1,1.164,60,340,STABLE
2026-06-06 19:47:26,230.2,209.1,1.164,60,340,STABLE
2026-06-06 19:47:26,230.6,208.8,1.164,60,340,STABLE
2026-06-06 19:47:26,230.6,208.8,1.164,60,340,STABLE
2026-06-06 19:47:26,229.8,208.8,1.165,60,340,STABLE
2026-06-06 19:47:27,229.8,208.8,1.165,60,340,STABLE
2026-06-06 19:47:27,229.8,208.8,1.165,60,340,STABLE
2026-06-06 19:47:27,229.8,207.8,1.163,60,340,STABLE
2026-06-06 19:47:27,229.8,207.8,1.163,60,340,STABLE
2026-06-06 19:47:28,229.8,207.8,1.166,60,340,STABLE
2026-06-06 19:47:28,229.8,207.8,1.166,60,340,STABLE
2026-06-06 19:47:28,229.8,207.8,1.166,60,340,STABLE
2026-06-06 19:47:28,162.4,76.6,0.251,60,340,STABLE
2026-06-06 19:47:28,162.4,76.6,0.251,60,340,FALL IMMINENT
2026-06-06 19:47:29,166.2,71.2,0.236,60,340,FALL IMMINENT
2026-06-06 19:47:29,166.2,71.2,0.236,60,340,FALL IMMINENT
2026-06-06 19:47:29,166.2,71.2,0.236,60,340,FALL IMMINENT
2026-06-06 19:47:29,82.3,27.9,0.384,60,340,FALL IMMINENT
2026-06-06 19:47:29,82.3,27.9,0.384,60,340,FALL IMMINENT
2026-06-06 19:47:30,123.6,13.5,0.302,60,340,FALL IMMINENT
2026-06-06 19:47:30,123.6,13.5,0.302,60,340,FALL IMMINENT
2026-06-06 19:47:30,123.6,13.5,0.302,60,340,FALL IMMINENT
2026-06-06 19:47:31,229.8,208.2,1.175,60,340,FALL IMMINENT
2026-06-06 19:47:31,229.8,207.8,1.174,60,340,FALL IMMINENT
2026-06-06 19:47:31,229.8,207.8,1.174,60,340,FALL IMMINENT
2026-06-06 19:47:31,229.8,207.8,1.174,60,340,FALL IMMINENT
2026-06-06 19:47:32,229.4,208.2,1.173,60,340,FALL IMMINENT
2026-06-06 19:47:32,229.1,207.3,1.177,60,340,FALL IMMINENT
2026-06-06 19:47:32,229.1,207.3,1.177,60,340,FALL IMMINENT
2026-06-06 19:47:32,229.1,207.3,1.177,60,340,FALL IMMINENT
2026-06-06 19:47:33,110.8,14.7,0.256,60,340,FALL IMMINENT
2026-06-06 19:47:33,110.8,14.7,0.256,60,340,STABLE
2026-06-06 19:47:33,225.9,219.1,0.567,60,340,FALL IMMINENT
2026-06-06 19:47:33,225.9,219.1,0.567,60,340,STABLE
2026-06-06 19:47:33,225.9,219.1,0.567,60,340,STABLE
2026-06-06 19:47:34,228.7,207.3,1.171,60,340,STABLE
2026-06-06 19:47:34,228.7,207.3,1.171,60,340,STABLE
2026-06-06 19:47:34,228.7,207.3,1.171,60,340,STABLE
2026-06-06 19:47:34,229.0,206.6,1.176,60,340,STABLE
2026-06-06 19:47:34,229.0,206.6,1.176,60,340,STABLE
2026-06-06 19:47:35,229.0,206.6,1.176,60,340,FALL IMMINENT
2026-06-06 19:47:35,227.9,207.3,1.171,60,340,FALL IMMINENT
2026-06-06 19:47:35,228.3,207.3,1.169,60,340,STABLE
2026-06-06 19:47:36,228.3,207.3,1.169,60,340,STABLE
2026-06-06 19:47:36,228.3,207.3,1.169,60,340,STABLE
2026-06-06 19:47:36,228.3,206.4,1.181,60,340,STABLE
2026-06-06 19:47:37,228.3,208.0,1.176,60,340,STABLE
2026-06-06 19:47:37,228.3,208.0,1.176,60,340,STABLE
2026-06-06 19:47:37,228.3,208.0,1.176,60,340,STABLE
2026-06-06 19:47:37,229.1,207.6,1.171,60,340,STABLE
2026-06-06 19:47:37,229.1,207.6,1.171,60,340,STABLE
2026-06-06 19:47:38,227.9,206.1,1.182,60,340,STABLE
2026-06-06 19:47:38,227.9,206.1,1.182,60,340,STABLE
2026-06-06 19:47:38,227.9,206.1,1.182,60,340,STABLE
2026-06-06 19:47:38,227.9,207.0,1.173,60,340,STABLE
2026-06-06 19:47:38,227.9,207.0,1.173,60,340,STABLE
2026-06-06 19:47:39,228.7,206.0,1.178,60,340,STABLE
2026-06-06 19:47:39,228.7,206.0,1.178,60,340,STABLE
2026-06-06 19:47:39,228.7,206.0,1.178,60,340,STABLE
2026-06-06 19:47:39,228.7,206.6,1.171,60,340,STABLE
2026-06-06 19:47:40,228.7,207.0,1.179,60,340,STABLE
2026-06-06 19:47:40,228.7,207.0,1.179,60,340,STABLE
2026-06-06 19:47:40,228.7,207.0,1.179,60,340,STABLE
2026-06-06 19:47:40,227.9,206.7,1.185,60,340,STABLE
2026-06-06 19:47:41,227.9,206.7,1.185,60,340,STABLE
2026-06-06 19:47:41,227.9,205.7,1.177,60,340,STABLE
2026-06-06 19:47:41,227.9,205.7,1.177,60,340,STABLE
2026-06-06 19:47:41,227.9,205.7,1.177,60,340,STABLE
2026-06-06 19:47:41,229.1,207.3,1.176,60,340,STABLE
2026-06-06 19:47:42,229.1,207.3,1.176,60,340,STABLE
2026-06-06 19:47:42,229.1,207.3,1.176,60,340,STABLE
2026-06-06 19:47:42,228.3,207.0,1.171,60,340,STABLE
2026-06-06 19:47:42,228.3,207.0,1.171,60,340,STABLE
2026-06-06 19:47:42,228.3,207.0,1.171,60,340,STABLE
2026-06-06 19:47:43,228.7,207.0,1.180,60,340,STABLE
2026-06-06 19:47:43,228.7,207.0,1.180,60,340,STABLE
2026-06-06 19:47:43,225.4,189.9,1.282,60,340,STABLE
2026-06-06 19:47:43,225.4,189.9,1.282,60,340,STABLE
2026-06-06 19:47:43,225.4,189.9,1.282,60,340,STABLE
2026-06-06 19:47:44,228.3,207.0,1.189,60,340,STABLE
2026-06-06 19:47:44,228.3,207.0,1.189,60,340,STABLE
2026-06-06 19:47:44,230.2,208.1,1.172,60,340,STABLE
2026-06-06 19:47:44,230.2,208.1,1.172,60,340,STABLE
2026-06-06 19:47:44,230.2,208.1,1.172,60,340,STABLE
2026-06-06 19:47:45,229.4,207.6,1.173,60,340,STABLE
2026-06-06 19:47:45,229.4,207.6,1.173,60,340,STABLE
2026-06-06 19:47:45,229.8,208.5,1.170,60,340,STABLE
2026-06-06 19:47:45,229.8,208.5,1.170,60,340,STABLE
2026-06-06 19:47:46,229.8,208.5,1.170,60,340,STABLE
2026-06-06 19:47:46,229.1,208.2,1.172,60,340,STABLE
2026-06-06 19:47:46,229.1,208.2,1.172,60,340,STABLE
2026-06-06 19:47:46,229.1,208.2,1.172,60,340,STABLE
2026-06-06 19:47:46,229.8,208.5,1.177,60,340,STABLE
2026-06-06 19:47:47,229.8,208.5,1.177,60,340,STABLE
2026-06-06 19:47:47,229.8,208.5,1.177,60,340,STABLE
2026-06-06 19:47:47,229.8,207.8,1.178,60,340,STABLE
2026-06-06 19:47:47,229.8,207.8,1.178,60,340,STABLE
2026-06-06 19:47:48,229.4,208.5,1.172,60,340,STABLE
2026-06-06 19:47:48,229.4,208.5,1.172,60,340,STABLE
2026-06-06 19:47:48,229.4,208.5,1.172,60,340,STABLE
2026-06-06 19:47:48,229.1,209.5,1.179,60,340,STABLE
2026-06-06 19:47:48,229.1,209.5,1.179,60,340,STABLE
2026-06-06 19:47:49,230.2,208.8,1.177,60,340,STABLE
2026-06-06 19:47:49,230.2,208.8,1.177,60,340,STABLE
2026-06-06 19:47:49,230.2,208.8,1.177,60,340,STABLE
2026-06-06 19:47:49,230.2,208.1,1.173,60,340,STABLE
2026-06-06 19:47:49,230.2,208.1,1.173,60,340,STABLE
2026-06-06 19:47:50,230.2,207.8,1.172,60,340,STABLE
2026-06-06 19:47:50,230.2,207.8,1.172,60,340,STABLE
2026-06-06 19:47:50,230.2,207.8,1.172,60,340,STABLE
2026-06-06 19:47:50,229.8,208.2,1.171,60,340,STABLE
2026-06-06 19:47:51,229.8,208.2,1.171,60,340,STABLE
2026-06-06 19:47:51,229.8,208.2,1.172,60,340,STABLE
2026-06-06 19:47:51,229.8,208.2,1.172,60,340,STABLE
2026-06-06 19:47:51,229.8,208.2,1.172,60,340,STABLE
2026-06-06 19:47:52,229.4,208.5,1.172,60,340,STABLE
2026-06-06 19:47:52,230.2,208.8,1.173,60,340,STABLE
2026-06-06 19:47:52,230.2,208.8,1.173,60,340,STABLE
2026-06-06 19:47:52,230.2,208.8,1.173,60,340,STABLE
2026-06-06 19:47:53,230.2,208.5,1.172,60,340,STABLE
2026-06-06 19:47:53,229.1,208.5,1.170,60,340,STABLE
2026-06-06 19:47:53,229.1,208.5,1.170,60,340,STABLE
2026-06-06 19:47:53,229.1,208.5,1.170,60,340,STABLE
2026-06-06 19:47:53,230.2,208.5,1.172,60,340,STABLE
2026-06-06 19:47:54,230.2,208.5,1.172,60,340,STABLE
2026-06-06 19:47:54,230.2,208.5,1.172,60,340,STABLE
2026-06-06 19:47:54,229.8,208.8,1.175,60,340,STABLE
2026-06-06 19:47:54,229.8,208.8,1.175,60,340,STABLE
2026-06-06 19:47:54,229.8,208.8,1.175,60,340,STABLE
2026-06-18 13:56:15,197.8,205.0,0.989,60,340,STABLE
2026-06-18 13:56:16,197.8,205.2,0.991,60,340,STABLE
2026-06-18 13:56:16,197.8,205.2,0.991,60,340,STABLE
2026-06-18 13:56:16,197.8,205.2,0.991,60,340,STABLE
2026-06-18 13:56:16,197.5,206.4,0.987,60,340,STABLE
2026-06-18 13:56:16,197.5,206.4,0.987,60,340,STABLE
2026-06-18 13:56:16,197.8,204.4,0.989,60,340,STABLE
2026-06-18 13:56:16,197.8,204.4,0.989,60,340,STABLE
2026-06-18 13:56:16,197.8,204.4,0.989,60,340,STABLE
2026-06-18 13:56:16,197.8,205.5,0.990,60,340,STABLE
2026-06-18 13:56:17,197.8,205.5,0.990,60,340,STABLE
2026-06-18 13:56:17,197.8,205.5,0.990,60,340,STABLE
2026-06-18 13:56:17,197.8,204.4,0.989,60,340,STABLE
2026-06-18 13:56:17,197.8,204.4,0.989,60,340,STABLE
2026-06-18 13:56:17,197.8,204.4,0.989,60,340,STABLE
2026-06-18 13:56:18,197.8,204.7,0.991,60,340,STABLE
2026-06-18 13:56:18,197.8,204.7,0.991,60,340,STABLE
2026-06-18 13:56:18,197.8,204.7,0.991,60,340,STABLE
2026-06-18 13:56:18,197.5,204.7,0.989,60,340,STABLE
2026-06-18 13:56:19,197.8,205.0,0.992,60,340,STABLE
2026-06-18 13:56:19,197.8,205.0,0.992,60,340,STABLE
2026-06-18 13:56:19,197.8,204.4,0.992,60,340,STABLE
2026-06-18 13:56:19,197.8,204.4,0.992,60,340,STABLE
2026-06-18 13:56:19,197.8,204.4,0.992,60,340,STABLE
2026-06-18 13:56:20,197.8,204.4,0.992,60,340,STABLE
2026-06-18 13:56:20,197.8,204.4,0.992,60,340,STABLE
2026-06-18 13:56:20,197.8,204.4,0.992,60,340,STABLE
2026-06-18 13:56:20,200.0,204.9,0.992,60,340,STABLE
2026-06-18 13:56:20,200.0,204.9,0.992,60,340,STABLE
2026-06-18 13:56:20,200.0,204.9,0.992,60,340,STABLE
2026-06-18 13:56:20,198.3,204.1,0.991,60,340,STABLE
2026-06-18 13:56:20,198.3,204.1,0.991,60,340,STABLE
2026-06-18 13:56:20,198.3,204.1,0.991,60,340,STABLE
2026-06-18 13:56:20,197.5,204.7,0.992,60,340,STABLE
2026-06-18 13:56:20,197.5,204.7,0.992,60,340,STABLE
2026-06-18 13:56:20,197.5,204.7,0.992,60,340,STABLE
2026-06-18 13:56:21,198.1,205.0,0.988,60,340,STABLE
2026-06-18 13:56:21,198.1,205.0,0.988,60,340,STABLE
2026-06-18 13:56:21,198.1,205.0,0.988,60,340,STABLE
2026-06-18 13:56:21,197.8,205.2,0.988,60,340,STABLE
2026-06-18 13:56:22,197.0,205.5,0.986,60,340,STABLE
2026-06-18 13:56:22,197.0,205.5,0.986,60,340,STABLE
2026-06-18 13:56:22,197.0,205.5,0.986,60,340,STABLE
2026-06-18 13:56:22,198.6,205.8,0.989,60,340,STABLE
2026-06-18 13:56:22,198.6,205.8,0.989,60,340,STABLE
2026-06-18 13:56:22,198.6,205.8,0.989,60,340,STABLE
2026-06-18 13:56:23,197.5,205.2,0.989,60,340,STABLE
2026-06-18 13:56:23,197.5,205.2,0.989,60,340,STABLE
2026-06-18 13:56:23,197.5,205.2,0.989,60,340,STABLE
2026-06-18 13:56:23,197.8,205.5,0.990,60,340,STABLE
2026-06-18 13:56:23,197.8,205.5,0.990,60,340,STABLE
2026-06-18 13:56:23,197.8,205.5,0.990,60,340,STABLE
2026-06-18 13:56:23,197.5,205.5,0.988,60,340,STABLE
2026-06-18 13:56:23,197.5,205.5,0.988,60,340,STABLE
2026-06-18 13:56:23,197.5,205.5,0.988,60,340,STABLE
2026-06-18 13:56:24,197.5,206.1,0.991,60,340,STABLE
2026-06-18 13:56:24,197.8,205.2,0.988,60,340,STABLE
2026-06-18 13:56:24,197.8,205.2,0.988,60,340,STABLE
2026-06-18 13:56:24,197.8,205.2,0.988,60,340,STABLE
2026-06-18 13:56:24,196.9,205.0,0.986,60,340,STABLE
2026-06-18 13:56:24,196.9,205.0,0.986,60,340,STABLE
2026-06-18 13:56:24,196.9,205.0,0.986,60,340,STABLE
2026-06-18 13:56:24,197.5,205.2,0.989,60,340,STABLE
2026-06-18 13:56:24,197.5,205.2,0.989,60,340,STABLE
2026-06-18 13:56:24,197.5,205.2,0.989,60,340,STABLE
2026-06-18 13:56:24,198.1,205.5,0.988,60,340,STABLE
2026-06-18 13:56:24,198.1,205.5,0.988,60,340,STABLE
2026-06-18 13:56:24,198.1,205.5,0.988,60,340,STABLE
2026-06-18 13:56:24,197.0,205.2,0.995,60,340,STABLE
2026-06-18 13:56:24,197.0,205.2,0.995,60,340,STABLE
2026-06-18 13:56:25,197.0,205.2,0.995,60,340,STABLE
2026-06-18 13:56:25,197.8,205.0,0.990,60,340,STABLE
2026-06-18 13:56:25,196.9,205.0,0.991,60,340,STABLE
2026-06-18 13:56:25,196.9,205.0,0.991,60,340,STABLE
2026-06-18 13:56:25,196.9,205.0,0.991,60,340,STABLE
2026-06-18 13:56:25,197.5,205.0,0.991,60,340,STABLE
2026-06-18 13:56:25,197.5,205.0,0.991,60,340,STABLE
2026-06-18 13:56:25,197.5,205.0,0.991,60,340,STABLE
2026-06-18 13:56:26,197.8,206.1,0.987,60,340,STABLE
2026-06-18 13:56:26,197.8,206.1,0.987,60,340,STABLE
2026-06-18 13:56:26,197.8,206.1,0.987,60,340,STABLE
2026-06-18 13:56:26,197.8,204.7,0.993,60,340,STABLE
2026-06-18 13:56:26,197.8,204.7,0.993,60,340,STABLE
2026-06-18 13:56:26,197.8,204.7,0.993,60,340,STABLE
2026-06-18 13:56:26,197.8,205.0,0.992,60,340,STABLE
2026-06-18 13:56:26,197.8,205.0,0.992,60,340,STABLE
2026-06-18 13:56:26,197.8,205.0,0.992,60,340,STABLE
2026-06-18 13:56:26,197.5,205.8,0.992,60,340,STABLE
2026-06-18 13:56:26,197.5,205.8,0.992,60,340,STABLE
2026-06-18 13:56:26,197.5,205.8,0.992,60,340,STABLE
2026-06-18 13:56:27,197.8,205.5,0.989,60,340,STABLE
2026-06-18 13:56:27,197.8,205.5,0.989,60,340,STABLE
2026-06-18 13:56:27,198.6,204.7,0.992,60,340,STABLE
2026-06-18 13:56:27,198.6,204.7,0.992,60,340,STABLE
2026-06-18 13:56:27,198.6,204.7,0.992,60,340,STABLE
2026-06-18 13:56:27,197.5,205.2,0.989,60,340,STABLE
2026-06-18 13:56:27,197.5,205.2,0.989,60,340,STABLE
2026-06-18 13:56:27,197.5,205.2,0.989,60,340,STABLE
2026-06-18 13:56:27,197.8,205.0,0.992,60,340,STABLE
2026-06-18 13:56:27,197.8,205.0,0.992,60,340,STABLE
2026-06-18 13:56:27,197.8,205.0,0.992,60,340,STABLE
2026-06-18 13:56:27,196.9,205.0,0.986,60,340,STABLE
2026-06-18 13:56:27,196.9,205.0,0.986,60,340,STABLE
2026-06-18 13:56:27,196.9,205.0,0.986,60,340,STABLE
2026-06-18 13:56:28,197.8,205.0,0.987,60,340,STABLE
2026-06-18 13:56:28,197.8,205.0,0.987,60,340,STABLE
2026-06-18 13:56:28,197.8,205.0,0.987,60,340,STABLE
2026-06-18 13:56:28,197.8,205.8,0.991,60,340,STABLE
2026-06-18 13:56:28,197.8,205.8,0.991,60,340,STABLE
2026-06-18 13:56:28,197.8,205.8,0.991,60,340,STABLE
2026-06-18 13:56:29,197.2,205.2,0.988,60,340,STABLE
2026-06-18 13:56:29,197.2,205.2,0.988,60,340,STABLE
2026-06-18 13:56:29,197.2,205.2,0.988,60,340,STABLE
2026-06-18 13:56:29,197.0,205.2,0.992,60,340,STABLE
2026-06-18 13:56:29,197.0,205.2,0.992,60,340,STABLE
2026-06-18 13:56:29,197.0,205.2,0.992,60,340,STABLE
2026-06-18 13:56:30,197.8,205.0,0.987,60,340,STABLE
2026-06-18 13:56:30,197.8,205.0,0.987,60,340,STABLE
2026-06-18 13:56:31,197.8,205.0,0.987,60,340,STABLE
2026-06-18 13:56:32,197.8,205.0,0.992,60,340,STABLE
2026-06-18 13:56:32,197.5,205.5,0.988,60,340,STABLE
2026-06-18 13:56:33,197.5,205.5,0.988,60,340,STABLE
2026-06-18 13:56:33,197.5,205.5,0.988,60,340,STABLE
2026-06-18 13:56:33,198.3,204.4,0.992,60,340,STABLE
2026-06-18 13:56:33,198.3,204.4,0.992,60,340,STABLE
2026-06-18 13:56:33,198.3,204.4,0.992,60,340,STABLE
2026-06-18 13:56:34,197.0,205.5,0.988,60,340,STABLE
2026-06-18 13:56:34,197.0,205.5,0.988,60,340,STABLE
2026-06-18 13:56:34,197.0,205.5,0.988,60,340,STABLE
2026-06-18 13:56:34,197.5,205.0,0.993,60,340,STABLE
2026-06-18 13:56:35,197.5,205.0,0.993,60,340,STABLE
2026-06-18 13:56:35,197.5,205.0,0.993,60,340,STABLE
2026-06-18 13:56:35,197.5,205.2,0.989,60,340,STABLE
2026-06-18 13:56:36,198.9,204.9,0.992,60,340,STABLE
2026-06-18 13:56:36,198.9,204.9,0.992,60,340,STABLE
2026-06-18 13:56:36,197.8,205.5,0.989,60,340,STABLE
2026-06-18 13:56:36,197.8,205.5,0.989,60,340,STABLE
2026-06-18 13:56:36,197.8,205.5,0.989,60,340,STABLE
2026-06-18 13:56:36,197.8,204.7,0.993,60,340,STABLE
2026-06-18 13:56:37,197.8,204.7,0.993,60,340,STABLE
2026-06-18 13:56:37,197.8,204.7,0.993,60,340,STABLE
2026-06-18 13:56:37,197.8,205.0,0.987,60,340,STABLE
2026-06-18 13:56:37,197.8,205.0,0.987,60,340,STABLE
2026-06-18 13:56:37,197.8,205.2,0.988,60,340,STABLE
2026-06-18 13:56:37,197.8,205.2,0.988,60,340,STABLE
2026-06-18 13:56:37,197.8,205.2,0.988,60,340,STABLE
2026-06-18 13:56:38,197.5,205.0,0.986,60,340,STABLE
2026-06-18 13:56:38,197.5,205.0,0.986,60,340,STABLE
2026-06-18 13:56:38,197.5,205.0,0.986,60,340,STABLE
2026-06-18 13:56:38,197.5,205.2,0.992,60,340,STABLE
2026-06-18 13:56:38,197.8,205.8,0.988,60,340,STABLE
2026-06-18 13:56:38,197.8,205.8,0.988,60,340,STABLE
2026-06-18 13:56:38,197.8,205.8,0.988,60,340,STABLE
2026-06-18 13:56:39,197.8,204.7,0.993,60,340,STABLE
2026-06-18 13:56:39,197.8,204.7,0.993,60,340,STABLE
2026-06-18 13:56:39,197.8,204.7,0.993,60,340,STABLE
2026-06-18 13:56:39,197.8,204.7,0.986,60,340,STABLE
2026-06-18 13:56:39,197.8,204.7,0.986,60,340,STABLE
2026-06-18 13:56:40,197.8,205.2,0.988,60,340,STABLE
2026-06-18 13:56:40,197.8,205.2,0.988,60,340,STABLE
2026-06-18 13:56:41,198.3,204.7,0.993,60,340,STABLE
2026-06-18 13:56:42,198.1,205.0,0.988,60,340,STABLE
2026-06-18 13:56:42,198.1,205.0,0.988,60,340,STABLE
2026-06-18 13:56:42,198.1,205.0,0.988,60,340,STABLE
2026-06-18 13:56:43,197.8,205.2,0.988,60,340,STABLE
2026-06-18 13:56:43,197.8,205.2,0.988,60,340,STABLE
2026-06-18 13:56:43,197.8,205.2,0.988,60,340,STABLE
2026-06-18 13:56:43,198.3,204.7,0.991,60,340,STABLE
2026-06-18 13:56:43,198.3,204.7,0.991,60,340,STABLE
2026-06-18 13:56:43,198.3,204.7,0.991,60,340,STABLE
2026-06-18 13:56:43,197.8,205.5,0.987,60,340,STABLE
2026-06-18 13:56:43,197.8,205.5,0.987,60,340,STABLE
2026-06-18 13:56:44,197.5,205.2,0.989,60,340,STABLE
2026-06-18 13:56:44,197.5,205.2,0.989,60,340,STABLE
2026-06-18 13:56:44,197.5,205.2,0.989,60,340,STABLE
2026-06-18 13:56:44,197.5,204.7,0.992,60,340,STABLE
2026-06-18 13:56:44,197.5,204.7,0.992,60,340,STABLE
2026-06-18 13:56:44,197.5,204.7,0.992,60,340,STABLE
2026-06-18 13:56:44,197.2,205.2,0.988,60,340,STABLE
2026-06-18 13:56:45,197.2,205.2,0.988,60,340,STABLE
2026-06-18 13:56:45,197.5,205.2,0.987,60,340,STABLE
2026-06-18 13:56:45,197.5,205.2,0.987,60,340,STABLE
2026-06-18 13:56:45,197.5,205.2,0.987,60,340,STABLE
2026-06-18 13:56:46,198.1,205.5,0.993,60,340,STABLE
2026-06-18 13:56:46,198.3,204.1,0.991,60,340,STABLE
2026-06-18 13:56:46,198.3,204.1,0.991,60,340,STABLE
2026-06-18 13:56:46,198.3,204.1,0.991,60,340,STABLE
2026-06-18 13:56:47,197.8,205.0,0.995,60,340,STABLE
2026-06-18 13:56:47,197.2,205.0,0.992,60,340,STABLE
2026-06-18 13:56:47,197.2,205.0,0.992,60,340,STABLE
2026-06-18 13:56:47,197.2,205.0,0.992,60,340,STABLE
2026-06-18 13:56:48,197.8,205.2,0.988,60,340,STABLE
2026-06-18 13:56:48,197.8,205.2,0.988,60,340,STABLE
2026-06-18 13:56:48,197.8,205.2,0.988,60,340,STABLE
2026-06-18 13:56:48,197.8,204.7,0.991,60,340,STABLE
2026-06-18 13:56:49,197.8,204.7,0.991,60,340,STABLE
2026-06-18 13:56:49,197.8,204.7,0.991,60,340,STABLE
2026-06-18 13:56:49,197.8,205.5,0.987,60,340,STABLE
2026-06-18 13:56:49,197.2,205.8,0.988,60,340,STABLE
2026-06-18 13:56:49,197.2,205.8,0.988,60,340,STABLE
2026-06-18 13:56:49,197.2,205.8,0.988,60,340,STABLE
2026-06-18 13:56:50,197.2,204.7,0.991,60,340,STABLE
2026-06-18 13:56:50,197.2,204.7,0.991,60,340,STABLE
2026-06-18 13:56:50,197.2,204.7,0.991,60,340,STABLE
2026-06-18 13:56:50,197.8,205.5,0.989,60,340,STABLE
2026-06-18 13:56:51,197.8,205.0,0.987,60,340,STABLE
2026-06-18 13:56:51,197.8,205.0,0.987,60,340,STABLE
2026-06-18 13:56:51,197.8,205.0,0.987,60,340,STABLE
2026-06-18 13:56:51,197.2,205.0,0.992,60,340,STABLE
2026-06-18 13:56:51,197.2,205.0,0.992,60,340,STABLE
2026-06-18 13:56:52,197.2,205.0,0.992,60,340,STABLE
2026-06-18 13:56:52,197.5,205.2,0.992,60,340,STABLE
2026-06-18 13:56:52,197.5,205.2,0.992,60,340,STABLE
2026-06-18 13:56:52,197.5,205.2,0.992,60,340,STABLE
2026-06-18 13:56:52,197.8,205.2,0.993,60,340,STABLE
2026-06-18 13:56:52,197.8,205.2,0.993,60,340,STABLE
2026-06-18 13:56:53,197.8,205.2,0.993,60,340,STABLE
2026-06-18 13:56:53,197.5,205.5,0.991,60,340,STABLE
2026-06-18 13:56:53,197.5,205.5,0.991,60,340,STABLE
2026-06-18 13:56:53,197.5,205.5,0.991,60,340,STABLE
2026-06-18 13:56:53,197.2,204.7,0.993,60,340,STABLE
2026-06-18 13:56:53,197.2,204.7,0.993,60,340,STABLE
2026-06-18 13:56:54,197.8,203.8,0.992,60,340,STABLE
2026-06-18 13:56:54,197.8,203.8,0.992,60,340,STABLE
2026-06-18 13:56:54,197.8,203.8,0.992,60,340,STABLE
2026-06-18 13:56:54,197.2,205.2,0.988,60,340,STABLE
2026-06-18 13:56:54,197.2,205.2,0.988,60,340,STABLE
2026-06-18 13:56:54,197.2,205.2,0.988,60,340,STABLE
2026-06-18 13:56:54,197.2,204.4,0.992,60,340,STABLE
2026-06-18 13:56:55,197.8,205.2,0.991,60,340,STABLE
2026-06-18 13:56:55,197.8,205.2,0.991,60,340,STABLE
2026-06-18 13:56:55,197.8,205.2,0.991,60,340,STABLE
2026-06-18 13:56:55,197.2,205.2,0.988,60,340,STABLE
2026-06-18 13:56:55,197.2,205.2,0.988,60,340,STABLE
2026-06-18 13:56:55,197.2,205.2,0.988,60,340,STABLE
2026-06-18 13:56:56,199.2,205.8,0.995,60,340,STABLE
2026-06-18 13:56:56,198.1,205.8,0.989,60,340,STABLE
2026-06-18 13:56:56,198.1,205.8,0.989,60,340,STABLE
2026-06-18 13:56:56,198.1,205.8,0.989,60,340,STABLE
2026-06-18 13:56:56,198.1,205.0,0.993,60,340,STABLE
2026-06-18 13:56:56,198.1,205.0,0.993,60,340,STABLE
2026-06-18 13:56:56,198.1,205.0,0.993,60,340,STABLE
2026-06-18 13:56:57,197.5,205.2,0.989,60,340,STABLE
2026-06-18 13:56:57,199.2,205.2,0.995,60,340,STABLE
2026-06-18 13:56:57,199.2,205.2,0.995,60,340,STABLE
2026-06-18 13:56:58,199.2,205.2,0.995,60,340,STABLE
2026-06-18 13:56:58,197.8,205.5,0.987,60,340,STABLE
2026-06-18 13:56:58,197.5,205.0,0.988,60,340,STABLE
2026-06-18 13:56:58,197.5,205.0,0.988,60,340,STABLE
2026-06-18 13:56:58,197.5,205.0,0.988,60,340,STABLE
2026-06-18 13:56:59,198.3,205.2,0.993,60,340,STABLE
2026-06-18 13:57:00,197.8,205.0,0.995,60,340,STABLE
2026-06-18 13:57:01,198.0,204.4,0.993,60,340,STABLE
2026-06-18 13:57:01,197.8,205.8,0.991,60,340,STABLE
2026-06-18 13:57:01,197.8,205.8,0.991,60,340,STABLE
2026-06-18 13:57:02,197.8,205.8,0.991,60,340,STABLE
2026-06-18 13:57:02,198.1,205.0,0.991,60,340,STABLE
2026-06-18 13:57:02,198.1,205.0,0.991,60,340,STABLE
2026-06-18 13:57:02,198.1,205.0,0.991,60,340,STABLE
2026-06-18 13:57:02,197.8,204.7,0.986,60,340,STABLE
2026-06-18 13:57:02,197.8,205.5,0.992,60,340,STABLE
2026-06-18 13:57:03,197.8,205.5,0.992,60,340,STABLE
2026-06-18 13:57:03,197.8,205.5,0.992,60,340,STABLE
2026-06-18 13:57:03,197.5,205.2,0.987,60,340,STABLE
2026-06-18 13:57:04,197.5,205.0,0.991,60,340,STABLE
2026-06-18 13:57:04,197.5,205.0,0.991,60,340,STABLE
2026-06-18 13:57:04,197.5,205.0,0.991,60,340,STABLE
2026-06-18 13:57:04,199.5,205.8,0.993,60,340,STABLE
2026-06-18 13:57:04,199.5,205.8,0.993,60,340,STABLE
2026-06-18 13:57:04,199.5,205.8,0.993,60,340,STABLE
2026-06-18 13:57:05,197.8,205.0,0.987,60,340,STABLE
2026-06-18 13:57:05,197.8,205.0,0.987,60,340,STABLE
2026-06-18 13:57:05,197.8,205.0,0.987,60,340,STABLE
2026-06-18 13:57:06,197.8,205.2,0.988,60,340,STABLE
2026-06-18 13:57:06,197.8,205.2,0.988,60,340,STABLE
2026-06-18 13:57:06,197.8,205.2,0.988,60,340,STABLE
2026-06-18 13:57:07,197.5,205.5,0.988,60,340,STABLE
2026-06-18 13:57:08,197.5,206.1,0.991,60,340,STABLE
2026-06-18 13:57:08,197.5,206.1,0.991,60,340,STABLE
2026-06-18 13:57:08,197.5,206.1,0.991,60,340,STABLE
2026-06-18 13:57:08,197.8,205.0,0.989,60,340,STABLE
2026-06-18 13:57:08,197.8,205.0,0.989,60,340,STABLE
2026-06-18 13:57:08,197.8,205.0,0.989,60,340,STABLE
2026-06-18 13:57:09,198.1,205.2,0.984,60,340,STABLE
2026-06-18 13:57:09,198.1,205.2,0.984,60,340,STABLE
2026-06-18 13:57:09,198.1,205.2,0.984,60,340,STABLE
2026-06-18 13:57:10,198.1,206.1,0.988,60,340,STABLE
2026-06-18 13:57:10,198.1,206.1,0.988,60,340,STABLE
2026-06-18 13:57:10,198.1,206.1,0.988,60,340,STABLE
2026-06-18 13:57:10,197.5,205.2,0.989,60,340,STABLE
2026-06-18 13:57:10,197.8,205.0,0.987,60,340,STABLE
2026-06-18 13:57:11,197.8,205.0,0.987,60,340,STABLE
2026-06-18 13:57:11,197.8,205.0,0.987,60,340,STABLE
2026-06-18 13:57:11,197.5,205.2,0.987,60,340,STABLE
2026-06-18 13:57:11,197.5,205.2,0.987,60,340,STABLE
2026-06-18 13:57:11,197.5,205.2,0.987,60,340,STABLE
2026-06-18 13:57:11,197.8,205.0,0.989,60,340,STABLE
2026-06-18 13:57:12,197.5,205.0,0.991,60,340,STABLE
2026-06-18 13:57:12,197.5,205.0,0.991,60,340,STABLE
2026-06-18 13:57:12,197.5,205.0,0.991,60,340,STABLE
2026-06-18 13:57:12,197.2,205.2,0.993,60,340,STABLE
2026-06-18 13:57:13,197.8,204.7,0.991,60,340,STABLE
2026-06-18 13:57:13,197.8,204.7,0.991,60,340,STABLE
2026-06-18 13:57:13,197.8,204.7,0.991,60,340,STABLE
2026-06-18 13:57:14,197.8,205.0,0.989,60,340,STABLE
2026-06-18 13:57:14,197.5,205.0,0.991,60,340,STABLE
2026-06-18 13:57:14,197.5,205.0,0.991,60,340,STABLE
2026-06-18 13:57:14,197.5,205.0,0.991,60,340,STABLE
2026-06-18 13:57:14,197.2,205.2,0.988,60,340,STABLE
2026-06-18 13:57:14,197.2,205.2,0.988,60,340,STABLE
2026-06-18 13:57:15,197.2,205.2,0.988,60,340,STABLE
2026-06-18 13:57:15,197.8,205.5,0.992,60,340,STABLE
2026-06-18 13:57:16,197.5,205.5,0.991,60,340,STABLE
2026-06-18 13:57:16,197.5,205.5,0.991,60,340,STABLE
2026-06-18 13:57:16,197.5,205.5,0.991,60,340,STABLE
2026-06-18 13:57:17,198.4,205.8,0.986,60,340,STABLE
2026-06-18 13:57:17,198.4,205.8,0.986,60,340,STABLE
2026-06-18 13:57:17,198.4,205.8,0.986,60,340,STABLE
2026-06-18 13:57:17,197.5,205.2,0.989,60,340,STABLE
2026-06-18 13:57:17,197.8,205.8,0.986,60,340,STABLE
2026-06-18 13:57:17,197.8,205.8,0.986,60,340,STABLE
2026-06-18 13:57:18,197.8,205.8,0.986,60,340,STABLE
2026-06-18 13:57:18,197.2,204.7,0.993,60,340,STABLE
2026-06-18 13:57:18,197.2,204.7,0.993,60,340,STABLE
2026-06-18 13:57:18,197.2,204.7,0.993,60,340,STABLE
2026-06-18 13:57:18,198.1,205.0,0.993,60,340,STABLE
2026-06-18 13:57:19,198.1,205.0,0.993,60,340,STABLE
2026-06-18 13:57:19,198.1,205.0,0.993,60,340,STABLE
2026-06-18 13:57:19,197.5,204.1,0.989,60,340,STABLE
2026-06-18 13:57:20,197.8,204.7,0.991,60,340,STABLE
2026-06-18 13:57:20,197.8,204.7,0.991,60,340,STABLE
2026-06-18 13:57:20,197.8,204.7,0.991,60,340,STABLE
2026-06-18 13:57:20,197.8,205.0,0.989,60,340,STABLE
2026-06-18 13:57:20,197.8,205.0,0.989,60,340,STABLE
2026-06-18 13:57:20,197.8,205.0,0.989,60,340,STABLE
2026-06-18 13:57:21,197.2,206.1,0.992,60,340,STABLE
2026-06-18 13:57:21,197.2,206.1,0.992,60,340,STABLE
2026-06-18 13:57:22,197.2,206.1,0.992,60,340,STABLE
2026-06-18 13:57:22,197.8,204.7,0.993,60,340,STABLE
2026-06-18 13:57:22,197.8,204.7,0.993,60,340,STABLE
2026-06-18 13:57:22,197.8,204.7,0.993,60,340,STABLE
2026-06-18 13:57:22,197.5,205.2,0.989,60,340,STABLE
2026-06-18 13:57:23,197.5,205.2,0.989,60,340,STABLE
2026-06-18 13:57:23,197.5,205.2,0.989,60,340,STABLE
2026-06-18 13:57:23,197.8,205.5,0.989,60,340,STABLE
2026-06-18 13:57:23,197.8,205.5,0.989,60,340,STABLE
2026-06-18 13:57:23,197.8,205.5,0.989,60,340,STABLE
2026-06-18 13:57:24,197.8,205.2,0.991,60,340,STABLE
2026-06-18 13:57:24,197.8,205.2,0.991,60,340,STABLE
2026-06-18 13:57:24,197.8,205.2,0.991,60,340,STABLE
2026-06-18 13:57:24,198.1,205.2,0.989,60,340,STABLE
2026-06-18 13:57:24,198.1,205.2,0.989,60,340,STABLE
2026-06-18 13:57:24,198.1,205.2,0.989,60,340,STABLE
2026-06-18 13:57:25,197.5,205.5,0.991,60,340,STABLE
2026-06-18 13:57:25,197.5,205.5,0.991,60,340,STABLE
2026-06-18 13:57:25,197.5,205.5,0.991,60,340,STABLE
2026-06-18 13:57:25,196.7,204.7,0.988,60,340,STABLE
2026-06-18 13:57:25,197.2,204.4,0.995,60,340,STABLE
2026-06-18 13:57:25,197.2,204.4,0.995,60,340,STABLE
2026-06-18 13:57:26,197.2,204.4,0.995,60,340,STABLE
2026-06-18 13:57:26,197.2,205.0,0.995,60,340,STABLE
2026-06-18 13:57:27,197.2,205.0,0.995,60,340,STABLE
2026-06-18 13:57:27,197.2,205.0,0.995,60,340,STABLE
2026-06-18 13:57:27,197.5,205.0,0.993,60,340,STABLE
2026-06-18 13:57:27,197.5,205.0,0.993,60,340,STABLE
2026-06-18 13:57:27,197.5,205.2,0.989,60,340,STABLE
2026-06-18 13:57:28,197.5,205.2,0.989,60,340,STABLE
2026-06-18 13:57:28,197.5,205.2,0.989,60,340,STABLE
2026-06-18 13:57:28,197.5,205.2,0.992,60,340,STABLE
2026-06-18 13:57:30,197.5,205.2,0.989,60,340,STABLE
2026-06-18 13:57:30,197.5,205.2,0.989,60,340,STABLE
2026-06-18 13:57:30,197.5,205.2,0.989,60,340,STABLE
2026-06-18 13:57:30,197.5,204.7,0.992,60,340,STABLE
2026-06-18 13:57:30,197.5,204.7,0.992,60,340,STABLE
2026-06-18 13:57:31,197.5,204.7,0.992,60,340,STABLE
2026-06-18 13:57:31,198.1,205.0,0.991,60,340,STABLE
2026-06-18 13:57:32,198.1,205.8,0.987,60,340,STABLE
2026-06-18 13:57:32,198.1,205.8,0.987,60,340,STABLE
2026-06-18 13:57:32,198.1,205.8,0.987,60,340,STABLE
2026-06-18 13:57:33,199.7,205.5,0.991,60,340,STABLE
2026-06-18 13:57:33,199.7,205.5,0.991,60,340,STABLE
2026-06-18 13:57:33,199.7,205.5,0.991,60,340,STABLE
2026-06-18 13:57:34,197.2,205.0,0.989,60,340,STABLE
2026-06-18 13:57:34,197.8,205.2,0.991,60,340,STABLE
2026-06-18 13:57:35,197.8,205.2,0.991,60,340,STABLE
2026-06-18 13:57:35,197.8,205.2,0.991,60,340,STABLE
2026-06-18 13:57:35,198.1,205.5,0.988,60,340,STABLE
2026-06-18 13:57:35,198.1,205.5,0.988,60,340,STABLE
2026-06-18 13:57:35,198.1,205.5,0.988,60,340,STABLE
2026-06-18 13:57:36,197.0,205.2,0.992,60,340,STABLE
2026-06-18 13:57:36,197.0,205.2,0.992,60,340,STABLE
2026-06-18 13:57:36,197.0,205.2,0.992,60,340,STABLE
2026-06-18 13:57:36,198.1,205.5,0.993,60,340,STABLE
2026-06-18 13:57:36,198.1,205.5,0.993,60,340,STABLE
2026-06-18 13:57:36,198.1,205.5,0.993,60,340,STABLE
2026-06-18 13:57:37,197.2,205.5,0.992,60,340,STABLE
2026-06-18 13:57:37,197.2,205.5,0.992,60,340,STABLE
2026-06-18 13:57:37,197.2,205.5,0.992,60,340,STABLE
2026-06-18 13:57:37,197.2,205.0,0.989,60,340,STABLE
2026-06-18 13:57:37,197.2,205.0,0.989,60,340,STABLE
2026-06-18 13:57:37,197.2,205.0,0.989,60,340,STABLE
2026-06-18 13:57:38,197.5,205.0,0.993,60,340,STABLE
2026-06-18 13:57:38,197.5,205.0,0.993,60,340,STABLE
2026-06-18 13:57:38,197.5,205.0,0.993,60,340,STABLE
2026-06-18 13:57:38,197.5,205.0,0.993,60,340,STABLE
2026-06-18 13:57:38,197.5,205.5,0.988,60,340,STABLE
2026-06-18 13:57:38,197.5,205.5,0.988,60,340,STABLE
2026-06-18 13:57:38,197.5,205.5,0.988,60,340,STABLE
2026-06-18 13:57:39,197.5,205.0,0.988,60,340,STABLE
2026-06-18 13:57:39,197.5,205.2,0.989,60,340,STABLE
2026-06-18 13:57:39,197.5,205.2,0.989,60,340,STABLE
2026-06-18 13:57:39,197.5,205.2,0.989,60,340,STABLE
2026-06-18 13:57:40,197.8,205.0,0.989,60,340,STABLE
2026-06-18 13:57:40,197.8,205.0,0.989,60,340,STABLE
2026-06-18 13:57:40,197.2,205.2,0.991,60,340,STABLE
2026-06-18 13:57:40,197.2,205.2,0.991,60,340,STABLE
2026-06-18 13:57:40,197.2,205.2,0.991,60,340,STABLE
2026-06-18 13:57:41,196.9,204.7,0.992,60,340,STABLE
2026-06-18 13:57:41,196.9,204.7,0.992,60,340,STABLE
2026-06-18 13:57:44,198.1,205.2,0.984,60,340,STABLE
2026-06-18 13:57:44,198.1,205.2,0.984,60,340,STABLE
2026-06-18 13:57:44,198.1,205.2,0.984,60,340,STABLE
2026-06-18 13:57:44,197.2,205.2,0.988,60,340,STABLE
2026-06-18 13:57:45,197.2,205.2,0.988,60,340,STABLE
2026-06-18 13:57:45,197.2,205.2,0.988,60,340,STABLE
2026-06-18 13:57:45,197.5,205.0,0.988,60,340,STABLE
2026-06-18 13:57:45,197.8,205.2,0.991,60,340,STABLE
2026-06-18 13:57:45,197.8,205.2,0.991,60,340,STABLE
2026-06-18 13:57:45,197.8,205.2,0.991,60,340,STABLE
2026-06-18 13:57:46,198.1,205.0,0.988,60,340,STABLE
2026-06-18 13:57:46,197.8,204.4,0.992,60,340,STABLE
2026-06-18 13:57:46,197.8,204.4,0.992,60,340,STABLE
2026-06-18 13:57:46,197.8,204.4,0.992,60,340,STABLE
2026-06-18 13:57:47,197.8,205.2,0.991,60,340,STABLE
2026-06-18 13:57:47,197.8,205.2,0.991,60,340,STABLE
2026-06-18 13:57:47,197.8,205.2,0.991,60,340,STABLE
2026-06-18 13:57:48,197.2,205.0,0.987,60,340,STABLE
2026-06-18 13:57:48,197.2,205.0,0.987,60,340,STABLE
2026-06-18 13:57:48,197.2,205.0,0.987,60,340,STABLE
2026-06-18 13:57:48,197.5,205.5,0.988,60,340,STABLE
2026-06-18 13:57:48,197.5,205.5,0.988,60,340,STABLE
2026-06-18 13:57:49,197.8,205.5,0.989,60,340,STABLE
2026-06-18 13:57:49,197.2,205.0,0.995,60,340,STABLE
2026-06-18 13:57:50,197.2,205.0,0.995,60,340,STABLE
2026-06-18 13:57:50,197.2,205.0,0.995,60,340,STABLE
2026-06-18 13:57:50,197.8,205.0,0.992,60,340,STABLE
2026-06-18 13:57:50,197.8,205.0,0.992,60,340,STABLE
2026-06-18 13:57:50,197.8,205.0,0.992,60,340,STABLE
2026-06-18 13:57:50,197.5,206.1,0.986,60,340,STABLE
2026-06-18 13:57:51,197.5,205.0,0.988,60,340,STABLE
2026-06-18 13:57:51,197.5,205.0,0.988,60,340,STABLE
2026-06-18 13:57:51,197.5,205.0,0.988,60,340,STABLE
2026-06-18 13:57:51,198.1,205.2,0.984,60,340,STABLE
2026-06-18 13:57:52,197.2,205.0,0.992,60,340,STABLE
2026-06-18 13:57:53,197.8,205.0,0.992,60,340,STABLE
2026-06-18 13:57:53,197.8,205.0,0.992,60,340,STABLE
2026-06-18 13:57:53,197.8,205.0,0.992,60,340,STABLE
2026-06-18 13:57:53,197.0,205.2,0.989,60,340,STABLE
2026-06-18 13:57:54,197.5,205.5,0.991,60,340,STABLE
2026-06-18 13:57:54,197.5,205.5,0.991,60,340,STABLE
2026-06-18 13:57:54,197.5,205.5,0.991,60,340,STABLE
2026-06-18 13:57:54,198.1,205.0,0.991,60,340,STABLE
2026-06-18 13:57:54,198.1,205.0,0.991,60,340,STABLE
2026-06-18 13:57:54,198.1,205.0,0.991,60,340,STABLE
2026-06-18 13:57:55,197.5,205.5,0.991,60,340,STABLE
2026-06-18 13:57:55,197.5,205.0,0.991,60,340,STABLE
2026-06-18 13:57:55,197.5,205.0,0.991,60,340,STABLE
2026-06-18 13:57:55,197.5,205.0,0.991,60,340,STABLE
2026-06-18 13:57:55,197.5,205.2,0.995,60,340,STABLE
2026-06-18 13:57:55,197.5,205.2,0.995,60,340,STABLE
2026-06-18 13:57:55,197.5,205.2,0.995,60,340,STABLE
2026-06-18 13:57:56,197.5,205.2,0.989,60,340,STABLE
2026-06-18 13:57:56,197.5,205.2,0.989,60,340,STABLE
2026-06-18 13:57:56,197.5,205.2,0.989,60,340,STABLE
2026-06-18 13:57:56,197.2,205.5,0.992,60,340,STABLE
2026-06-18 13:57:56,197.2,205.5,0.992,60,340,STABLE
2026-06-18 13:57:56,197.2,205.5,0.992,60,340,STABLE
2026-06-18 13:57:57,197.5,205.0,0.988,60,340,STABLE
2026-06-18 13:57:57,197.5,205.0,0.988,60,340,STABLE
2026-06-18 13:57:57,197.5,205.0,0.988,60,340,STABLE
2026-06-18 13:57:57,197.2,205.2,0.988,60,340,STABLE
2026-06-18 13:57:57,197.2,205.2,0.988,60,340,STABLE
2026-06-18 13:57:58,197.2,205.2,0.988,60,340,STABLE
2026-06-18 13:57:58,198.1,205.0,0.993,60,340,STABLE
2026-06-18 13:57:58,198.0,204.4,0.988,60,340,STABLE
2026-06-18 13:57:58,198.0,204.4,0.988,60,340,STABLE
2026-06-18 13:57:58,198.0,204.4,0.988,60,340,STABLE
2026-06-18 13:58:01,197.2,205.5,0.987,60,340,STABLE
2026-06-18 13:58:01,197.2,205.5,0.987,60,340,STABLE
2026-06-18 13:58:01,197.2,205.5,0.987,60,340,STABLE
2026-06-18 13:58:02,197.8,205.0,0.989,60,340,STABLE
2026-06-18 13:58:02,197.8,205.0,0.989,60,340,STABLE
2026-06-18 13:58:03,197.8,206.1,0.987,60,340,STABLE
2026-06-18 13:58:03,197.8,206.1,0.987,60,340,STABLE
2026-06-18 13:58:03,197.8,206.1,0.987,60,340,STABLE
2026-06-18 13:58:03,197.8,205.2,0.988,60,340,STABLE
2026-06-18 13:58:03,197.8,205.2,0.988,60,340,STABLE
2026-06-18 13:58:03,197.8,205.2,0.988,60,340,STABLE
2026-06-18 13:58:04,197.8,205.5,0.989,60,340,STABLE
2026-06-18 13:58:04,197.8,205.5,0.989,60,340,STABLE
2026-06-18 13:58:04,197.8,205.5,0.989,60,340,STABLE
2026-06-18 13:58:04,197.8,205.5,0.989,60,340,STABLE
2026-06-18 13:58:04,197.8,205.5,0.989,60,340,STABLE
2026-06-18 13:58:04,197.5,204.7,0.992,60,340,STABLE
2026-06-18 13:58:05,197.5,204.7,0.992,60,340,STABLE
2026-06-18 13:58:05,197.5,204.7,0.992,60,340,STABLE
2026-06-18 13:58:05,197.2,205.5,0.995,60,340,STABLE
2026-06-18 13:58:06,197.8,205.2,0.988,60,340,STABLE
2026-06-18 13:58:06,197.8,205.2,0.988,60,340,STABLE
2026-06-18 13:58:06,197.8,205.2,0.988,60,340,STABLE
2026-06-18 13:58:07,197.8,205.0,0.987,60,340,STABLE
2026-06-18 13:58:07,197.8,205.0,0.987,60,340,STABLE
2026-06-18 13:58:07,197.8,205.0,0.987,60,340,STABLE
2026-06-18 13:58:08,197.5,204.7,0.987,60,340,STABLE
2026-06-18 13:58:08,197.2,205.0,0.989,60,340,STABLE
2026-06-18 13:58:08,197.2,205.0,0.989,60,340,STABLE
2026-06-18 13:58:08,197.2,205.0,0.989,60,340,STABLE
2026-06-18 13:58:09,197.5,205.2,0.989,60,340,STABLE
2026-06-18 13:58:09,197.2,205.8,0.986,60,340,STABLE
2026-06-18 13:58:09,197.2,205.8,0.986,60,340,STABLE
2026-06-18 13:58:09,197.2,205.8,0.986,60,340,STABLE
2026-06-18 13:58:09,198.3,205.2,0.988,60,340,STABLE
2026-06-18 13:58:10,198.3,205.2,0.988,60,340,STABLE
2026-06-18 13:58:10,198.3,205.2,0.988,60,340,STABLE
2026-06-18 13:58:10,198.1,204.7,0.995,60,340,STABLE
2026-06-18 13:58:10,197.8,205.5,0.992,60,340,STABLE
2026-06-18 13:58:10,197.8,205.5,0.992,60,340,STABLE
2026-06-18 13:58:10,197.8,205.5,0.992,60,340,STABLE
2026-06-18 13:58:11,197.5,206.1,0.988,60,340,STABLE
2026-06-18 13:58:11,197.5,206.1,0.988,60,340,STABLE
2026-06-18 13:58:11,197.5,206.1,0.988,60,340,STABLE
2026-06-18 13:58:11,197.0,206.4,0.992,60,340,STABLE
2026-06-18 13:58:11,197.0,206.4,0.992,60,340,STABLE
2026-06-18 13:58:12,197.0,206.4,0.992,60,340,STABLE
2026-06-18 13:58:12,197.2,205.5,0.989,60,340,STABLE
2026-06-18 13:58:12,197.2,205.5,0.989,60,340,STABLE
2026-06-18 13:58:12,197.2,205.5,0.989,60,340,STABLE
2026-06-18 13:58:12,197.5,205.2,0.995,60,340,STABLE
2026-06-18 13:58:13,197.0,205.5,0.988,60,340,STABLE
2026-06-18 13:58:14,197.5,205.2,0.989,60,340,STABLE
2026-06-18 13:58:14,197.5,205.2,0.989,60,340,STABLE
2026-06-18 13:58:14,197.5,205.2,0.989,60,340,STABLE
2026-06-18 13:58:15,197.2,205.0,0.992,60,340,STABLE
2026-06-18 13:58:15,197.5,205.2,0.992,60,340,STABLE
2026-06-18 13:58:15,197.5,205.2,0.992,60,340,STABLE
2026-06-18 13:58:15,197.5,205.2,0.992,60,340,STABLE
2026-06-18 13:58:16,198.3,204.9,0.984,60,340,STABLE
2026-06-18 13:58:16,197.5,204.4,0.991,60,340,STABLE
2026-06-18 13:58:16,197.5,204.4,0.991,60,340,STABLE
2026-06-18 13:58:16,197.5,204.4,0.991,60,340,STABLE
2026-06-18 13:58:16,197.2,203.8,0.989,60,340,STABLE
2026-06-18 13:58:17,197.2,203.8,0.989,60,340,STABLE
2026-06-18 13:58:17,197.2,203.8,0.989,60,340,STABLE
2026-06-18 13:58:17,196.9,205.0,0.991,60,340,STABLE
2026-06-18 13:58:17,196.9,205.0,0.991,60,340,STABLE
2026-06-18 13:58:17,196.9,205.0,0.991,60,340,STABLE
2026-06-18 13:58:18,197.8,204.7,0.988,60,340,STABLE
2026-06-18 13:58:18,197.8,204.7,0.988,60,340,STABLE
2026-06-18 13:58:18,197.8,204.7,0.988,60,340,STABLE
2026-06-18 13:58:19,197.5,204.7,0.992,60,340,STABLE
2026-06-18 13:58:20,197.2,205.2,0.988,60,340,STABLE
2026-06-18 13:58:20,197.2,205.2,0.988,60,340,STABLE
2026-06-18 13:58:20,197.2,205.2,0.988,60,340,STABLE
2026-06-18 13:58:21,197.8,205.5,0.990,60,340,STABLE
2026-06-18 13:58:21,197.8,205.5,0.990,60,340,STABLE
2026-06-18 13:58:21,197.8,205.5,0.990,60,340,STABLE
2026-06-18 13:58:22,197.2,206.1,0.992,60,340,STABLE
2026-06-18 13:58:22,197.2,206.1,0.992,60,340,STABLE
2026-06-18 13:58:22,197.2,206.1,0.992,60,340,STABLE
2026-06-18 13:58:23,197.5,204.7,0.989,60,340,STABLE
2026-06-18 13:58:23,197.5,204.7,0.989,60,340,STABLE
2026-06-18 13:58:23,197.5,204.7,0.989,60,340,STABLE
2026-06-18 13:58:23,197.5,205.5,0.993,60,340,STABLE
2026-06-18 13:58:24,197.5,205.5,0.993,60,340,STABLE
2026-06-18 13:58:24,197.5,205.5,0.993,60,340,STABLE
2026-06-18 13:58:24,197.0,205.5,0.991,60,340,STABLE
2026-06-18 13:58:24,197.0,205.5,0.991,60,340,STABLE
2026-06-18 13:58:25,197.0,205.5,0.991,60,340,STABLE
2026-06-18 13:58:25,197.0,205.2,0.992,60,340,STABLE
2026-06-18 13:58:25,197.0,205.2,0.992,60,340,STABLE
2026-06-18 13:58:25,197.0,205.2,0.992,60,340,STABLE
2026-06-18 13:58:25,197.2,205.2,0.993,60,340,STABLE
2026-06-18 13:58:25,197.2,205.2,0.993,60,340,STABLE
2026-06-18 13:58:25,197.2,205.2,0.993,60,340,STABLE
2026-06-18 13:58:25,197.2,205.0,0.992,60,340,STABLE
2026-06-18 13:58:26,197.2,205.0,0.992,60,340,STABLE
2026-06-18 13:58:26,197.2,205.0,0.992,60,340,STABLE
2026-06-18 13:58:26,197.2,205.0,0.992,60,340,STABLE
2026-06-18 13:58:26,197.2,205.0,0.992,60,340,STABLE
2026-06-18 13:58:26,197.2,205.0,0.992,60,340,STABLE
2026-06-18 13:58:26,197.2,205.0,0.992,60,340,STABLE
2026-06-18 13:58:26,197.2,205.8,0.988,60,340,STABLE
2026-06-18 13:58:26,197.2,205.8,0.988,60,340,STABLE
2026-06-18 13:58:26,197.2,205.8,0.988,60,340,STABLE
2026-06-18 13:58:27,197.2,205.5,0.989,60,340,STABLE
2026-06-18 13:58:27,197.2,205.5,0.989,60,340,STABLE
2026-06-18 13:58:27,197.2,205.5,0.989,60,340,STABLE
2026-06-18 13:58:27,197.5,205.2,0.989,60,340,STABLE
2026-06-18 13:58:27,197.5,205.2,0.989,60,340,STABLE
2026-06-18 13:58:27,197.5,205.2,0.989,60,340,STABLE
2026-06-18 13:58:27,197.5,205.0,0.988,60,340,STABLE
2026-06-18 13:58:27,197.5,205.0,0.988,60,340,STABLE
2026-06-18 13:58:27,197.5,205.0,0.988,60,340,STABLE
2026-06-18 13:58:28,197.8,205.2,0.996,60,340,STABLE
2026-06-18 13:58:28,197.8,205.2,0.996,60,340,STABLE
2026-06-18 13:58:28,197.8,205.2,0.996,60,340,STABLE
2026-06-18 13:58:28,197.5,205.0,0.991,60,340,STABLE
2026-06-18 13:58:28,197.5,205.0,0.991,60,340,STABLE
2026-06-18 13:58:28,197.5,205.0,0.991,60,340,STABLE
2026-06-18 13:58:29,198.1,205.2,0.987,60,340,STABLE
2026-06-18 13:58:29,198.1,205.2,0.987,60,340,STABLE
2026-06-18 13:58:30,198.1,205.2,0.987,60,340,STABLE
2026-06-18 13:58:30,197.3,206.4,0.986,60,340,STABLE
2026-06-18 13:58:30,197.3,206.4,0.986,60,340,STABLE
2026-06-18 13:58:30,197.3,206.4,0.986,60,340,STABLE
2026-06-18 13:58:31,197.2,205.0,0.992,60,340,STABLE
2026-06-18 13:58:31,197.2,205.0,0.992,60,340,STABLE
2026-06-18 13:58:31,197.2,205.0,0.992,60,340,STABLE
2026-06-18 13:58:32,197.2,205.2,0.988,60,340,STABLE
2026-06-18 13:58:32,197.2,205.2,0.988,60,340,STABLE
2026-06-18 13:58:32,197.2,205.2,0.988,60,340,STABLE
2026-06-18 13:58:33,197.0,206.4,0.987,60,340,STABLE
2026-06-18 13:58:33,197.0,206.4,0.987,60,340,STABLE
2026-06-18 13:58:33,197.0,206.4,0.987,60,340,STABLE
2026-06-18 13:58:34,197.2,204.7,0.991,60,340,STABLE
2026-06-18 13:58:35,197.2,205.5,0.987,60,340,STABLE
2026-06-18 13:58:35,197.2,205.5,0.987,60,340,STABLE
2026-06-18 13:58:35,197.2,205.5,0.987,60,340,STABLE
2026-06-18 13:58:35,196.9,205.0,0.991,60,340,STABLE
2026-06-18 13:58:35,197.2,205.2,0.988,60,340,STABLE
2026-06-18 13:58:35,197.2,205.2,0.988,60,340,STABLE
2026-06-18 13:58:36,197.2,205.2,0.988,60,340,STABLE
2026-06-18 13:58:36,197.2,205.2,0.988,60,340,STABLE
2026-06-18 13:58:36,197.5,205.5,0.988,60,340,STABLE
2026-06-18 13:58:37,197.5,205.5,0.988,60,340,STABLE
2026-06-18 13:58:37,197.5,205.5,0.988,60,340,STABLE
2026-06-18 13:58:37,197.5,206.1,0.991,60,340,STABLE
2026-06-18 13:58:37,197.5,206.1,0.991,60,340,STABLE
2026-06-18 13:58:37,197.5,206.1,0.991,60,340,STABLE
2026-06-18 13:58:37,197.2,205.2,0.988,60,340,STABLE
2026-06-18 13:58:38,197.5,205.2,0.992,60,340,STABLE
2026-06-18 13:58:38,197.5,205.2,0.992,60,340,STABLE
2026-06-18 13:58:38,197.5,205.2,0.992,60,340,STABLE
2026-06-18 13:58:38,197.8,205.5,0.987,60,340,STABLE
2026-06-18 13:58:38,197.8,205.5,0.987,60,340,STABLE
2026-06-18 13:58:38,197.8,205.5,0.987,60,340,STABLE
2026-06-18 13:58:39,197.2,205.2,0.988,60,340,STABLE
2026-06-18 13:58:40,197.2,205.5,0.992,60,340,STABLE
2026-06-18 13:58:40,197.2,205.5,0.992,60,340,STABLE
2026-06-18 13:58:40,197.2,205.5,0.992,60,340,STABLE
2026-06-18 13:58:40,197.2,205.5,0.989,60,340,STABLE
2026-06-18 13:58:41,197.2,205.5,0.989,60,340,STABLE
2026-06-18 13:58:41,197.2,205.5,0.989,60,340,STABLE
2026-06-18 13:58:41,197.2,205.2,0.991,60,340,STABLE
2026-06-18 13:58:41,197.5,205.8,0.989,60,340,STABLE
2026-06-18 13:58:41,197.5,205.8,0.989,60,340,STABLE
2026-06-18 13:58:41,197.5,205.8,0.989,60,340,STABLE
2026-06-18 13:58:42,197.5,205.0,0.991,60,340,STABLE
2026-06-18 13:58:43,197.2,206.1,0.987,60,340,STABLE
2026-06-18 13:58:43,197.2,206.1,0.987,60,340,STABLE
2026-06-18 13:58:43,197.2,206.1,0.987,60,340,STABLE
2026-06-18 13:58:44,197.8,204.4,0.992,60,340,STABLE
2026-06-18 13:58:44,197.8,204.4,0.992,60,340,STABLE
2026-06-18 13:58:44,197.8,204.4,0.992,60,340,STABLE
2026-06-18 13:58:44,197.5,205.8,0.992,60,340,STABLE
2026-06-18 13:58:45,197.5,205.8,0.992,60,340,STABLE
2026-06-18 13:58:45,197.5,205.8,0.992,60,340,STABLE
2026-06-18 13:58:45,197.5,205.5,0.988,60,340,STABLE
2026-06-18 13:58:45,197.5,205.5,0.988,60,340,STABLE
2026-06-18 13:58:45,197.5,205.5,0.988,60,340,STABLE
2026-06-18 13:58:46,197.0,206.4,0.987,60,340,STABLE
2026-06-18 13:58:46,197.0,206.4,0.987,60,340,STABLE
2026-06-18 13:58:46,197.0,206.4,0.987,60,340,STABLE
2026-06-18 13:58:46,197.0,205.2,0.992,60,340,STABLE
2026-06-18 13:58:47,197.2,205.2,0.991,60,340,STABLE
2026-06-18 13:58:47,197.2,205.2,0.991,60,340,STABLE
2026-06-18 13:58:47,197.2,205.2,0.991,60,340,STABLE
2026-06-18 13:58:48,197.5,205.5,0.991,60,340,STABLE
2026-06-18 13:58:48,197.5,205.5,0.991,60,340,STABLE
2026-06-18 13:58:48,197.5,205.5,0.991,60,340,STABLE
2026-06-18 13:58:48,197.5,205.0,0.991,60,340,STABLE
2026-06-18 13:58:48,197.5,205.0,0.991,60,340,STABLE
2026-06-18 13:58:48,197.5,205.0,0.991,60,340,STABLE
2026-06-18 13:58:49,196.9,205.0,0.991,60,340,STABLE
2026-06-18 13:58:49,197.8,205.8,0.991,60,340,STABLE
2026-06-18 13:58:50,197.8,205.8,0.991,60,340,STABLE
2026-06-18 13:58:50,197.8,205.8,0.991,60,340,STABLE
2026-06-18 13:58:50,197.0,205.2,0.989,60,340,STABLE
2026-06-18 13:58:50,198.0,204.4,0.988,60,340,STABLE
2026-06-18 13:58:50,198.0,204.4,0.988,60,340,STABLE
2026-06-18 13:58:50,198.0,204.4,0.988,60,340,STABLE
2026-06-18 13:58:51,197.5,205.2,0.987,60,340,STABLE
2026-06-18 13:58:51,197.5,205.2,0.987,60,340,STABLE
2026-06-18 13:58:51,197.5,205.2,0.987,60,340,STABLE
2026-06-18 13:58:51,197.2,205.0,0.992,60,340,STABLE
2026-06-18 13:58:52,197.2,205.0,0.992,60,340,STABLE
2026-06-18 13:58:52,197.2,205.0,0.992,60,340,STABLE
2026-06-18 13:58:52,197.2,205.2,0.988,60,340,STABLE
2026-06-18 13:58:53,197.2,205.2,0.988,60,340,STABLE
2026-06-18 13:58:53,197.2,205.2,0.988,60,340,STABLE
2026-06-18 13:58:53,197.2,205.2,0.988,60,340,STABLE
2026-06-18 13:58:53,197.5,205.2,0.987,60,340,STABLE
2026-06-18 13:58:53,197.5,205.0,0.991,60,340,STABLE
2026-06-18 13:58:54,197.5,205.0,0.991,60,340,STABLE
2026-06-18 13:58:54,197.5,205.0,0.991,60,340,STABLE
2026-06-18 13:58:54,197.8,205.5,0.989,60,340,STABLE
2026-06-18 13:58:55,197.2,205.8,0.991,60,340,STABLE
2026-06-18 13:58:55,197.2,205.8,0.991,60,340,STABLE
2026-06-18 13:58:55,197.2,205.8,0.991,60,340,STABLE
2026-06-18 13:58:55,197.5,205.5,0.988,60,340,STABLE
2026-06-18 13:58:56,197.5,205.2,0.992,60,340,STABLE
2026-06-18 13:58:56,197.5,205.2,0.992,60,340,STABLE
2026-06-18 13:58:56,197.5,205.2,0.992,60,340,STABLE
2026-06-18 13:58:56,197.2,205.5,0.989,60,340,STABLE
2026-06-18 13:58:56,197.2,205.5,0.989,60,340,STABLE
2026-06-18 13:58:57,197.2,205.5,0.989,60,340,STABLE
2026-06-18 13:58:57,197.5,205.2,0.992,60,340,STABLE
2026-06-18 13:58:57,197.5,205.2,0.992,60,340,STABLE
2026-06-18 13:58:57,197.5,205.2,0.992,60,340,STABLE
2026-06-18 13:58:57,197.8,204.4,0.992,60,340,STABLE
2026-06-18 13:58:58,197.8,204.4,0.992,60,340,STABLE
2026-06-18 13:58:58,197.8,204.4,0.992,60,340,STABLE
2026-06-18 13:58:59,197.5,205.8,0.989,60,340,STABLE
2026-06-18 13:58:59,197.5,205.8,0.989,60,340,STABLE
2026-06-18 13:59:00,197.5,205.5,0.991,60,340,STABLE
2026-06-18 13:59:01,197.5,205.5,0.991,60,340,STABLE
2026-06-18 13:59:01,197.5,205.5,0.991,60,340,STABLE
2026-06-18 13:59:01,197.2,206.1,0.989,60,340,STABLE
2026-06-18 13:59:02,197.2,205.2,0.988,60,340,STABLE
2026-06-18 13:59:02,197.2,205.8,0.988,60,340,STABLE
2026-06-18 13:59:02,197.2,205.8,0.988,60,340,STABLE
2026-06-18 13:59:03,197.2,205.8,0.988,60,340,STABLE
2026-06-18 13:59:03,198.3,205.5,0.992,60,340,STABLE
2026-06-18 13:59:03,198.3,205.5,0.992,60,340,STABLE
2026-06-18 13:59:03,198.3,205.5,0.992,60,340,STABLE
2026-06-18 13:59:03,197.5,204.7,0.989,60,340,STABLE
2026-06-18 13:59:04,197.5,204.7,0.989,60,340,STABLE
2026-06-18 13:59:04,197.5,204.7,0.989,60,340,STABLE
2026-06-18 13:59:05,197.2,205.5,0.989,60,340,STABLE
2026-06-18 13:59:05,197.2,205.5,0.989,60,340,STABLE
2026-06-18 13:59:05,197.2,205.5,0.989,60,340,STABLE
2026-06-18 13:59:05,198.1,205.2,0.989,60,340,STABLE
2026-06-18 13:59:05,198.1,205.2,0.989,60,340,STABLE
2026-06-18 13:59:05,198.1,205.2,0.989,60,340,STABLE
2026-06-18 13:59:06,197.2,205.2,0.991,60,340,STABLE
2026-06-18 13:59:06,197.2,205.2,0.991,60,340,STABLE
2026-06-18 13:59:07,197.2,205.2,0.991,60,340,STABLE
2026-06-18 13:59:07,197.5,205.2,0.992,60,340,STABLE
2026-06-18 13:59:07,197.5,205.2,0.992,60,340,STABLE
2026-06-18 13:59:07,197.5,205.2,0.992,60,340,STABLE
2026-06-18 13:59:07,197.8,204.1,0.993,60,340,STABLE
2026-06-18 13:59:07,197.8,204.1,0.993,60,340,STABLE
2026-06-18 13:59:08,197.8,204.1,0.993,60,340,STABLE
2026-06-18 13:59:08,197.2,204.7,0.988,60,340,STABLE
2026-06-18 13:59:09,199.2,205.8,0.992,60,340,STABLE
2026-06-18 13:59:10,197.5,206.4,0.987,60,340,STABLE
2026-06-18 13:59:10,197.5,206.4,0.987,60,340,STABLE
2026-06-18 13:59:10,197.5,206.4,0.987,60,340,STABLE
2026-06-18 13:59:10,197.2,205.8,0.991,60,340,STABLE
2026-06-18 13:59:10,197.2,205.2,0.993,60,340,STABLE
2026-06-18 13:59:10,197.2,205.2,0.993,60,340,STABLE
2026-06-18 13:59:10,197.2,205.2,0.993,60,340,STABLE
2026-06-18 13:59:11,197.8,204.7,0.991,60,340,STABLE
2026-06-18 13:59:11,197.8,204.7,0.991,60,340,STABLE
2026-06-18 13:59:11,197.8,204.7,0.991,60,340,STABLE
2026-06-18 13:59:11,197.3,206.4,0.988,60,340,STABLE
2026-06-18 13:59:11,197.3,206.4,0.988,60,340,STABLE
2026-06-18 13:59:12,197.3,206.4,0.988,60,340,STABLE
2026-06-18 13:59:13,197.2,205.0,0.989,60,340,STABLE
2026-06-18 13:59:13,197.2,205.0,0.989,60,340,STABLE
2026-06-18 13:59:13,197.2,205.0,0.989,60,340,STABLE
2026-06-18 13:59:13,198.1,205.2,0.989,60,340,STABLE
2026-06-18 13:59:13,198.1,205.2,0.989,60,340,STABLE
2026-06-18 13:59:13,198.1,205.2,0.989,60,340,STABLE
2026-06-18 13:59:13,197.2,205.0,0.989,60,340,STABLE
2026-06-18 13:59:14,197.2,205.5,0.989,60,340,STABLE
2026-06-18 13:59:14,197.2,205.5,0.989,60,340,STABLE
2026-06-18 13:59:14,197.2,205.5,0.989,60,340,STABLE
2026-06-18 13:59:14,197.8,205.0,0.989,60,340,STABLE
2026-06-18 13:59:15,197.2,205.2,0.988,60,340,STABLE
2026-06-18 13:59:15,197.2,205.2,0.988,60,340,STABLE
2026-06-18 13:59:15,197.2,205.2,0.988,60,340,STABLE
2026-06-18 13:59:15,197.2,205.5,0.992,60,340,STABLE
2026-06-18 13:59:15,197.2,205.5,0.992,60,340,STABLE
2026-06-18 13:59:16,197.2,205.5,0.992,60,340,STABLE
2026-06-18 13:59:16,197.5,205.5,0.996,60,340,STABLE
2026-06-18 13:59:16,197.5,205.5,0.996,60,340,STABLE
2026-06-18 13:59:16,197.5,205.5,0.996,60,340,STABLE
2026-06-18 13:59:17,197.5,206.1,0.988,60,340,STABLE
2026-06-18 13:59:17,197.5,206.1,0.988,60,340,STABLE
2026-06-18 13:59:17,197.5,206.1,0.988,60,340,STABLE
2026-06-18 13:59:17,197.2,205.0,0.989,60,340,STABLE
2026-06-18 13:59:17,197.2,205.0,0.989,60,340,STABLE
2026-06-18 13:59:18,197.2,205.0,0.989,60,340,STABLE
2026-06-18 13:59:18,197.0,205.5,0.988,60,340,STABLE
2026-06-18 13:59:18,197.8,205.5,0.984,60,340,STABLE
2026-06-18 13:59:18,197.8,205.5,0.984,60,340,STABLE
2026-06-18 13:59:18,197.8,205.5,0.984,60,340,STABLE
2026-06-18 13:59:18,197.5,206.4,0.989,60,340,STABLE
2026-06-18 13:59:19,197.5,206.4,0.989,60,340,STABLE
2026-06-18 13:59:19,197.5,206.4,0.989,60,340,STABLE
2026-06-18 13:59:19,197.8,205.8,0.988,60,340,STABLE
2026-06-18 13:59:19,197.8,205.8,0.988,60,340,STABLE
2026-06-18 13:59:19,197.8,205.8,0.988,60,340,STABLE
2026-06-18 13:59:19,197.0,205.8,0.989,60,340,STABLE
2026-06-18 13:59:20,197.0,205.8,0.989,60,340,STABLE
2026-06-18 13:59:20,197.0,205.8,0.989,60,340,STABLE
2026-06-18 13:59:20,198.1,205.0,0.993,60,340,STABLE
2026-06-18 13:59:21,197.5,204.7,0.989,60,340,STABLE
2026-06-18 13:59:21,197.5,204.7,0.989,60,340,STABLE
2026-06-18 13:59:21,197.5,204.7,0.989,60,340,STABLE
2026-06-18 13:59:21,198.9,205.2,0.996,60,340,STABLE
2026-06-18 13:59:21,197.5,206.4,0.989,60,340,STABLE
2026-06-18 13:59:21,197.5,206.4,0.989,60,340,STABLE
2026-06-18 13:59:22,197.5,206.4,0.989,60,340,STABLE
2026-06-18 13:59:23,197.2,205.2,0.991,60,340,STABLE
2026-06-18 13:59:23,197.2,205.2,0.991,60,340,STABLE
2026-06-18 13:59:23,197.2,205.2,0.991,60,340,STABLE
2026-06-18 13:59:23,197.2,205.5,0.992,60,340,STABLE
2026-06-18 13:59:24,197.2,205.5,0.992,60,340,STABLE
2026-06-18 13:59:24,197.2,205.5,0.992,60,340,STABLE
2026-06-18 13:59:24,197.2,205.5,0.992,60,340,STABLE
2026-06-18 13:59:25,197.2,205.2,0.988,60,340,STABLE
2026-06-18 13:59:25,197.5,206.1,0.988,60,340,STABLE
2026-06-18 13:59:25,197.5,206.1,0.988,60,340,STABLE
2026-06-18 13:59:26,197.5,206.1,0.988,60,340,STABLE
2026-06-18 13:59:26,197.5,205.2,0.989,60,340,STABLE
2026-06-18 13:59:26,197.5,205.0,0.991,60,340,STABLE
2026-06-18 13:59:26,197.5,205.0,0.991,60,340,STABLE
2026-06-18 13:59:26,197.5,205.0,0.991,60,340,STABLE
2026-06-18 13:59:27,197.5,205.5,0.988,60,340,STABLE
2026-06-18 13:59:27,197.2,205.5,0.989,60,340,STABLE
2026-06-18 13:59:27,197.2,205.5,0.989,60,340,STABLE
2026-06-18 13:59:27,197.2,205.5,0.989,60,340,STABLE
2026-06-18 13:59:27,197.0,205.2,0.989,60,340,STABLE
2026-06-18 13:59:28,197.0,205.2,0.989,60,340,STABLE
2026-06-18 13:59:28,197.0,205.2,0.989,60,340,STABLE
2026-06-18 13:59:28,197.5,205.8,0.989,60,340,STABLE
2026-06-18 13:59:28,197.2,205.8,0.988,60,340,STABLE
2026-06-18 13:59:28,197.2,205.8,0.988,60,340,STABLE
2026-06-18 13:59:28,197.2,205.8,0.988,60,340,STABLE
2026-06-18 13:59:29,197.8,205.2,0.991,60,340,STABLE
2026-06-18 13:59:29,197.2,205.8,0.991,60,340,STABLE
2026-06-18 13:59:29,197.2,205.8,0.991,60,340,STABLE
2026-06-18 13:59:29,197.2,205.8,0.991,60,340,STABLE
2026-06-18 13:59:30,197.2,205.2,0.991,60,340,STABLE
2026-06-18 13:59:30,197.2,205.2,0.991,60,340,STABLE
2026-06-18 13:59:30,197.2,205.2,0.991,60,340,STABLE
2026-06-18 13:59:30,197.2,205.2,0.993,60,340,STABLE
2026-06-18 13:59:32,197.5,205.2,0.989,60,340,STABLE
2026-06-18 13:59:32,197.5,205.2,0.989,60,340,STABLE
2026-06-18 13:59:32,197.5,205.2,0.989,60,340,STABLE
2026-06-18 13:59:33,197.8,205.0,0.992,60,340,STABLE
2026-06-18 13:59:33,197.2,205.0,0.989,60,340,STABLE
2026-06-18 13:59:33,197.2,205.0,0.989,60,340,STABLE
2026-06-18 13:59:33,197.2,205.0,0.989,60,340,STABLE
2026-06-18 13:59:34,197.8,205.2,0.988,60,340,STABLE
2026-06-18 13:59:34,197.5,205.0,0.988,60,340,STABLE
2026-06-18 13:59:34,197.5,205.0,0.988,60,340,STABLE
2026-06-18 13:59:34,197.5,205.0,0.988,60,340,STABLE
2026-06-18 13:59:34,197.8,205.8,0.991,60,340,STABLE
2026-06-18 13:59:35,197.8,205.8,0.991,60,340,STABLE
2026-06-18 13:59:35,197.8,205.8,0.991,60,340,STABLE
2026-06-18 13:59:35,197.2,205.5,0.995,60,340,STABLE
2026-06-18 13:59:35,197.0,206.1,0.988,60,340,STABLE
2026-06-18 13:59:35,197.0,206.1,0.988,60,340,STABLE
2026-06-18 13:59:35,197.0,206.1,0.988,60,340,STABLE
2026-06-18 13:59:37,197.2,205.5,0.989,60,340,STABLE
2026-06-18 13:59:37,197.2,205.5,0.989,60,340,STABLE
2026-06-18 13:59:37,197.2,205.5,0.989,60,340,STABLE
2026-06-18 13:59:37,197.0,206.4,0.992,60,340,STABLE
2026-06-18 13:59:38,197.5,205.8,0.989,60,340,STABLE
2026-06-18 13:59:38,197.5,205.8,0.989,60,340,STABLE
2026-06-18 13:59:38,197.5,205.8,0.989,60,340,STABLE
2026-06-18 13:59:38,197.5,205.0,0.991,60,340,STABLE
2026-06-18 13:59:38,197.5,205.0,0.991,60,340,STABLE
2026-06-18 13:59:39,197.2,205.5,0.992,60,340,STABLE
2026-06-18 13:59:39,197.2,205.5,0.992,60,340,STABLE
2026-06-18 13:59:39,197.2,205.5,0.992,60,340,STABLE
2026-06-18 13:59:39,197.2,205.8,0.991,60,340,STABLE
2026-06-18 13:59:39,197.2,205.8,0.991,60,340,STABLE
2026-06-18 13:59:39,197.2,205.8,0.991,60,340,STABLE
2026-06-18 13:59:40,197.5,204.4,0.986,60,340,STABLE
2026-06-18 13:59:40,197.5,204.4,0.986,60,340,STABLE
2026-06-18 13:59:40,197.5,204.4,0.986,60,340,STABLE
2026-06-18 13:59:40,197.5,205.5,0.991,60,340,STABLE
2026-06-18 13:59:41,197.5,205.5,0.991,60,340,STABLE
2026-06-18 13:59:41,197.5,205.5,0.991,60,340,STABLE
2026-06-18 13:59:42,197.2,205.5,0.989,60,340,STABLE
2026-06-18 13:59:42,197.2,205.5,0.989,60,340,STABLE
2026-06-18 13:59:42,197.2,205.5,0.989,60,340,STABLE
2026-06-18 13:59:42,197.8,204.7,0.993,60,340,STABLE
2026-06-18 13:59:42,197.8,204.7,0.993,60,340,STABLE
2026-06-18 13:59:42,197.8,204.7,0.993,60,340,STABLE
2026-06-18 13:59:44,197.2,205.8,0.991,60,340,STABLE
2026-06-18 13:59:44,197.2,205.8,0.991,60,340,STABLE
2026-06-18 13:59:45,197.2,206.1,0.992,60,340,STABLE
2026-06-18 13:59:45,197.2,206.1,0.992,60,340,STABLE
2026-06-18 13:59:45,197.2,206.1,0.992,60,340,STABLE
2026-06-18 13:59:45,197.2,205.8,0.996,60,340,STABLE
2026-06-18 13:59:45,197.2,205.8,0.991,60,340,STABLE
2026-06-18 13:59:46,197.2,205.8,0.991,60,340,STABLE
2026-06-18 13:59:46,197.2,205.8,0.991,60,340,STABLE
2026-06-18 13:59:46,197.8,205.5,0.989,60,340,STABLE
2026-06-18 13:59:46,197.8,205.5,0.989,60,340,STABLE
2026-06-18 13:59:46,197.8,205.5,0.989,60,340,STABLE
2026-06-18 13:59:46,197.0,205.5,0.988,60,340,STABLE
2026-06-18 13:59:47,197.0,206.1,0.991,60,340,STABLE
2026-06-18 13:59:47,197.0,206.1,0.991,60,340,STABLE
2026-06-18 13:59:47,197.0,206.1,0.991,60,340,STABLE
2026-06-18 13:59:47,197.2,205.5,0.989,60,340,STABLE
2026-06-18 13:59:47,197.2,205.5,0.989,60,340,STABLE
2026-06-18 13:59:47,197.2,205.5,0.989,60,340,STABLE
2026-06-18 13:59:48,197.0,205.5,0.988,60,340,STABLE
2026-06-18 13:59:48,197.5,205.8,0.987,60,340,STABLE
2026-06-18 13:59:48,197.5,205.8,0.987,60,340,STABLE
2026-06-18 13:59:48,197.5,205.8,0.987,60,340,STABLE
2026-06-18 13:59:48,197.2,205.8,0.991,60,340,STABLE
2026-06-18 13:59:48,197.2,205.8,0.991,60,340,STABLE
2026-06-18 13:59:49,197.2,205.8,0.991,60,340,STABLE
2026-06-18 13:59:49,197.2,205.2,0.988,60,340,STABLE
2026-06-18 13:59:49,197.2,205.2,0.991,60,340,STABLE
2026-06-18 13:59:49,197.2,205.2,0.991,60,340,STABLE
2026-06-18 13:59:49,197.2,205.2,0.991,60,340,STABLE
2026-06-18 13:59:50,197.8,205.5,0.989,60,340,STABLE
2026-06-18 13:59:51,197.5,205.0,0.991,60,340,STABLE
2026-06-18 13:59:51,197.5,205.0,0.991,60,340,STABLE
2026-06-18 13:59:51,197.5,205.0,0.991,60,340,STABLE
2026-06-18 13:59:51,197.8,205.8,0.991,60,340,STABLE
2026-06-18 13:59:52,197.8,205.8,0.991,60,340,STABLE
2026-06-18 13:59:52,197.8,205.8,0.991,60,340,STABLE
2026-06-18 13:59:52,197.2,205.8,0.991,60,340,STABLE
2026-06-18 13:59:52,197.2,205.8,0.991,60,340,STABLE
2026-06-18 13:59:52,197.2,206.1,0.989,60,340,STABLE
2026-06-18 13:59:53,197.2,206.1,0.989,60,340,STABLE
2026-06-18 13:59:53,197.2,206.1,0.989,60,340,STABLE
2026-06-18 13:59:53,197.5,205.5,0.991,60,340,STABLE
2026-06-18 13:59:54,197.5,205.8,0.987,60,340,STABLE
2026-06-18 13:59:54,197.5,205.8,0.987,60,340,STABLE
2026-06-18 13:59:54,197.5,205.8,0.987,60,340,STABLE
2026-06-18 13:59:54,196.4,205.8,0.989,60,340,STABLE
2026-06-18 13:59:55,197.0,205.5,0.991,60,340,STABLE
2026-06-18 13:59:55,197.0,205.5,0.991,60,340,STABLE
2026-06-18 13:59:55,197.0,205.5,0.991,60,340,STABLE
2026-06-18 13:59:55,197.0,205.5,0.988,60,340,STABLE
2026-06-18 13:59:55,197.0,205.5,0.988,60,340,STABLE
2026-06-18 13:59:56,197.5,204.7,0.992,60,340,STABLE
2026-06-18 13:59:56,197.5,204.7,0.992,60,340,STABLE
2026-06-18 13:59:56,197.5,204.7,0.992,60,340,STABLE
2026-06-18 13:59:56,196.9,204.7,0.987,60,340,STABLE
2026-06-18 13:59:56,196.9,204.7,0.987,60,340,STABLE
2026-06-18 13:59:56,196.9,204.7,0.987,60,340,STABLE
2026-06-18 13:59:57,197.2,205.5,0.992,60,340,STABLE
2026-06-18 13:59:57,197.2,205.5,0.989,60,340,STABLE
2026-06-18 13:59:57,197.2,205.5,0.989,60,340,STABLE
2026-06-18 13:59:57,197.2,205.5,0.989,60,340,STABLE
2026-06-18 13:59:57,196.7,204.7,0.991,60,340,STABLE
2026-06-18 13:59:58,196.7,204.7,0.991,60,340,STABLE
2026-06-18 13:59:58,196.7,204.7,0.991,60,340,STABLE
2026-06-18 13:59:58,197.2,205.5,0.992,60,340,STABLE
2026-06-18 13:59:58,197.2,205.5,0.992,60,340,STABLE
2026-06-18 13:59:58,197.2,205.5,0.992,60,340,STABLE
2026-06-18 14:00:00,197.2,205.8,0.991,60,340,STABLE
2026-06-18 14:00:00,197.2,205.8,0.991,60,340,STABLE
2026-06-18 14:00:01,197.2,205.8,0.991,60,340,STABLE
2026-06-18 14:00:01,197.5,205.5,0.986,60,340,STABLE
2026-06-18 14:00:01,197.5,205.5,0.986,60,340,STABLE
2026-06-18 14:00:01,197.8,205.5,0.992,60,340,STABLE
2026-06-18 14:00:01,197.8,205.5,0.992,60,340,STABLE
2026-06-18 14:00:01,197.8,205.5,0.992,60,340,STABLE
2026-06-18 14:00:02,197.2,205.5,0.989,60,340,STABLE
2026-06-18 14:00:02,197.2,205.5,0.989,60,340,STABLE
2026-06-18 14:00:02,197.2,205.5,0.989,60,340,STABLE
2026-06-18 14:00:02,197.0,206.6,0.986,60,340,STABLE
2026-06-18 14:00:02,197.2,205.5,0.984,60,340,STABLE
2026-06-18 14:00:02,197.2,205.5,0.984,60,340,STABLE
2026-06-18 14:00:03,197.2,205.5,0.984,60,340,STABLE
2026-06-18 14:00:03,198.1,205.5,0.988,60,340,STABLE
2026-06-18 14:00:03,198.1,205.5,0.988,60,340,STABLE
2026-06-18 14:00:04,198.1,205.5,0.988,60,340,STABLE
2026-06-18 14:00:04,197.5,205.8,0.987,60,340,STABLE
2026-06-18 14:00:05,197.5,205.8,0.987,60,340,STABLE
2026-06-18 14:00:05,197.5,205.8,0.987,60,340,STABLE
2026-06-18 14:00:06,197.2,206.1,0.989,60,340,STABLE
2026-06-18 14:00:07,197.8,206.1,0.987,60,340,STABLE
2026-06-18 14:00:08,197.8,206.1,0.987,60,340,STABLE
2026-06-18 14:00:08,197.8,206.1,0.987,60,340,STABLE
2026-06-18 14:00:08,198.1,206.9,0.984,60,340,STABLE
2026-06-18 14:00:08,198.1,206.9,0.984,60,340,STABLE
2026-06-18 14:00:08,198.1,206.9,0.984,60,340,STABLE
2026-06-18 14:00:09,197.2,205.2,0.991,60,340,STABLE
2026-06-18 14:00:09,197.2,205.2,0.991,60,340,STABLE
2026-06-18 14:00:09,197.0,205.5,0.993,60,340,STABLE
2026-06-18 14:00:09,197.0,205.5,0.993,60,340,STABLE
2026-06-18 14:00:09,197.0,205.5,0.993,60,340,STABLE
2026-06-18 14:00:09,197.2,206.1,0.989,60,340,STABLE
2026-06-18 14:00:10,197.2,206.1,0.989,60,340,STABLE
2026-06-18 14:00:10,197.2,206.1,0.989,60,340,STABLE
2026-06-18 14:00:10,197.8,205.2,0.991,60,340,STABLE
2026-06-18 14:00:10,197.8,205.2,0.991,60,340,STABLE
2026-06-18 14:00:10,197.8,205.2,0.991,60,340,STABLE
2026-06-18 14:00:11,197.5,205.8,0.992,60,340,STABLE
2026-06-18 14:00:12,197.0,205.8,0.989,60,340,STABLE
2026-06-18 14:00:12,197.0,205.8,0.989,60,340,STABLE
2026-06-18 14:00:12,197.0,205.8,0.989,60,340,STABLE
2026-06-18 14:00:13,197.2,205.5,0.992,60,340,STABLE
2026-06-18 14:00:13,197.2,205.5,0.992,60,340,STABLE
2026-06-18 14:00:13,197.2,205.5,0.992,60,340,STABLE
2026-06-18 14:00:14,197.2,205.0,0.989,60,340,STABLE
2026-06-18 14:00:15,197.2,205.0,0.989,60,340,STABLE
2026-06-18 14:00:15,197.2,205.0,0.989,60,340,STABLE
2026-06-18 14:00:16,197.0,205.8,0.989,60,340,STABLE
2026-06-18 14:00:16,197.0,205.8,0.989,60,340,STABLE
2026-06-18 14:00:16,197.0,205.8,0.989,60,340,STABLE
2026-06-18 14:00:16,197.3,206.4,0.988,60,340,STABLE
2026-06-18 14:00:17,197.0,205.2,0.992,60,340,STABLE
2026-06-18 14:00:17,197.0,205.2,0.992,60,340,STABLE
2026-06-18 14:00:17,197.0,205.2,0.992,60,340,STABLE
2026-06-18 14:00:18,196.9,205.0,0.988,60,340,STABLE
2026-06-18 14:00:18,196.9,205.0,0.988,60,340,STABLE
2026-06-18 14:00:18,196.9,205.0,0.988,60,340,STABLE
2026-06-18 14:00:19,197.2,205.8,0.991,60,340,STABLE
2026-06-18 14:00:19,197.2,205.8,0.991,60,340,STABLE
2026-06-18 14:00:19,197.2,205.8,0.991,60,340,STABLE
2026-06-18 14:00:19,197.2,206.1,0.989,60,340,STABLE
2026-06-18 14:00:19,197.2,206.1,0.989,60,340,STABLE
2026-06-18 14:00:19,197.2,206.1,0.989,60,340,STABLE
2026-06-18 14:00:20,197.2,205.2,0.991,60,340,STABLE
2026-06-18 14:00:20,197.2,205.2,0.991,60,340,STABLE
2026-06-18 14:00:20,197.2,205.2,0.991,60,340,STABLE
2026-06-18 14:00:21,196.9,205.0,0.991,60,340,STABLE
2026-06-18 14:00:21,196.9,205.0,0.991,60,340,STABLE
2026-06-18 14:00:21,196.9,205.0,0.991,60,340,STABLE
2026-06-18 14:00:22,197.0,205.5,0.993,60,340,STABLE
2026-06-18 14:00:22,197.2,205.5,0.992,60,340,STABLE
2026-06-18 14:00:22,197.2,205.5,0.992,60,340,STABLE
2026-06-18 14:00:22,197.2,205.5,0.992,60,340,STABLE
2026-06-18 14:00:23,197.5,205.8,0.989,60,340,STABLE
2026-06-18 14:00:23,197.5,205.8,0.989,60,340,STABLE
2026-06-18 14:00:23,197.5,205.8,0.989,60,340,STABLE
2026-06-18 14:00:24,197.2,205.2,0.988,60,340,STABLE
2026-06-18 14:00:24,197.2,205.2,0.988,60,340,STABLE
2026-06-18 14:00:24,197.2,205.2,0.988,60,340,STABLE
2026-06-18 14:00:25,197.2,205.5,0.989,60,340,STABLE
2026-06-18 14:00:25,197.2,205.5,0.989,60,340,STABLE
2026-06-18 14:00:25,197.2,205.5,0.989,60,340,STABLE
2026-06-18 14:00:25,197.0,205.8,0.987,60,340,STABLE
2026-06-18 14:00:26,197.5,206.1,0.988,60,340,STABLE
2026-06-18 14:00:26,197.5,206.1,0.988,60,340,STABLE
2026-06-18 14:00:26,197.5,206.1,0.988,60,340,STABLE
2026-06-18 14:00:26,197.0,206.4,0.987,60,340,STABLE
2026-06-18 14:00:26,197.8,206.9,0.983,60,340,STABLE
2026-06-18 14:00:27,197.8,206.9,0.983,60,340,STABLE
2026-06-18 14:00:27,197.8,206.9,0.983,60,340,STABLE
2026-06-18 14:00:29,196.9,205.0,0.986,60,340,STABLE
2026-06-18 14:00:29,196.9,205.0,0.986,60,340,STABLE
2026-06-18 14:00:29,196.9,205.0,0.986,60,340,STABLE
2026-06-18 14:00:30,197.2,205.8,0.986,60,340,STABLE
2026-06-18 14:00:30,197.2,205.8,0.986,60,340,STABLE
2026-06-18 14:00:30,197.2,205.8,0.986,60,340,STABLE
2026-06-18 14:00:31,198.9,206.3,0.991,60,340,STABLE
2026-06-18 14:00:31,198.9,206.3,0.991,60,340,STABLE
2026-06-18 14:00:31,198.9,206.3,0.991,60,340,STABLE
2026-06-18 14:00:32,199.2,205.5,0.993,60,340,STABLE
2026-06-18 14:00:32,199.2,205.5,0.993,60,340,STABLE
2026-06-18 14:00:33,199.2,205.5,0.993,60,340,STABLE
2026-06-18 14:00:34,197.2,205.8,0.988,60,340,STABLE
2026-06-18 14:00:34,197.2,205.8,0.988,60,340,STABLE
2026-06-18 14:00:34,197.2,205.8,0.988,60,340,STABLE
2026-06-18 14:00:34,197.5,205.5,0.986,60,340,STABLE
2026-06-18 14:00:34,199.2,205.8,0.992,60,340,STABLE
2026-06-18 14:00:35,199.2,205.8,0.992,60,340,STABLE
2026-06-18 14:00:35,199.2,205.8,0.992,60,340,STABLE
2026-06-18 14:00:35,198.9,206.1,0.989,60,340,STABLE
2026-06-18 14:00:36,198.9,206.1,0.989,60,340,STABLE
2026-06-18 14:00:36,198.9,206.1,0.989,60,340,STABLE
2026-06-18 14:00:36,198.9,206.1,0.992,60,340,STABLE
2026-06-18 14:00:37,197.2,205.5,0.987,60,340,STABLE
2026-06-18 14:00:37,197.2,205.5,0.987,60,340,STABLE
2026-06-18 14:00:37,197.2,205.5,0.987,60,340,STABLE
2026-06-18 14:00:37,198.0,204.4,0.991,60,340,STABLE
2026-06-18 14:00:38,198.0,204.4,0.991,60,340,STABLE
2026-06-18 14:00:38,197.5,204.7,0.987,60,340,STABLE
2026-06-18 14:00:38,197.5,204.7,0.987,60,340,STABLE
2026-06-18 14:00:38,197.5,204.7,0.987,60,340,STABLE
2026-06-18 14:00:38,198.9,206.1,0.992,60,340,STABLE
2026-06-18 14:00:39,198.9,206.1,0.992,60,340,STABLE
2026-06-18 14:00:40,199.2,205.8,0.989,60,340,STABLE
2026-06-18 14:00:40,199.2,205.8,0.989,60,340,STABLE
2026-06-18 14:00:40,199.2,205.8,0.989,60,340,STABLE
2026-06-18 14:00:41,199.2,206.1,0.991,60,340,STABLE
2026-06-18 14:00:42,197.5,205.8,0.987,60,340,STABLE
2026-06-18 14:00:42,197.5,205.8,0.987,60,340,STABLE
2026-06-18 14:00:42,197.5,205.8,0.987,60,340,STABLE
2026-06-18 14:00:42,197.5,205.5,0.988,60,340,STABLE
2026-06-18 14:00:42,197.5,205.5,0.988,60,340,STABLE
2026-06-18 14:00:42,197.5,205.5,0.988,60,340,STABLE
2026-06-18 14:00:43,198.9,206.3,0.991,60,340,STABLE
2026-06-18 14:00:43,198.9,206.3,0.991,60,340,STABLE
2026-06-18 14:00:43,198.9,206.3,0.991,60,340,STABLE
2026-06-18 14:00:43,198.6,205.5,0.988,60,340,STABLE
2026-06-18 14:00:44,197.5,206.4,0.984,60,340,STABLE
2026-06-18 14:00:44,197.5,206.4,0.984,60,340,STABLE
2026-06-18 14:00:44,197.5,206.4,0.984,60,340,STABLE
2026-06-18 14:00:44,199.5,206.3,0.993,60,340,STABLE
2026-06-18 14:00:44,199.2,206.3,0.992,60,340,STABLE
2026-06-18 14:00:45,199.2,206.3,0.992,60,340,STABLE
2026-06-18 14:00:45,199.2,206.3,0.992,60,340,STABLE
2026-06-18 14:00:45,197.8,205.5,0.987,60,340,STABLE
2026-06-18 14:00:45,197.8,205.5,0.987,60,340,STABLE
2026-06-18 14:00:45,197.8,205.5,0.987,60,340,STABLE
2026-06-18 14:00:45,198.1,206.1,0.986,60,340,STABLE
2026-06-18 14:00:46,198.1,206.1,0.986,60,340,STABLE
2026-06-18 14:00:46,198.1,206.1,0.986,60,340,STABLE
2026-06-18 14:00:46,197.5,206.6,0.983,60,340,STABLE
2026-06-18 14:00:46,197.5,206.6,0.983,60,340,STABLE
2026-06-18 14:00:46,197.5,206.6,0.983,60,340,STABLE
2026-06-18 14:00:47,197.0,205.5,0.991,60,340,STABLE
2026-06-18 14:00:47,197.0,205.5,0.991,60,340,STABLE
2026-06-18 14:00:47,197.0,205.5,0.991,60,340,STABLE
2026-06-18 14:00:47,199.2,205.5,0.991,60,340,STABLE
2026-06-18 14:00:47,199.2,205.5,0.991,60,340,STABLE
2026-06-18 14:00:47,199.2,205.5,0.991,60,340,STABLE
2026-06-18 14:00:48,199.5,205.8,0.988,60,340,STABLE
2026-06-18 14:00:48,199.5,205.8,0.988,60,340,STABLE
2026-06-18 14:00:48,199.5,205.8,0.988,60,340,STABLE
2026-06-18 14:00:48,197.8,205.2,0.988,60,340,STABLE
2026-06-18 14:00:48,197.8,205.2,0.988,60,340,STABLE
2026-06-18 14:00:48,197.8,205.2,0.988,60,340,STABLE
2026-06-18 14:00:48,197.5,205.5,0.986,60,340,STABLE
2026-06-18 14:00:48,197.5,205.5,0.986,60,340,STABLE
2026-06-18 14:00:49,199.2,205.8,0.992,60,340,STABLE
2026-06-18 14:00:49,199.2,205.8,0.992,60,340,STABLE
2026-06-18 14:00:49,199.2,205.8,0.992,60,340,STABLE
2026-06-18 14:00:49,199.2,206.1,0.991,60,340,STABLE
2026-06-18 14:00:50,199.2,206.1,0.991,60,340,STABLE
2026-06-18 14:00:50,199.5,206.1,0.989,60,340,STABLE
2026-06-18 14:00:50,199.5,206.1,0.989,60,340,STABLE
2026-06-18 14:00:50,199.5,206.1,0.989,60,340,STABLE
2026-06-18 14:00:50,198.6,205.8,0.992,60,340,STABLE
2026-06-18 14:00:50,198.6,205.8,0.992,60,340,STABLE
2026-06-18 14:00:50,198.6,205.8,0.992,60,340,STABLE
2026-06-18 14:00:51,199.2,206.1,0.991,60,340,STABLE
2026-06-18 14:00:51,199.7,206.0,0.993,60,340,STABLE
2026-06-18 14:00:51,199.7,206.0,0.993,60,340,STABLE
2026-06-18 14:00:51,199.7,206.0,0.993,60,340,STABLE
2026-06-18 14:00:51,199.5,205.5,0.989,60,340,STABLE
2026-06-18 14:00:51,199.5,205.5,0.989,60,340,STABLE
2026-06-18 14:00:52,199.5,205.5,0.989,60,340,STABLE
2026-06-18 14:00:52,198.9,205.8,0.988,60,340,STABLE
2026-06-18 14:00:52,198.9,205.8,0.988,60,340,STABLE
2026-06-18 14:00:52,198.9,205.8,0.988,60,340,STABLE
2026-06-18 14:00:53,197.0,205.8,0.989,60,340,STABLE
2026-06-18 14:00:53,197.0,205.8,0.989,60,340,STABLE
2026-06-18 14:00:53,197.8,205.2,0.986,60,340,STABLE
2026-06-18 14:00:53,197.8,205.2,0.986,60,340,STABLE
2026-06-18 14:00:53,197.8,205.2,0.986,60,340,STABLE
2026-06-18 14:00:53,197.5,205.5,0.988,60,340,STABLE
2026-06-18 14:00:53,197.5,205.5,0.988,60,340,STABLE
2026-06-18 14:00:54,197.5,205.5,0.988,60,340,STABLE
2026-06-18 14:00:54,199.5,206.1,0.992,60,340,STABLE
2026-06-18 14:00:54,197.0,206.1,0.988,60,340,STABLE
2026-06-18 14:00:54,197.0,206.1,0.988,60,340,STABLE
2026-06-18 14:00:54,197.0,206.1,0.988,60,340,STABLE
2026-06-18 14:00:55,199.2,205.5,0.991,60,340,STABLE
2026-06-18 14:00:55,197.8,205.8,0.988,60,340,STABLE
2026-06-18 14:00:56,197.8,205.8,0.988,60,340,STABLE
2026-06-18 14:00:56,197.8,205.8,0.988,60,340,STABLE
2026-06-18 14:00:56,197.2,206.1,0.987,60,340,STABLE
2026-06-18 14:00:56,197.2,206.1,0.987,60,340,STABLE
2026-06-18 14:00:56,197.2,206.1,0.987,60,340,STABLE
2026-06-18 14:00:57,198.9,205.5,0.989,60,340,STABLE
2026-06-18 14:00:57,197.5,206.4,0.987,60,340,STABLE
2026-06-18 14:00:57,197.5,206.4,0.987,60,340,STABLE
2026-06-18 14:00:57,197.5,206.4,0.987,60,340,STABLE
2026-06-18 14:00:58,199.2,206.6,0.996,60,340,STABLE
2026-06-18 14:00:58,199.2,206.6,0.996,60,340,STABLE
2026-06-18 14:00:58,199.2,206.6,0.996,60,340,STABLE
2026-06-18 14:00:58,198.9,206.3,0.993,60,340,STABLE
2026-06-18 14:00:58,199.7,205.5,0.993,60,340,STABLE
2026-06-18 14:00:58,199.7,205.5,0.993,60,340,STABLE
2026-06-18 14:00:59,199.7,205.5,0.993,60,340,STABLE
2026-06-18 14:00:59,198.9,206.3,0.991,60,340,STABLE
2026-06-18 14:00:59,198.9,206.3,0.991,60,340,STABLE
2026-06-18 14:01:00,198.9,206.3,0.991,60,340,STABLE
2026-06-18 14:01:00,198.9,205.5,0.992,60,340,STABLE
2026-06-18 14:01:00,198.9,205.5,0.992,60,340,STABLE
2026-06-18 14:01:00,198.9,205.5,0.992,60,340,STABLE
2026-06-18 14:01:00,199.5,206.1,0.995,60,340,STABLE
2026-06-18 14:01:00,198.9,205.8,0.991,60,340,STABLE
2026-06-18 14:01:01,198.9,205.8,0.991,60,340,STABLE
2026-06-18 14:01:01,198.9,205.8,0.991,60,340,STABLE
2026-06-18 14:01:01,199.2,205.8,0.992,60,340,STABLE
2026-06-18 14:01:01,199.2,205.8,0.992,60,340,STABLE
2026-06-18 14:01:01,199.2,205.8,0.992,60,340,STABLE
2026-06-18 14:01:02,197.2,205.2,0.986,60,340,STABLE
2026-06-18 14:01:02,197.2,205.2,0.986,60,340,STABLE
2026-06-18 14:01:02,197.2,205.2,0.986,60,340,STABLE
2026-06-18 14:01:03,197.2,205.2,0.988,60,340,STABLE
2026-06-18 14:01:03,197.2,205.2,0.988,60,340,STABLE
2026-06-18 14:01:03,197.2,205.2,0.988,60,340,STABLE
2026-06-18 14:01:03,197.5,205.2,0.990,60,340,STABLE
2026-06-18 14:01:03,197.5,205.2,0.990,60,340,STABLE
2026-06-18 14:01:04,197.5,205.2,0.990,60,340,STABLE
2026-06-18 14:01:04,198.9,206.3,0.996,60,340,STABLE
2026-06-18 14:01:04,199.2,206.1,0.991,60,340,STABLE
2026-06-18 14:01:04,199.2,206.1,0.991,60,340,STABLE
2026-06-18 14:01:04,199.2,206.1,0.991,60,340,STABLE
2026-06-18 14:01:04,199.5,205.8,0.993,60,340,STABLE
2026-06-18 14:01:05,199.5,205.8,0.993,60,340,STABLE
2026-06-18 14:01:05,199.5,205.8,0.993,60,340,STABLE
2026-06-18 14:01:05,197.2,205.5,0.990,60,340,STABLE
2026-06-18 14:01:05,197.2,205.5,0.990,60,340,STABLE
2026-06-18 14:01:05,197.2,205.5,0.990,60,340,STABLE
2026-06-18 14:01:06,198.0,204.4,0.986,60,340,STABLE
2026-06-18 14:01:06,198.0,204.4,0.986,60,340,STABLE
2026-06-18 14:01:06,198.0,204.4,0.986,60,340,STABLE
2026-06-18 14:01:06,197.0,205.2,0.989,60,340,STABLE
2026-06-18 14:01:06,198.6,205.8,0.995,60,340,STABLE
2026-06-18 14:01:06,198.6,205.8,0.995,60,340,STABLE
2026-06-18 14:01:07,198.6,205.8,0.995,60,340,STABLE
2026-06-18 14:01:11,197.5,205.8,0.989,60,340,STABLE
2026-06-18 14:01:11,197.5,205.8,0.989,60,340,STABLE
2026-06-18 14:01:11,197.5,205.8,0.989,60,340,STABLE
2026-06-18 14:01:12,198.9,205.8,0.996,60,340,STABLE
2026-06-18 14:01:12,199.5,206.3,0.991,60,340,STABLE
2026-06-18 14:01:12,199.5,206.3,0.991,60,340,STABLE
2026-06-18 14:01:12,199.5,206.3,0.991,60,340,STABLE
2026-06-18 14:01:12,199.2,205.5,0.993,60,340,STABLE
2026-06-18 14:01:13,199.2,205.5,0.993,60,340,STABLE
2026-06-18 14:01:13,199.2,205.5,0.993,60,340,STABLE
2026-06-18 14:01:13,199.2,205.8,0.989,60,340,STABLE
2026-06-18 14:01:13,199.2,206.9,0.992,60,340,STABLE
2026-06-18 14:01:13,199.2,206.9,0.992,60,340,STABLE
2026-06-18 14:01:13,199.2,206.9,0.992,60,340,STABLE
2026-06-18 14:01:14,197.2,205.5,0.990,60,340,STABLE
2026-06-18 14:01:14,197.2,205.5,0.990,60,340,STABLE
2026-06-18 14:01:14,197.2,205.5,0.990,60,340,STABLE
2026-06-18 14:01:14,199.2,206.1,0.996,60,340,STABLE
2026-06-18 14:01:14,199.2,205.5,0.993,60,340,STABLE
2026-06-18 14:01:14,199.2,205.5,0.993,60,340,STABLE
2026-06-18 14:01:14,199.2,205.5,0.993,60,340,STABLE
2026-06-18 14:01:15,199.2,206.1,0.991,60,340,STABLE
2026-06-18 14:01:15,199.2,206.1,0.991,60,340,STABLE
2026-06-18 14:01:15,199.2,206.1,0.991,60,340,STABLE
2026-06-18 14:01:15,199.2,206.1,0.991,60,340,STABLE
2026-06-18 14:01:16,199.2,206.1,0.991,60,340,STABLE
2026-06-18 14:01:16,199.2,206.1,0.991,60,340,STABLE
2026-06-18 14:01:16,199.5,206.1,0.989,60,340,STABLE
2026-06-18 14:01:16,199.5,206.1,0.989,60,340,STABLE
2026-06-18 14:01:18,198.1,205.5,0.983,60,340,STABLE
2026-06-18 14:01:19,198.9,206.9,0.988,60,340,STABLE
2026-06-18 14:01:19,198.6,205.5,0.988,60,340,STABLE
2026-06-18 14:01:19,198.6,205.5,0.988,60,340,STABLE
2026-06-18 14:01:19,198.6,205.5,0.988,60,340,STABLE
2026-06-18 14:01:20,198.6,206.6,0.988,60,340,STABLE
2026-06-18 14:01:20,198.6,206.6,0.988,60,340,STABLE
2026-06-18 14:01:21,198.6,206.6,0.988,60,340,STABLE
2026-06-18 14:01:21,199.8,206.3,0.992,60,340,STABLE
2026-06-18 14:01:21,199.8,206.3,0.992,60,340,STABLE
2026-06-18 14:01:21,199.8,206.3,0.992,60,340,STABLE
2026-06-18 14:01:21,199.5,205.5,0.992,60,340,STABLE
2026-06-18 14:01:21,199.5,205.5,0.992,60,340,STABLE
2026-06-18 14:01:21,199.5,205.5,0.992,60,340,STABLE
2026-06-18 14:01:22,199.2,206.6,0.993,60,340,STABLE
2026-06-18 14:01:22,199.2,206.6,0.993,60,340,STABLE
2026-06-18 14:01:22,199.2,206.6,0.993,60,340,STABLE
2026-06-18 14:01:22,197.2,205.2,0.986,60,340,STABLE
2026-06-18 14:01:23,199.7,205.5,0.991,60,340,STABLE
2026-06-18 14:01:23,199.7,205.5,0.991,60,340,STABLE
2026-06-18 14:01:23,199.7,205.5,0.991,60,340,STABLE
2026-06-18 14:01:23,199.5,205.8,0.991,60,340,STABLE
2026-06-18 14:01:23,198.9,205.8,0.991,60,340,STABLE
2026-06-18 14:01:24,198.9,205.8,0.991,60,340,STABLE
2026-06-18 14:01:24,198.9,205.8,0.991,60,340,STABLE
2026-06-18 14:01:24,198.9,205.8,0.991,60,340,STABLE
2026-06-18 14:01:24,198.9,205.8,0.991,60,340,STABLE
2026-06-18 14:01:24,198.9,205.8,0.991,60,340,STABLE
2026-06-18 14:01:24,199.5,206.3,0.991,60,340,STABLE
2026-06-18 14:01:25,199.2,206.3,0.992,60,340,STABLE
2026-06-18 14:01:25,199.2,206.3,0.992,60,340,STABLE
2026-06-18 14:01:25,199.2,206.3,0.992,60,340,STABLE
2026-06-18 14:01:25,198.4,205.8,0.988,60,340,STABLE
2026-06-18 14:01:25,198.4,205.8,0.988,60,340,STABLE
2026-06-18 14:01:25,198.4,205.8,0.988,60,340,STABLE
2026-06-18 14:01:25,199.5,206.1,0.992,60,340,STABLE
2026-06-18 14:01:26,198.9,206.1,0.992,60,340,STABLE
2026-06-18 14:01:26,198.9,206.1,0.992,60,340,STABLE
2026-06-18 14:01:26,198.9,206.1,0.992,60,340,STABLE
2026-06-18 14:01:26,197.8,206.1,0.984,60,340,STABLE
2026-06-18 14:01:26,197.8,206.1,0.984,60,340,STABLE
2026-06-18 14:01:26,197.8,206.1,0.984,60,340,STABLE
2026-06-18 14:01:27,198.6,206.3,0.992,60,340,STABLE
2026-06-18 14:01:27,198.9,206.3,0.991,60,340,STABLE
2026-06-18 14:01:27,198.9,206.3,0.991,60,340,STABLE
2026-06-18 14:01:27,198.9,206.3,0.991,60,340,STABLE
2026-06-18 14:01:28,198.4,205.8,0.988,60,340,STABLE
2026-06-18 14:01:28,199.2,206.1,0.993,60,340,STABLE
2026-06-18 14:01:28,199.2,206.1,0.993,60,340,STABLE
2026-06-18 14:01:28,199.2,206.1,0.993,60,340,STABLE
2026-06-18 14:01:28,199.2,205.5,0.993,60,340,STABLE
2026-06-18 14:01:28,199.2,205.5,0.993,60,340,STABLE
2026-06-18 14:01:29,199.2,205.5,0.993,60,340,STABLE
2026-06-18 14:01:29,199.2,206.1,0.988,60,340,STABLE
2026-06-18 14:01:29,199.4,204.9,0.989,60,340,STABLE
2026-06-18 14:01:29,199.4,204.9,0.989,60,340,STABLE
2026-06-18 14:01:29,199.4,204.9,0.989,60,340,STABLE
2026-06-18 14:01:29,199.7,206.0,0.991,60,340,STABLE
2026-06-18 14:01:29,199.7,206.0,0.991,60,340,STABLE
2026-06-18 14:01:30,199.7,206.0,0.991,60,340,STABLE
2026-06-18 14:01:30,197.0,206.4,0.984,60,340,STABLE
2026-06-18 14:01:30,198.9,206.3,0.993,60,340,STABLE
2026-06-18 14:01:30,198.9,206.3,0.993,60,340,STABLE
2026-06-18 14:01:30,198.9,206.3,0.993,60,340,STABLE
2026-06-18 14:01:30,197.2,205.5,0.987,60,340,STABLE
2026-06-18 14:01:31,197.2,205.5,0.987,60,340,STABLE
2026-06-18 14:01:31,197.2,205.5,0.987,60,340,STABLE
2026-06-18 14:01:31,198.1,205.8,0.982,60,340,STABLE
2026-06-18 14:01:31,198.9,205.8,0.991,60,340,STABLE
2026-06-18 14:01:31,198.9,205.8,0.991,60,340,STABLE
2026-06-18 14:01:31,198.9,205.8,0.991,60,340,STABLE
2026-06-18 14:01:32,199.5,206.1,0.992,60,340,STABLE
2026-06-18 14:01:32,199.5,206.1,0.992,60,340,STABLE
2026-06-18 14:01:32,199.5,206.1,0.992,60,340,STABLE
2026-06-18 14:01:32,199.5,206.6,0.987,60,340,STABLE
2026-06-18 14:01:32,199.5,206.6,0.987,60,340,STABLE
2026-06-18 14:01:32,197.2,205.8,0.986,60,340,STABLE
2026-06-18 14:01:32,197.2,205.8,0.986,60,340,STABLE
2026-06-18 14:01:32,197.2,205.8,0.986,60,340,STABLE
2026-06-18 14:01:33,199.5,206.1,0.992,60,340,STABLE
2026-06-18 14:01:33,199.5,206.1,0.992,60,340,STABLE
2026-06-18 14:01:33,199.5,206.1,0.992,60,340,STABLE
2026-06-18 14:01:33,199.2,205.8,0.989,60,340,STABLE
2026-06-18 14:01:33,199.2,205.8,0.989,60,340,STABLE
2026-06-18 14:01:34,199.2,205.8,0.989,60,340,STABLE
2026-06-18 14:01:35,199.5,205.5,0.989,60,340,STABLE
2026-06-18 14:01:35,199.5,205.5,0.989,60,340,STABLE
2026-06-18 14:01:35,199.5,205.5,0.989,60,340,STABLE
2026-06-18 14:01:35,199.2,205.8,0.992,60,340,STABLE
2026-06-18 14:01:35,199.2,205.8,0.992,60,340,STABLE
2026-06-18 14:01:36,197.5,205.5,0.991,60,340,STABLE
2026-06-18 14:01:36,197.5,205.5,0.991,60,340,STABLE
2026-06-18 14:01:36,198.9,205.8,0.991,60,340,STABLE
2026-06-18 14:01:37,198.9,205.8,0.991,60,340,STABLE
2026-06-18 14:01:37,198.9,205.8,0.991,60,340,STABLE
2026-06-18 14:01:37,197.0,206.1,0.988,60,340,STABLE
2026-06-18 14:01:37,197.0,206.1,0.988,60,340,STABLE
2026-06-18 14:01:37,197.0,206.1,0.988,60,340,STABLE
2026-06-18 14:01:37,198.4,206.1,0.989,60,340,STABLE
2026-06-18 14:01:37,198.4,206.1,0.989,60,340,STABLE
2026-06-18 14:01:37,198.4,206.1,0.989,60,340,STABLE
2026-06-18 14:01:38,197.5,205.5,0.988,60,340,STABLE
2026-06-18 14:01:38,197.5,205.5,0.988,60,340,STABLE
2026-06-18 14:01:38,197.5,205.5,0.988,60,340,STABLE
2026-06-18 14:01:38,198.9,205.8,0.993,60,340,STABLE
2026-06-18 14:01:38,198.9,205.8,0.993,60,340,STABLE
2026-06-18 14:01:39,197.5,206.1,0.988,60,340,STABLE
2026-06-18 14:01:39,197.5,206.1,0.988,60,340,STABLE
2026-06-18 14:01:39,197.5,206.1,0.988,60,340,STABLE
2026-06-18 14:01:39,197.8,205.2,0.988,60,340,STABLE
2026-06-18 14:01:39,197.8,205.2,0.988,60,340,STABLE
2026-06-18 14:01:40,198.6,205.5,0.988,60,340,STABLE
2026-06-18 14:01:40,198.6,205.5,0.988,60,340,STABLE
2026-06-18 14:01:40,198.6,205.5,0.988,60,340,STABLE
2026-06-18 14:01:41,196.7,205.8,0.988,60,340,STABLE
2026-06-18 14:01:41,196.7,205.8,0.988,60,340,STABLE
2026-06-18 14:01:41,196.7,205.8,0.988,60,340,STABLE
2026-06-18 14:01:41,199.5,205.5,0.992,60,340,STABLE
2026-06-18 14:01:41,199.5,205.5,0.992,60,340,STABLE
2026-06-18 14:01:41,199.5,205.5,0.992,60,340,STABLE
2026-06-18 14:01:41,198.9,206.3,0.993,60,340,STABLE
2026-06-18 14:01:42,198.9,206.3,0.993,60,340,STABLE
2026-06-18 14:01:43,198.4,206.3,0.991,60,340,STABLE
2026-06-18 14:01:44,198.4,206.3,0.991,60,340,STABLE
2026-06-18 14:01:46,197.0,205.8,0.989,60,340,STABLE
2026-06-18 14:01:46,197.0,205.8,0.989,60,340,STABLE
2026-06-18 14:01:46,198.9,206.1,0.992,60,340,STABLE
2026-06-18 14:01:46,198.9,206.1,0.992,60,340,STABLE
2026-06-18 14:01:46,198.9,206.1,0.992,60,340,STABLE
2026-06-18 14:01:47,197.0,206.4,0.987,60,340,STABLE
2026-06-18 14:01:47,197.0,206.4,0.987,60,340,STABLE
2026-06-18 14:01:47,197.0,206.4,0.987,60,340,STABLE
2026-06-18 14:01:48,197.0,205.2,0.989,60,340,STABLE
2026-06-18 14:01:48,197.0,205.2,0.989,60,340,STABLE
2026-06-18 14:01:48,197.0,205.2,0.989,60,340,STABLE
2026-06-18 14:01:49,197.5,206.4,0.989,60,340,STABLE
2026-06-18 14:01:49,197.5,206.4,0.989,60,340,STABLE
2026-06-18 14:01:49,197.5,206.4,0.989,60,340,STABLE
2026-06-18 14:01:49,197.0,206.1,0.988,60,340,STABLE
2026-06-18 14:01:50,197.3,206.4,0.991,60,340,STABLE
2026-06-18 14:01:51,197.2,204.7,0.986,60,340,STABLE
2026-06-18 14:01:51,197.2,204.7,0.986,60,340,STABLE
2026-06-18 14:01:51,197.2,204.7,0.986,60,340,STABLE
2026-06-18 14:01:55,196.7,205.5,0.992,60,340,STABLE
2026-06-18 14:01:55,196.7,205.5,0.992,60,340,STABLE
2026-06-18 14:01:55,196.7,205.5,0.992,60,340,STABLE
2026-06-18 14:01:56,199.5,206.3,0.991,60,340,STABLE
2026-06-18 14:01:56,199.5,206.3,0.991,60,340,STABLE
2026-06-18 14:01:56,199.5,206.3,0.991,60,340,STABLE
2026-06-18 14:01:56,198.9,206.1,0.995,60,340,STABLE
2026-06-18 14:01:56,197.5,206.4,0.987,60,340,STABLE
2026-06-18 14:01:57,197.5,206.4,0.987,60,340,STABLE
2026-06-18 14:01:57,197.5,206.4,0.987,60,340,STABLE
2026-06-18 14:01:57,197.5,205.5,0.988,60,340,STABLE
2026-06-18 14:01:57,197.5,205.5,0.988,60,340,STABLE
2026-06-18 14:01:57,197.5,205.5,0.988,60,340,STABLE
2026-06-18 14:01:58,197.5,205.2,0.987,60,340,STABLE
2026-06-18 14:01:58,197.5,205.2,0.987,60,340,STABLE
2026-06-18 14:01:58,197.5,205.2,0.987,60,340,STABLE
2026-06-18 14:01:58,198.9,206.1,0.989,60,340,STABLE
2026-06-18 14:01:58,198.9,206.1,0.989,60,340,STABLE
2026-06-18 14:01:58,198.9,206.1,0.989,60,340,STABLE
2026-06-18 14:01:59,197.2,205.8,0.986,60,340,STABLE
2026-06-18 14:01:59,197.2,205.8,0.986,60,340,STABLE
2026-06-18 14:01:59,197.2,205.8,0.986,60,340,STABLE
2026-06-18 14:01:59,199.2,206.1,0.991,60,340,STABLE
2026-06-18 14:01:59,199.2,206.1,0.991,60,340,STABLE
2026-06-18 14:02:00,197.8,207.2,0.974,60,340,STABLE
2026-06-18 14:02:00,197.8,207.2,0.974,60,340,STABLE
2026-06-18 14:02:00,197.8,207.2,0.974,60,340,STABLE
2026-06-18 14:02:00,198.1,205.5,0.988,60,340,STABLE
2026-06-18 14:02:00,198.1,205.5,0.988,60,340,STABLE
2026-06-18 14:02:00,198.1,205.5,0.988,60,340,STABLE
2026-06-18 14:02:01,199.5,205.8,0.988,60,340,STABLE
2026-06-18 14:02:01,199.5,205.8,0.988,60,340,STABLE
2026-06-18 14:02:01,199.5,205.8,0.988,60,340,STABLE
2026-06-18 14:02:01,199.5,206.3,0.993,60,340,STABLE
2026-06-18 14:02:01,199.5,206.3,0.993,60,340,STABLE
2026-06-18 14:02:01,199.5,206.3,0.993,60,340,STABLE
2026-06-18 14:02:01,199.2,205.8,0.995,60,340,STABLE
2026-06-18 14:02:02,199.2,206.1,0.986,60,340,STABLE
2026-06-18 14:02:02,199.2,206.1,0.986,60,340,STABLE
2026-06-18 14:02:02,199.2,206.1,0.986,60,340,STABLE
2026-06-18 14:02:02,198.3,205.5,0.989,60,340,STABLE
2026-06-18 14:02:03,198.6,206.1,0.988,60,340,STABLE
2026-06-18 14:02:03,198.6,206.1,0.988,60,340,STABLE
2026-06-18 14:02:03,198.6,206.1,0.988,60,340,STABLE
2026-06-18 14:02:03,197.8,205.8,0.988,60,340,STABLE
2026-06-18 14:02:03,197.8,205.8,0.988,60,340,STABLE
2026-06-18 14:02:03,197.8,205.8,0.988,60,340,STABLE
2026-06-18 14:02:04,197.8,205.2,0.988,60,340,STABLE
2026-06-18 14:02:04,199.2,206.3,0.989,60,340,STABLE
2026-06-18 14:02:04,199.2,206.3,0.989,60,340,STABLE
2026-06-18 14:02:04,199.2,206.3,0.989,60,340,STABLE
2026-06-18 14:02:05,199.5,205.8,0.993,60,340,STABLE
2026-06-18 14:02:05,199.5,205.8,0.993,60,340,STABLE
2026-06-18 14:02:05,197.5,206.1,0.988,60,340,STABLE
2026-06-18 14:02:05,197.5,206.1,0.988,60,340,STABLE
2026-06-18 14:02:05,197.5,206.1,0.988,60,340,STABLE
2026-06-18 14:02:05,198.6,205.5,0.991,60,340,STABLE
2026-06-18 14:02:06,198.6,205.5,0.991,60,340,STABLE
2026-06-18 14:02:06,198.6,205.5,0.991,60,340,STABLE
2026-06-18 14:02:06,199.2,205.8,0.987,60,340,STABLE
2026-06-18 14:02:06,199.2,205.8,0.987,60,340,STABLE
2026-06-18 14:02:06,199.2,205.8,0.987,60,340,STABLE
2026-06-18 14:02:07,199.2,206.3,0.992,60,340,STABLE
2026-06-18 14:02:07,199.2,206.3,0.992,60,340,STABLE
2026-06-18 14:02:07,199.2,206.3,0.992,60,340,STABLE
2026-06-18 14:02:07,199.2,205.8,0.989,60,340,STABLE
2026-06-18 14:02:07,199.2,205.8,0.989,60,340,STABLE
2026-06-18 14:02:07,199.2,205.8,0.989,60,340,STABLE
2026-06-18 14:02:08,197.8,206.1,0.990,60,340,STABLE
2026-06-18 14:02:08,197.8,206.1,0.990,60,340,STABLE
2026-06-18 14:02:08,199.2,206.1,0.991,60,340,STABLE
2026-06-18 14:02:08,199.2,206.1,0.991,60,340,STABLE
2026-06-18 14:02:08,199.2,206.1,0.991,60,340,STABLE
2026-06-18 14:02:09,197.5,206.6,0.986,60,340,STABLE
2026-06-18 14:02:09,197.5,206.6,0.986,60,340,STABLE
2026-06-18 14:02:10,197.5,206.6,0.986,60,340,STABLE
2026-06-18 14:02:10,199.5,205.8,0.988,60,340,STABLE
2026-06-18 14:02:10,199.5,205.8,0.988,60,340,STABLE
2026-06-18 14:02:10,199.2,206.9,0.992,60,340,STABLE
2026-06-18 14:02:11,199.2,206.9,0.992,60,340,STABLE
2026-06-18 14:02:11,199.2,206.9,0.992,60,340,STABLE
2026-06-18 14:02:11,197.5,205.8,0.992,60,340,STABLE
2026-06-18 14:02:12,199.2,206.1,0.993,60,340,STABLE
2026-06-18 14:02:12,199.2,206.1,0.993,60,340,STABLE
2026-06-18 14:02:13,199.2,206.1,0.993,60,340,STABLE
2026-06-18 14:02:13,197.5,206.1,0.986,60,340,STABLE
2026-06-18 14:02:13,197.5,206.1,0.986,60,340,STABLE
2026-06-18 14:02:14,197.5,206.1,0.986,60,340,STABLE
2026-06-18 14:02:14,198.6,205.8,0.992,60,340,STABLE
2026-06-18 14:02:14,198.6,205.8,0.992,60,340,STABLE
2026-06-18 14:02:15,198.6,205.8,0.992,60,340,STABLE
2026-06-18 14:02:15,199.2,206.6,0.991,60,340,STABLE
2026-06-18 14:02:16,199.2,206.6,0.991,60,340,STABLE
2026-06-18 14:02:16,199.2,206.9,0.987,60,340,STABLE
2026-06-18 14:02:17,199.2,206.9,0.987,60,340,STABLE
2026-06-18 14:02:17,199.2,206.9,0.987,60,340,STABLE
2026-06-18 14:02:17,198.9,206.9,0.988,60,340,STABLE
2026-06-18 14:02:18,198.9,206.9,0.988,60,340,STABLE
2026-06-18 14:02:19,197.8,206.9,0.978,60,340,STABLE
2026-06-18 14:02:20,199.5,206.1,0.992,60,340,STABLE
2026-06-18 14:02:20,199.5,206.1,0.992,60,340,STABLE
2026-06-18 14:02:21,199.7,206.0,0.988,60,340,STABLE
2026-06-18 14:02:21,199.7,206.0,0.988,60,340,STABLE
2026-06-18 14:02:21,199.7,206.0,0.988,60,340,STABLE
2026-06-18 14:02:22,199.2,206.3,0.992,60,340,STABLE
2026-06-18 14:02:22,199.2,206.3,0.992,60,340,STABLE
2026-06-18 14:02:22,199.2,206.3,0.992,60,340,STABLE
2026-06-18 14:02:24,198.1,205.5,0.986,60,340,STABLE
2026-06-18 14:02:24,198.1,205.5,0.986,60,340,STABLE
2026-06-18 14:02:24,198.1,205.5,0.986,60,340,STABLE
2026-06-18 14:02:25,199.5,206.1,0.989,60,340,STABLE
2026-06-18 14:02:25,197.5,205.5,0.991,60,340,STABLE
2026-06-18 14:02:25,197.5,205.5,0.991,60,340,STABLE
2026-06-18 14:02:26,197.5,205.5,0.991,60,340,STABLE
2026-06-18 14:02:26,199.2,205.5,0.991,60,340,STABLE
2026-06-18 14:02:27,199.7,205.8,0.992,60,340,STABLE
2026-06-18 14:02:27,199.7,205.8,0.992,60,340,STABLE
2026-06-18 14:02:27,199.7,205.8,0.992,60,340,STABLE
2026-06-18 14:02:28,198.6,206.1,0.991,60,340,STABLE
2026-06-18 14:02:28,198.6,206.1,0.991,60,340,STABLE
2026-06-18 14:02:28,198.6,206.1,0.991,60,340,STABLE
2026-06-18 14:02:29,199.7,206.0,0.988,60,340,STABLE
2026-06-18 14:02:29,199.7,206.0,0.988,60,340,STABLE
2026-06-18 14:02:29,199.7,206.0,0.988,60,340,STABLE
2026-06-18 14:02:30,199.2,206.1,0.991,60,340,STABLE
2026-06-18 14:02:31,197.8,206.6,0.987,60,340,STABLE
2026-06-18 14:02:32,197.8,206.6,0.987,60,340,STABLE
2026-06-18 14:02:32,197.8,206.6,0.987,60,340,STABLE
2026-06-18 14:02:32,198.9,205.5,0.992,60,340,STABLE
2026-06-18 14:02:33,199.2,205.5,0.991,60,340,STABLE
2026-06-18 14:02:33,199.2,205.5,0.991,60,340,STABLE
2026-06-18 14:02:33,199.2,205.5,0.991,60,340,STABLE
2026-06-18 14:02:34,197.5,205.2,0.987,60,340,STABLE
2026-06-18 14:02:34,198.9,206.3,0.988,60,340,STABLE
2026-06-18 14:02:35,198.9,206.3,0.988,60,340,STABLE
2026-06-18 14:02:35,198.9,206.3,0.988,60,340,STABLE
2026-06-18 14:02:35,199.5,206.3,0.993,60,340,STABLE
2026-06-18 14:02:36,199.5,206.3,0.993,60,340,STABLE
2026-06-18 14:02:36,199.5,206.3,0.993,60,340,STABLE
2026-06-18 14:02:36,199.5,206.1,0.992,60,340,STABLE
2026-06-18 14:02:37,199.5,206.1,0.989,60,340,STABLE
2026-06-18 14:02:37,199.5,206.1,0.989,60,340,STABLE
2026-06-18 14:02:37,199.5,206.1,0.989,60,340,STABLE
2026-06-18 14:02:38,199.2,206.1,0.991,60,340,STABLE
2026-06-18 14:02:38,199.2,206.1,0.991,60,340,STABLE
2026-06-18 14:02:38,199.2,206.1,0.991,60,340,STABLE
2026-06-18 14:02:38,198.9,206.1,0.992,60,340,STABLE
2026-06-18 14:02:38,198.9,206.1,0.992,60,340,STABLE
2026-06-18 14:02:39,197.0,205.8,0.987,60,340,STABLE
2026-06-18 14:02:39,197.0,205.8,0.987,60,340,STABLE
2026-06-18 14:02:39,197.0,205.8,0.987,60,340,STABLE
2026-06-18 14:02:39,199.2,206.3,0.992,60,340,STABLE
2026-06-18 14:02:39,199.2,206.3,0.992,60,340,STABLE
2026-06-18 14:02:40,199.2,206.3,0.992,60,340,STABLE
2026-06-18 14:02:40,199.5,205.8,0.993,60,340,STABLE
2026-06-18 14:02:40,199.5,205.8,0.993,60,340,STABLE
2026-06-18 14:02:40,199.5,205.8,0.993,60,340,STABLE
2026-06-18 14:02:40,199.5,206.1,0.992,60,340,STABLE
2026-06-18 14:02:41,199.5,206.1,0.992,60,340,STABLE
2026-06-18 14:02:41,197.0,206.4,0.987,60,340,STABLE
2026-06-18 14:02:42,197.0,206.4,0.987,60,340,STABLE
2026-06-18 14:02:42,199.5,205.8,0.991,60,340,STABLE
2026-06-18 14:02:43,199.5,205.8,0.991,60,340,STABLE
2026-06-18 14:02:43,199.5,205.8,0.991,60,340,STABLE
2026-06-18 14:02:43,198.9,206.1,0.992,60,340,STABLE
2026-06-18 14:02:43,198.9,206.1,0.992,60,340,STABLE
2026-06-18 14:02:43,198.9,206.1,0.992,60,340,STABLE
2026-06-18 14:02:44,197.5,206.4,0.984,60,340,STABLE
2026-06-18 14:02:44,197.5,206.4,0.984,60,340,STABLE
2026-06-18 14:02:44,197.5,206.4,0.984,60,340,STABLE
2026-06-18 14:02:45,199.2,206.1,0.988,60,340,STABLE
2026-06-18 14:02:45,199.2,206.1,0.988,60,340,STABLE
2026-06-18 14:02:45,199.2,206.1,0.988,60,340,STABLE
2026-06-18 14:02:45,199.5,206.1,0.992,60,340,STABLE
2026-06-18 14:02:45,199.5,206.1,0.992,60,340,STABLE
2026-06-18 14:02:46,199.5,206.1,0.992,60,340,STABLE
2026-06-18 14:02:46,197.5,205.5,0.986,60,340,STABLE
2026-06-18 14:02:47,197.5,205.5,0.986,60,340,STABLE
2026-06-18 14:02:47,197.5,205.5,0.986,60,340,STABLE
2026-06-18 14:02:47,197.5,206.1,0.988,60,340,STABLE
2026-06-18 14:02:47,197.5,206.1,0.988,60,340,STABLE
2026-06-18 14:02:47,197.5,206.1,0.988,60,340,STABLE
2026-06-18 14:02:48,197.2,206.1,0.992,60,340,STABLE
2026-06-18 14:02:48,197.2,206.1,0.992,60,340,STABLE
2026-06-18 14:02:48,197.2,206.1,0.992,60,340,STABLE
2026-06-18 14:02:49,197.0,205.5,0.988,60,340,STABLE
2026-06-18 14:02:49,197.0,205.5,0.988,60,340,STABLE
2026-06-18 14:02:49,197.0,205.5,0.988,60,340,STABLE
2026-06-18 14:02:49,197.8,205.8,0.988,60,340,STABLE
2026-06-18 14:02:50,198.4,206.1,0.984,60,340,STABLE
2026-06-18 14:02:50,198.4,206.1,0.984,60,340,STABLE
2026-06-18 14:02:50,198.4,206.1,0.984,60,340,STABLE
2026-06-18 14:02:50,197.8,205.2,0.988,60,340,STABLE
2026-06-18 14:02:50,197.8,205.2,0.988,60,340,STABLE
2026-06-18 14:02:51,197.8,205.8,0.986,60,340,STABLE
2026-06-18 14:02:51,197.8,205.8,0.986,60,340,STABLE
2026-06-18 14:02:51,197.8,205.8,0.986,60,340,STABLE
2026-06-18 14:02:51,199.5,205.8,0.991,60,340,STABLE
2026-06-18 14:02:52,199.2,206.1,0.993,60,340,STABLE
2026-06-18 14:02:53,199.2,206.1,0.993,60,340,STABLE
2026-06-18 14:02:53,198.9,206.1,0.992,60,340,STABLE
2026-06-18 14:02:53,198.9,206.1,0.992,60,340,STABLE
2026-06-18 14:02:53,198.9,206.1,0.992,60,340,STABLE
2026-06-18 14:02:53,199.2,206.3,0.992,60,340,STABLE
2026-06-18 14:02:54,199.2,206.3,0.992,60,340,STABLE
2026-06-18 14:02:54,197.5,205.2,0.989,60,340,STABLE
2026-06-18 14:02:54,197.5,205.2,0.989,60,340,STABLE
2026-06-18 14:02:54,197.5,205.2,0.989,60,340,STABLE
2026-06-18 14:02:56,197.8,206.9,0.986,60,340,STABLE
2026-06-18 14:02:56,197.8,206.9,0.986,60,340,STABLE
2026-06-18 14:02:57,197.5,205.5,0.988,60,340,STABLE
2026-06-18 14:02:57,197.5,205.5,0.988,60,340,STABLE
2026-06-18 14:02:57,197.0,205.8,0.987,60,340,STABLE
2026-06-18 14:02:57,197.0,205.8,0.987,60,340,STABLE
2026-06-18 14:02:57,197.0,205.8,0.987,60,340,STABLE
2026-06-18 14:02:59,198.9,205.8,0.993,60,340,STABLE
2026-06-18 14:02:59,198.9,205.8,0.993,60,340,STABLE
2026-06-18 14:02:59,198.9,205.8,0.993,60,340,STABLE
2026-06-18 14:02:59,197.5,205.5,0.988,60,340,STABLE
2026-06-18 14:02:59,197.5,205.5,0.988,60,340,STABLE
2026-06-18 14:03:00,197.5,205.5,0.988,60,340,STABLE
2026-06-18 14:03:00,197.8,206.1,0.984,60,340,STABLE
2026-06-18 14:03:00,197.8,206.1,0.984,60,340,STABLE
2026-06-18 14:03:01,197.5,205.5,0.988,60,340,STABLE
2026-06-18 14:03:02,197.5,205.5,0.988,60,340,STABLE
2026-06-18 14:03:02,197.5,205.5,0.988,60,340,STABLE
2026-06-18 14:03:02,199.2,206.1,0.988,60,340,STABLE
2026-06-18 14:03:02,199.2,206.1,0.988,60,340,STABLE
2026-06-18 14:03:03,197.5,205.8,0.984,60,340,STABLE
2026-06-18 14:03:03,197.5,205.8,0.984,60,340,STABLE
2026-06-18 14:03:03,197.5,205.8,0.984,60,340,STABLE
2026-06-18 14:03:03,197.3,206.4,0.986,60,340,STABLE
2026-06-18 14:03:03,197.3,206.4,0.986,60,340,STABLE
2026-06-18 14:03:04,198.9,206.3,0.993,60,340,STABLE
2026-06-18 14:03:04,198.9,206.3,0.993,60,340,STABLE
2026-06-18 14:03:04,198.9,206.3,0.993,60,340,STABLE
2026-06-18 14:03:04,197.2,205.8,0.988,60,340,STABLE
2026-06-18 14:03:04,197.2,205.8,0.988,60,340,STABLE
2026-06-18 14:03:05,198.9,205.5,0.992,60,340,STABLE
2026-06-18 14:03:05,198.9,205.5,0.992,60,340,STABLE
2026-06-18 14:03:06,198.9,205.5,0.992,60,340,STABLE
2026-06-18 14:03:06,197.2,205.5,0.989,60,340,STABLE
2026-06-18 14:03:06,197.2,205.5,0.989,60,340,STABLE
2026-06-18 14:03:06,197.2,205.5,0.989,60,340,STABLE
2026-06-18 14:03:08,197.5,205.8,0.984,60,340,STABLE
2026-06-18 14:03:08,197.5,205.8,0.984,60,340,STABLE
2026-06-18 14:03:09,197.5,205.8,0.984,60,340,STABLE
2026-06-18 14:03:09,197.5,205.8,0.984,60,340,STABLE
2026-06-18 14:03:09,197.5,205.8,0.984,60,340,STABLE
2026-06-18 14:03:09,197.2,205.2,0.991,60,340,STABLE
2026-06-18 14:03:10,197.2,205.2,0.991,60,340,STABLE
2026-06-18 14:03:10,197.2,205.2,0.991,60,340,STABLE
2026-06-18 14:03:10,197.2,206.1,0.987,60,340,STABLE
2026-06-18 14:03:10,197.2,206.1,0.987,60,340,STABLE
2026-06-18 14:03:12,197.5,205.8,0.987,60,340,STABLE
2026-06-18 14:03:12,197.5,205.8,0.987,60,340,STABLE
2026-06-18 14:03:12,197.5,205.8,0.987,60,340,STABLE
2026-06-18 14:03:12,197.0,205.2,0.992,60,340,STABLE
2026-06-18 14:03:12,197.0,205.2,0.992,60,340,STABLE
2026-06-18 14:03:13,197.2,205.8,0.991,60,340,STABLE
2026-06-18 14:03:14,197.2,205.8,0.991,60,340,STABLE
2026-06-18 14:03:14,197.2,205.0,0.989,60,340,STABLE
2026-06-18 14:03:14,197.2,205.0,0.989,60,340,STABLE
2026-06-18 14:03:14,197.2,205.0,0.989,60,340,STABLE
2026-06-18 14:03:15,197.3,206.4,0.986,60,340,STABLE
2026-06-18 14:03:15,197.3,206.4,0.986,60,340,STABLE
2026-06-18 14:03:15,197.3,206.6,0.987,60,340,STABLE
2026-06-18 14:03:15,197.3,206.6,0.987,60,340,STABLE
2026-06-18 14:03:15,197.3,206.6,0.987,60,340,STABLE
2026-06-18 14:03:16,196.7,205.5,0.989,60,340,STABLE
2026-06-18 14:03:16,196.7,205.5,0.989,60,340,STABLE
2026-06-18 14:03:16,196.7,205.5,0.989,60,340,STABLE
2026-06-18 14:03:18,197.0,205.8,0.989,60,340,STABLE
2026-06-18 14:03:18,197.0,205.8,0.989,60,340,STABLE
2026-06-18 14:03:18,197.0,205.8,0.989,60,340,STABLE
2026-06-18 14:03:18,196.7,205.8,0.991,60,340,STABLE
2026-06-18 14:03:18,196.7,205.8,0.991,60,340,STABLE
2026-06-18 14:03:19,196.7,205.8,0.991,60,340,STABLE
2026-06-18 14:03:19,197.2,205.8,0.988,60,340,STABLE
2026-06-18 14:03:19,197.2,205.8,0.988,60,340,STABLE
2026-06-18 14:03:19,196.7,205.5,0.992,60,340,STABLE
2026-06-18 14:03:19,196.7,205.5,0.992,60,340,STABLE
2026-06-18 14:03:20,196.7,205.5,0.992,60,340,STABLE
2026-06-18 14:03:20,197.2,205.5,0.992,60,340,STABLE
2026-06-18 14:03:20,197.2,205.5,0.992,60,340,STABLE
2026-06-18 14:03:20,197.2,205.5,0.992,60,340,STABLE
2026-06-18 14:03:21,197.5,206.9,0.987,60,340,STABLE
2026-06-18 14:03:21,197.5,206.9,0.987,60,340,STABLE
2026-06-18 14:03:21,197.5,206.9,0.987,60,340,STABLE
2026-06-18 14:03:22,197.2,205.5,0.990,60,340,STABLE
2026-06-18 14:03:22,197.2,205.5,0.990,60,340,STABLE
2026-06-18 14:03:22,197.2,205.5,0.990,60,340,STABLE
2026-06-18 14:03:22,197.0,205.8,0.989,60,340,STABLE
2026-06-18 14:03:22,197.0,205.8,0.989,60,340,STABLE
2026-06-18 14:03:22,197.0,205.8,0.989,60,340,STABLE
2026-06-18 14:03:23,197.3,206.4,0.991,60,340,STABLE
2026-06-18 14:03:23,197.3,206.4,0.991,60,340,STABLE
2026-06-18 14:03:23,197.3,206.4,0.991,60,340,STABLE
2026-06-18 14:03:23,197.3,206.4,0.991,60,340,STABLE
2026-06-18 14:03:23,197.3,206.4,0.991,60,340,STABLE
2026-06-18 14:03:24,197.3,206.4,0.991,60,340,STABLE
2026-06-18 14:03:24,197.2,205.8,0.991,60,340,STABLE
2026-06-18 14:03:24,197.2,205.8,0.991,60,340,STABLE
2026-06-18 14:03:24,197.2,205.8,0.991,60,340,STABLE
2026-06-18 14:03:24,197.2,205.8,0.988,60,340,STABLE
2026-06-18 14:03:24,197.2,205.8,0.988,60,340,STABLE
2026-06-18 14:03:24,197.2,205.8,0.988,60,340,STABLE
2026-06-18 14:03:25,196.7,206.7,0.992,60,340,STABLE
2026-06-18 14:03:25,196.7,206.7,0.992,60,340,STABLE
2026-06-18 14:03:25,196.7,206.7,0.992,60,340,STABLE
2026-06-18 14:03:25,197.0,206.1,0.991,60,340,STABLE
2026-06-18 14:03:25,197.0,206.1,0.991,60,340,STABLE
2026-06-18 14:03:25,197.0,206.1,0.991,60,340,STABLE
2026-06-18 14:03:26,197.2,205.5,0.992,60,340,STABLE
2026-06-18 14:03:26,197.2,205.5,0.992,60,340,STABLE
2026-06-18 14:03:26,197.2,205.5,0.992,60,340,STABLE
2026-06-18 14:03:27,197.8,205.5,0.989,60,340,STABLE
2026-06-18 14:03:27,197.8,205.5,0.989,60,340,STABLE
2026-06-18 14:03:27,197.8,205.5,0.989,60,340,STABLE
2026-06-18 14:03:28,197.2,205.8,0.988,60,340,STABLE
2026-06-18 14:03:28,197.2,205.8,0.988,60,340,STABLE
2026-06-18 14:03:29,197.2,205.8,0.988,60,340,STABLE
2026-06-18 14:03:29,197.2,205.5,0.992,60,340,STABLE
2026-06-18 14:03:30,197.0,206.4,0.989,60,340,STABLE
2026-06-18 14:03:31,197.0,206.4,0.989,60,340,STABLE
2026-06-18 14:03:31,197.2,206.1,0.990,60,340,STABLE
2026-06-18 14:03:31,197.2,206.1,0.990,60,340,STABLE
2026-06-18 14:03:31,197.2,206.1,0.990,60,340,STABLE
2026-06-18 14:03:31,197.2,205.8,0.988,60,340,STABLE
2026-06-18 14:03:32,197.2,205.8,0.988,60,340,STABLE
2026-06-18 14:03:32,197.0,206.1,0.991,60,340,STABLE
2026-06-18 14:03:33,197.0,206.1,0.991,60,340,STABLE
2026-06-18 14:03:33,197.0,206.1,0.991,60,340,STABLE
2026-06-18 14:03:33,197.2,206.1,0.989,60,340,STABLE
2026-06-18 14:03:33,197.2,206.1,0.989,60,340,STABLE
2026-06-18 14:03:33,197.2,206.1,0.989,60,340,STABLE
2026-06-18 14:03:33,197.2,206.1,0.987,60,340,STABLE
2026-06-18 14:03:33,197.2,206.1,0.987,60,340,STABLE
2026-06-18 14:03:34,197.2,206.1,0.987,60,340,STABLE
2026-06-18 14:03:34,197.2,205.8,0.988,60,340,STABLE
2026-06-18 14:03:35,197.0,206.1,0.991,60,340,STABLE
2026-06-18 14:03:35,197.0,206.1,0.991,60,340,STABLE
2026-06-18 14:03:36,197.5,206.6,0.986,60,340,STABLE
2026-06-18 14:03:36,197.5,206.6,0.986,60,340,STABLE
2026-06-18 14:03:36,197.5,206.6,0.986,60,340,STABLE
2026-06-18 14:03:37,197.0,205.8,0.989,60,340,STABLE
2026-06-18 14:03:37,197.0,205.8,0.989,60,340,STABLE
2026-06-18 14:03:37,197.0,205.8,0.989,60,340,STABLE
2026-06-18 14:03:38,197.2,205.8,0.988,60,340,STABLE
2026-06-18 14:03:39,198.1,205.8,0.987,60,340,STABLE
2026-06-18 14:03:39,198.1,205.8,0.987,60,340,STABLE
2026-06-18 14:03:39,197.2,205.2,0.993,60,340,STABLE
2026-06-18 14:03:39,197.2,205.2,0.993,60,340,STABLE
2026-06-18 14:03:39,197.2,205.2,0.993,60,340,STABLE
2026-06-18 14:03:41,197.0,206.4,0.989,60,340,STABLE
2026-06-18 14:03:41,197.0,206.4,0.989,60,340,STABLE
2026-06-18 14:03:42,197.2,205.8,0.991,60,340,STABLE
2026-06-18 14:03:42,197.2,205.8,0.991,60,340,STABLE
2026-06-18 14:03:42,197.2,205.8,0.991,60,340,STABLE
2026-06-18 14:03:43,197.0,205.8,0.987,60,340,STABLE
2026-06-18 14:03:43,197.0,205.5,0.988,60,340,STABLE
2026-06-18 14:03:43,197.0,205.5,0.988,60,340,STABLE
2026-06-18 14:03:44,197.0,205.5,0.988,60,340,STABLE
2026-06-18 14:03:44,197.5,206.1,0.991,60,340,STABLE
2026-06-18 14:03:45,196.4,206.4,0.989,60,340,STABLE
2026-06-18 14:03:46,197.2,205.8,0.991,60,340,STABLE
2026-06-18 14:03:46,197.2,205.8,0.991,60,340,STABLE
2026-06-18 14:03:46,197.2,205.8,0.991,60,340,STABLE
2026-06-18 14:03:47,197.2,205.8,0.986,60,340,STABLE
2026-06-18 14:03:47,197.2,205.8,0.986,60,340,STABLE
2026-06-18 14:03:48,197.2,205.8,0.986,60,340,STABLE
2026-06-18 14:03:48,197.2,205.8,0.991,60,340,STABLE
2026-06-18 14:03:48,197.2,205.8,0.991,60,340,STABLE
2026-06-18 14:03:48,197.2,205.8,0.991,60,340,STABLE
2026-06-18 14:03:49,197.5,206.1,0.988,60,340,STABLE
2026-06-18 14:03:49,197.5,206.1,0.988,60,340,STABLE
2026-06-18 14:03:49,197.5,206.1,0.988,60,340,STABLE
2026-06-18 14:03:50,196.7,205.8,0.988,60,340,STABLE
2026-06-18 14:03:51,196.7,205.8,0.988,60,340,STABLE
2026-06-18 14:03:51,196.7,205.8,0.988,60,340,STABLE
2026-06-18 14:03:52,197.0,205.8,0.984,60,340,STABLE
2026-06-18 14:03:52,197.2,205.2,0.991,60,340,STABLE
2026-06-18 14:03:53,197.2,205.2,0.991,60,340,STABLE
2026-06-18 14:03:53,197.2,205.2,0.991,60,340,STABLE
2026-06-18 14:03:53,197.0,206.1,0.991,60,340,STABLE
2026-06-18 14:03:53,197.2,205.5,0.987,60,340,STABLE
2026-06-18 14:03:53,197.2,205.5,0.987,60,340,STABLE
2026-06-18 14:03:54,197.2,205.5,0.987,60,340,STABLE
2026-06-18 14:03:54,197.0,206.1,0.988,60,340,STABLE
2026-06-18 14:03:54,197.0,206.1,0.988,60,340,STABLE
2026-06-18 14:03:54,197.0,206.1,0.988,60,340,STABLE
2026-06-18 14:03:54,196.7,206.7,0.987,60,340,STABLE
2026-06-18 14:03:55,196.7,206.7,0.987,60,340,STABLE
2026-06-18 14:03:55,196.7,206.7,0.987,60,340,STABLE
2026-06-18 14:03:55,197.0,206.6,0.988,60,340,STABLE
2026-06-18 14:03:55,197.0,206.6,0.988,60,340,STABLE
2026-06-18 14:03:55,197.0,206.6,0.988,60,340,STABLE
2026-06-18 14:03:57,197.0,206.1,0.993,60,340,STABLE
2026-06-18 14:03:57,197.0,206.1,0.993,60,340,STABLE
2026-06-18 14:03:57,197.0,206.1,0.993,60,340,STABLE
2026-06-18 14:03:57,196.7,205.8,0.991,60,340,STABLE
2026-06-18 14:03:57,196.7,205.8,0.991,60,340,STABLE
2026-06-18 14:03:58,197.2,206.1,0.989,60,340,STABLE
2026-06-18 14:03:58,197.2,206.1,0.989,60,340,STABLE
2026-06-18 14:03:58,197.2,206.1,0.989,60,340,STABLE
2026-06-18 14:03:58,196.4,206.1,0.988,60,340,STABLE
2026-06-18 14:03:59,196.4,206.1,0.988,60,340,STABLE
2026-06-18 14:03:59,197.5,205.8,0.992,60,340,STABLE
2026-06-18 14:03:59,197.5,205.8,0.992,60,340,STABLE
2026-06-18 14:03:59,197.5,205.8,0.992,60,340,STABLE
2026-06-18 14:04:00,197.0,205.2,0.992,60,340,STABLE
2026-06-18 14:04:00,197.0,205.2,0.992,60,340,STABLE
2026-06-18 14:04:00,197.0,205.2,0.992,60,340,STABLE
2026-06-18 14:04:01,197.2,206.1,0.992,60,340,STABLE
2026-06-18 14:04:01,197.2,206.1,0.992,60,340,STABLE
2026-06-18 14:04:01,197.2,206.1,0.992,60,340,STABLE
2026-06-18 14:04:02,197.2,206.1,0.989,60,340,STABLE
2026-06-18 14:04:02,197.2,206.1,0.989,60,340,STABLE
2026-06-18 14:04:02,197.2,206.1,0.989,60,340,STABLE
2026-06-18 14:04:02,197.0,206.4,0.989,60,340,STABLE
2026-06-18 14:04:03,197.0,206.4,0.989,60,340,STABLE
2026-06-18 14:04:03,197.0,206.4,0.989,60,340,STABLE
2026-06-18 14:04:04,196.7,206.1,0.989,60,340,STABLE
2026-06-18 14:04:04,196.7,206.1,0.989,60,340,STABLE
2026-06-18 14:04:04,196.7,206.1,0.989,60,340,STABLE
2026-06-18 14:04:04,197.2,205.8,0.988,60,340,STABLE
2026-06-18 14:04:04,197.2,205.8,0.988,60,340,STABLE
2026-06-18 14:04:05,197.2,205.8,0.988,60,340,STABLE
2026-06-18 14:04:05,196.7,206.4,0.991,60,340,STABLE
2026-06-18 14:04:05,197.3,206.6,0.987,60,340,STABLE
2026-06-18 14:04:06,197.3,206.6,0.987,60,340,STABLE
2026-06-18 14:04:06,197.3,206.6,0.987,60,340,STABLE
2026-06-18 14:04:07,197.5,205.8,0.989,60,340,STABLE
2026-06-18 14:04:07,197.5,205.8,0.989,60,340,STABLE
2026-06-18 14:04:07,197.5,205.8,0.989,60,340,STABLE
2026-06-18 14:04:07,197.0,205.5,0.993,60,340,STABLE
2026-06-18 14:04:07,197.0,205.5,0.993,60,340,STABLE
2026-06-18 14:04:07,197.0,205.5,0.993,60,340,STABLE
2026-06-18 14:04:08,196.4,205.5,0.993,60,340,STABLE
2026-06-18 14:04:08,196.4,205.5,0.993,60,340,STABLE
2026-06-18 14:04:08,196.4,205.5,0.993,60,340,STABLE
2026-06-18 14:04:08,197.3,206.4,0.991,60,340,STABLE
2026-06-18 14:04:08,197.3,206.4,0.991,60,340,STABLE
2026-06-18 14:04:09,197.3,206.4,0.991,60,340,STABLE
2026-06-18 14:04:09,197.0,206.4,0.989,60,340,STABLE
2026-06-18 14:04:09,197.3,206.4,0.991,60,340,STABLE
2026-06-18 14:04:09,197.3,206.4,0.991,60,340,STABLE
2026-06-18 14:04:10,197.3,206.4,0.991,60,340,STABLE
2026-06-18 14:04:10,196.7,206.7,0.987,60,340,STABLE
2026-06-18 14:04:10,196.7,206.7,0.987,60,340,STABLE
2026-06-18 14:04:11,196.7,206.4,0.991,60,340,STABLE
2026-06-18 14:04:11,196.7,206.4,0.991,60,340,STABLE
2026-06-18 14:04:11,196.7,206.4,0.991,60,340,STABLE
2026-06-18 14:04:11,196.4,206.4,0.989,60,340,STABLE
2026-06-18 14:04:11,197.0,206.1,0.988,60,340,STABLE
2026-06-18 14:04:11,197.0,206.1,0.988,60,340,STABLE
2026-06-18 14:04:11,197.0,206.1,0.988,60,340,STABLE
2026-06-18 14:04:12,197.5,206.1,0.988,60,340,STABLE
2026-06-18 14:04:12,197.5,206.1,0.988,60,340,STABLE
2026-06-18 14:04:12,197.5,206.1,0.988,60,340,STABLE
2026-06-18 14:04:12,198.6,206.1,0.993,60,340,STABLE
2026-06-18 14:04:12,197.0,205.5,0.991,60,340,STABLE
2026-06-18 14:04:13,197.0,205.5,0.991,60,340,STABLE
2026-06-18 14:04:13,197.0,205.5,0.991,60,340,STABLE
2026-06-18 14:04:13,197.0,205.8,0.992,60,340,STABLE
2026-06-18 14:04:13,197.0,205.8,0.992,60,340,STABLE
2026-06-18 14:04:13,197.0,205.8,0.992,60,340,STABLE
2026-06-18 14:04:14,197.3,206.6,0.987,60,340,STABLE
2026-06-18 14:04:14,197.3,206.6,0.987,60,340,STABLE
2026-06-18 14:04:14,197.3,206.6,0.987,60,340,STABLE
2026-06-18 14:04:14,197.0,206.9,0.987,60,340,STABLE
2026-06-18 14:04:16,197.0,206.4,0.989,60,340,STABLE
2026-06-18 14:04:16,197.0,206.1,0.991,60,340,STABLE
2026-06-18 14:04:16,197.0,206.1,0.991,60,340,STABLE
2026-06-18 14:04:16,197.0,206.1,0.991,60,340,STABLE
2026-06-18 14:04:16,197.0,206.1,0.991,60,340,STABLE
2026-06-18 14:04:16,197.0,206.1,0.991,60,340,STABLE
2026-06-18 14:04:16,197.0,206.1,0.991,60,340,STABLE
2026-06-18 14:04:17,197.5,205.0,0.988,60,340,STABLE
2026-06-18 14:04:17,197.0,206.1,0.988,60,340,STABLE
2026-06-18 14:04:17,197.0,206.1,0.988,60,340,STABLE
2026-06-18 14:04:18,197.0,206.1,0.988,60,340,STABLE
2026-06-18 14:04:18,197.2,205.8,0.991,60,340,STABLE
2026-06-18 14:04:18,197.2,205.8,0.991,60,340,STABLE
2026-06-18 14:04:18,197.2,205.8,0.991,60,340,STABLE
2026-06-18 14:04:18,197.0,205.5,0.991,60,340,STABLE
2026-06-18 14:04:19,197.0,205.5,0.991,60,340,STABLE
2026-06-18 14:04:19,197.0,205.5,0.991,60,340,STABLE
2026-06-18 14:04:19,196.7,205.3,0.993,60,340,STABLE
2026-06-18 14:04:19,196.7,205.3,0.993,60,340,STABLE
2026-06-18 14:04:19,196.7,205.3,0.993,60,340,STABLE
2026-06-18 14:04:20,196.9,205.0,0.991,60,340,STABLE
2026-06-18 14:04:20,196.9,205.0,0.991,60,340,STABLE
2026-06-18 14:04:20,196.9,205.0,0.991,60,340,STABLE
2026-06-18 14:04:21,196.7,206.4,0.983,60,340,STABLE
2026-06-18 14:04:21,197.2,205.2,0.991,60,340,STABLE
2026-06-18 14:04:21,197.2,205.2,0.991,60,340,STABLE
2026-06-18 14:04:21,197.2,205.2,0.991,60,340,STABLE
2026-06-18 14:04:22,196.7,205.0,0.989,60,340,STABLE
2026-06-18 14:04:22,197.2,206.1,0.989,60,340,STABLE
2026-06-18 14:04:22,197.2,206.1,0.989,60,340,STABLE
2026-06-18 14:04:23,197.2,206.1,0.989,60,340,STABLE
2026-06-18 14:04:23,197.5,205.5,0.991,60,340,STABLE
2026-06-18 14:04:23,197.5,205.5,0.991,60,340,STABLE
2026-06-18 14:04:23,197.5,205.5,0.991,60,340,STABLE
2026-06-18 14:04:23,197.2,205.8,0.991,60,340,STABLE
2026-06-18 14:04:24,197.2,205.8,0.991,60,340,STABLE
2026-06-18 14:04:24,197.2,205.8,0.991,60,340,STABLE
2026-06-18 14:04:25,197.2,205.5,0.989,60,340,STABLE
2026-06-18 14:04:25,197.2,205.5,0.989,60,340,STABLE
2026-06-18 14:04:25,197.2,205.5,0.989,60,340,STABLE
2026-06-18 14:04:25,197.5,205.5,0.991,60,340,STABLE
2026-06-18 14:04:25,197.5,205.5,0.991,60,340,STABLE
2026-06-18 14:04:25,197.5,205.5,0.991,60,340,STABLE
2026-06-18 14:04:25,197.5,205.8,0.989,60,340,STABLE
2026-06-18 14:04:26,197.5,205.8,0.987,60,340,STABLE
2026-06-18 14:04:26,197.5,205.8,0.987,60,340,STABLE
2026-06-18 14:04:26,197.5,205.8,0.987,60,340,STABLE
2026-06-18 14:04:27,197.0,206.1,0.988,60,340,STABLE
2026-06-18 14:04:27,197.0,205.2,0.992,60,340,STABLE
2026-06-18 14:04:27,197.0,205.2,0.992,60,340,STABLE
2026-06-18 14:04:27,197.0,205.2,0.992,60,340,STABLE
2026-06-18 14:04:27,197.0,206.1,0.993,60,340,STABLE
2026-06-18 14:04:27,197.0,206.1,0.993,60,340,STABLE
2026-06-18 14:04:28,197.0,206.1,0.993,60,340,STABLE
2026-06-18 14:04:28,196.7,206.1,0.989,60,340,STABLE
2026-06-18 14:04:28,196.7,206.1,0.989,60,340,STABLE
2026-06-18 14:04:28,196.7,206.1,0.989,60,340,STABLE
2026-06-18 14:04:28,196.7,206.4,0.991,60,340,STABLE
2026-06-18 14:04:29,196.7,206.4,0.991,60,340,STABLE
2026-06-18 14:04:29,196.7,206.4,0.991,60,340,STABLE
2026-06-18 14:04:29,197.0,206.9,0.989,60,340,STABLE
2026-06-18 14:04:30,197.0,205.5,0.993,60,340,STABLE
2026-06-18 14:04:30,197.0,205.5,0.993,60,340,STABLE
2026-06-18 14:04:30,197.0,205.5,0.993,60,340,STABLE
2026-06-18 14:04:30,197.0,205.5,0.991,60,340,STABLE
2026-06-18 14:04:31,197.0,205.8,0.989,60,340,STABLE
2026-06-18 14:04:31,197.0,205.8,0.989,60,340,STABLE
2026-06-18 14:04:31,197.0,205.8,0.989,60,340,STABLE
2026-06-18 14:04:31,196.4,205.5,0.991,60,340,STABLE
2026-06-18 14:04:31,197.0,205.8,0.989,60,340,STABLE
2026-06-18 14:04:31,197.0,205.8,0.989,60,340,STABLE
2026-06-18 14:04:32,197.0,205.8,0.989,60,340,STABLE
2026-06-18 14:04:32,197.0,206.1,0.996,60,340,STABLE
2026-06-18 14:04:32,197.3,206.4,0.988,60,340,STABLE
2026-06-18 14:04:33,197.3,206.4,0.988,60,340,STABLE
2026-06-18 14:04:33,197.3,206.4,0.988,60,340,STABLE
2026-06-18 14:04:33,197.0,205.8,0.992,60,340,STABLE
2026-06-18 14:04:33,197.5,206.1,0.991,60,340,STABLE
2026-06-18 14:04:34,197.5,206.1,0.991,60,340,STABLE
2026-06-18 14:04:34,197.5,206.1,0.991,60,340,STABLE
2026-06-18 14:04:34,197.0,205.5,0.991,60,340,STABLE
2026-06-18 14:04:34,197.0,205.5,0.991,60,340,STABLE
2026-06-18 14:04:34,197.0,205.5,0.991,60,340,STABLE
2026-06-18 14:04:34,197.0,205.5,0.988,60,340,STABLE
2026-06-18 14:04:35,197.5,206.4,0.992,60,340,STABLE
2026-06-18 14:04:35,197.5,206.4,0.992,60,340,STABLE
2026-06-18 14:04:35,197.5,206.4,0.992,60,340,STABLE
2026-06-18 14:04:35,197.0,205.5,0.988,60,340,STABLE
2026-06-18 14:04:36,197.0,205.5,0.991,60,340,STABLE
2026-06-18 14:04:36,197.0,205.5,0.991,60,340,STABLE
2026-06-18 14:04:36,197.0,205.5,0.991,60,340,STABLE
2026-06-18 14:04:36,197.0,206.6,0.986,60,340,STABLE
2026-06-18 14:04:36,197.0,206.6,0.986,60,340,STABLE
2026-06-18 14:04:37,197.8,206.4,0.991,60,340,STABLE
2026-06-18 14:04:37,197.8,206.4,0.991,60,340,STABLE
2026-06-18 14:04:37,197.8,206.4,0.991,60,340,STABLE
2026-06-18 14:04:37,197.0,206.9,0.989,60,340,STABLE
2026-06-18 14:04:37,197.0,206.9,0.989,60,340,STABLE
2026-06-18 14:04:37,197.0,206.9,0.989,60,340,STABLE
2026-06-18 14:04:38,196.7,205.5,0.990,60,340,STABLE
2026-06-18 14:04:38,197.5,205.8,0.989,60,340,STABLE
2026-06-18 14:04:38,197.5,205.8,0.989,60,340,STABLE
2026-06-18 14:04:38,197.5,205.8,0.989,60,340,STABLE
2026-06-18 14:04:38,197.0,206.4,0.987,60,340,STABLE
2026-06-18 14:04:38,197.0,206.4,0.987,60,340,STABLE
2026-06-18 14:04:38,197.0,206.4,0.987,60,340,STABLE
2026-06-18 14:04:39,197.0,206.6,0.988,60,340,STABLE
2026-06-18 14:04:39,197.0,206.6,0.988,60,340,STABLE
2026-06-18 14:04:39,197.0,206.6,0.988,60,340,STABLE
2026-06-18 14:04:40,197.0,206.6,0.986,60,340,STABLE
2026-06-18 14:04:40,197.2,205.2,0.988,60,340,STABLE
2026-06-18 14:04:40,197.2,205.2,0.988,60,340,STABLE
2026-06-18 14:04:40,197.2,205.2,0.988,60,340,STABLE
2026-06-18 14:04:41,197.0,205.8,0.984,60,340,STABLE
2026-06-18 14:04:41,197.0,205.8,0.984,60,340,STABLE
2026-06-18 14:04:41,197.0,205.8,0.984,60,340,STABLE
2026-06-18 14:04:42,197.0,205.5,0.986,60,340,STABLE
2026-06-18 14:04:42,197.0,205.5,0.986,60,340,STABLE
2026-06-18 14:04:42,197.0,205.5,0.986,60,340,STABLE
2026-06-18 14:04:43,199.2,206.1,0.993,60,340,STABLE
2026-06-18 14:04:43,199.2,206.1,0.993,60,340,STABLE
2026-06-18 14:04:43,199.2,206.1,0.993,60,340,STABLE
2026-06-18 14:04:43,196.3,211.7,0.992,60,340,STABLE
2026-06-18 14:04:43,196.2,211.4,0.993,60,340,STABLE
2026-06-18 14:04:43,196.2,211.4,0.993,60,340,STABLE
2026-06-18 14:04:44,196.2,211.4,0.993,60,340,STABLE
2026-06-18 14:04:46,200.9,209.7,0.992,60,340,STABLE
2026-06-18 14:04:46,200.9,209.7,0.992,60,340,STABLE
2026-06-18 14:04:46,200.9,209.7,0.992,60,340,STABLE
2026-06-18 14:04:52,200.9,209.9,0.991,60,340,STABLE
2026-06-18 14:04:52,200.9,209.9,0.991,60,340,STABLE
2026-06-18 14:04:52,200.9,209.9,0.991,60,340,STABLE
2026-06-18 14:04:52,200.7,210.2,0.993,60,340,STABLE
2026-06-18 14:04:53,200.7,210.2,0.993,60,340,STABLE
2026-06-18 14:04:53,200.7,210.2,0.993,60,340,STABLE
2026-06-18 14:04:53,200.7,210.2,0.993,60,340,STABLE
2026-06-18 14:04:54,200.4,210.2,0.995,60,340,STABLE
2026-06-18 14:04:54,200.4,210.2,0.995,60,340,STABLE
2026-06-18 14:04:54,200.4,210.2,0.995,60,340,STABLE
2026-06-18 14:04:54,200.9,209.7,0.992,60,340,STABLE
2026-06-18 14:04:54,200.9,209.7,0.992,60,340,STABLE
2026-06-18 14:04:55,200.9,209.7,0.992,60,340,STABLE
2026-06-18 14:04:55,200.9,209.7,0.992,60,340,STABLE
2026-06-18 14:04:55,200.9,209.7,0.992,60,340,STABLE
2026-06-18 14:04:56,200.7,209.4,0.989,60,340,STABLE
2026-06-18 14:04:56,200.7,209.4,0.989,60,340,STABLE
2026-06-18 14:04:56,200.7,209.4,0.989,60,340,STABLE
2026-06-18 14:04:56,200.7,210.2,0.996,60,340,STABLE
2026-06-18 14:04:56,200.7,210.2,0.996,60,340,STABLE
2026-06-18 14:04:56,200.7,210.2,0.996,60,340,STABLE
2026-06-18 14:04:57,200.9,210.2,0.992,60,340,STABLE
2026-06-18 14:04:57,200.7,210.0,0.992,60,340,STABLE
2026-06-18 14:04:57,200.7,210.0,0.992,60,340,STABLE
2026-06-18 14:04:57,200.7,210.0,0.992,60,340,STABLE
2026-06-18 14:04:57,200.4,210.0,0.991,60,340,STABLE
2026-06-18 14:04:57,200.4,210.0,0.991,60,340,STABLE
2026-06-18 14:04:58,200.4,210.0,0.991,60,340,STABLE
2026-06-18 14:04:58,200.9,210.2,0.992,60,340,STABLE
2026-06-18 14:04:58,200.7,210.2,0.993,60,340,STABLE
2026-06-18 14:04:58,200.7,210.2,0.993,60,340,STABLE
2026-06-18 14:04:58,200.7,210.2,0.993,60,340,STABLE
2026-06-18 14:04:58,200.9,209.9,0.993,60,340,STABLE
2026-06-18 14:04:59,200.9,209.9,0.993,60,340,STABLE
2026-06-18 14:04:59,200.9,209.9,0.993,60,340,STABLE
2026-06-18 14:04:59,200.7,209.7,0.988,60,340,STABLE
2026-06-18 14:04:59,200.7,209.4,0.992,60,340,STABLE
2026-06-18 14:04:59,200.7,209.4,0.992,60,340,STABLE
2026-06-18 14:04:59,200.7,209.4,0.992,60,340,STABLE
2026-06-18 14:05:00,201.2,209.7,0.991,60,340,STABLE
2026-06-18 14:05:00,201.2,209.7,0.991,60,340,STABLE
2026-06-18 14:05:00,201.2,209.7,0.991,60,340,STABLE
2026-06-18 14:05:00,201.2,209.4,0.992,60,340,STABLE
2026-06-18 14:05:00,201.2,209.4,0.992,60,340,STABLE
2026-06-18 14:05:00,201.2,209.4,0.992,60,340,STABLE
2026-06-18 14:05:01,200.9,209.4,0.991,60,340,STABLE
2026-06-18 14:05:01,200.9,209.4,0.991,60,340,STABLE
2026-06-18 14:05:01,200.9,209.4,0.991,60,340,STABLE
2026-06-18 14:05:01,200.9,210.2,0.989,60,340,STABLE
2026-06-18 14:05:01,200.4,210.2,0.992,60,340,STABLE
2026-06-18 14:05:02,200.4,210.2,0.992,60,340,STABLE
2026-06-18 14:05:02,200.4,210.2,0.992,60,340,STABLE
2026-06-18 14:05:02,200.7,210.0,0.992,60,340,STABLE
2026-06-18 14:05:02,200.7,210.0,0.992,60,340,STABLE
2026-06-18 14:05:02,200.7,210.0,0.992,60,340,STABLE
2026-06-18 14:05:02,200.7,209.4,0.989,60,340,STABLE
2026-06-18 14:05:03,200.7,210.2,0.991,60,340,STABLE
2026-06-18 14:05:03,200.7,210.2,0.991,60,340,STABLE
2026-06-18 14:05:03,200.7,210.2,0.991,60,340,STABLE
2026-06-18 14:05:03,200.9,210.2,0.989,60,340,STABLE
2026-06-18 14:05:03,200.9,210.2,0.989,60,340,STABLE
2026-06-18 14:05:03,200.9,210.2,0.989,60,340,STABLE
2026-06-18 14:05:03,201.2,209.9,0.995,60,340,STABLE
2026-06-18 14:05:04,200.9,210.2,0.992,60,340,STABLE
2026-06-18 14:05:04,200.9,210.2,0.992,60,340,STABLE
2026-06-18 14:05:04,200.9,210.2,0.992,60,340,STABLE
2026-06-18 14:05:04,200.7,210.2,0.991,60,340,STABLE
2026-06-18 14:05:04,200.7,210.2,0.991,60,340,STABLE
2026-06-18 14:05:04,200.7,210.2,0.991,60,340,STABLE
2026-06-18 14:05:05,200.9,210.2,0.995,60,340,STABLE
2026-06-18 14:05:05,200.4,210.2,0.995,60,340,STABLE
2026-06-18 14:05:05,200.4,210.2,0.995,60,340,STABLE
2026-06-18 14:05:05,200.4,210.2,0.995,60,340,STABLE
2026-06-18 14:05:05,200.9,209.9,0.993,60,340,STABLE
2026-06-18 14:05:05,200.9,209.9,0.993,60,340,STABLE
2026-06-18 14:05:06,200.9,209.9,0.993,60,340,STABLE
2026-06-18 14:05:06,200.9,210.2,0.989,60,340,STABLE
2026-06-18 14:05:06,200.9,210.2,0.989,60,340,STABLE
2026-06-18 14:05:06,200.9,210.2,0.989,60,340,STABLE
2026-06-18 14:05:06,200.9,210.2,0.989,60,340,STABLE
2026-06-18 14:05:06,200.7,210.2,0.991,60,340,STABLE
2026-06-18 14:05:06,200.7,210.2,0.991,60,340,STABLE
2026-06-18 14:05:07,200.7,210.2,0.991,60,340,STABLE
2026-06-18 14:05:07,201.5,210.2,0.995,60,340,STABLE
2026-06-18 14:05:07,201.2,210.2,0.996,60,340,STABLE
2026-06-18 14:05:07,201.2,210.2,0.996,60,340,STABLE
2026-06-18 14:05:07,201.2,210.2,0.996,60,340,STABLE
2026-06-18 14:05:07,200.4,210.2,0.992,60,340,STABLE
2026-06-18 14:05:07,200.4,210.2,0.992,60,340,STABLE
2026-06-18 14:05:08,200.4,210.2,0.992,60,340,STABLE
2026-06-18 14:05:08,200.4,209.7,0.992,60,340,STABLE
2026-06-18 14:05:08,200.9,209.4,0.991,60,340,STABLE
2026-06-18 14:05:08,200.9,209.4,0.991,60,340,STABLE
2026-06-18 14:05:08,200.9,209.4,0.991,60,340,STABLE
2026-06-18 14:05:08,200.7,209.7,0.996,60,340,STABLE
2026-06-18 14:05:09,200.7,209.7,0.996,60,340,STABLE
2026-06-18 14:05:09,200.7,209.7,0.996,60,340,STABLE
2026-06-18 14:05:09,200.7,209.7,0.991,60,340,STABLE
2026-06-18 14:05:09,200.4,209.7,0.992,60,340,STABLE
2026-06-18 14:05:09,200.4,209.7,0.992,60,340,STABLE
2026-06-18 14:05:09,200.4,209.7,0.992,60,340,STABLE
2026-06-18 14:05:10,201.0,210.5,0.991,60,340,STABLE
2026-06-18 14:05:10,201.0,210.5,0.991,60,340,STABLE
2026-06-18 14:05:10,201.0,210.5,0.991,60,340,STABLE
2026-06-18 14:05:10,200.7,210.2,0.996,60,340,STABLE
2026-06-18 14:05:10,200.9,209.9,0.993,60,340,STABLE
2026-06-18 14:05:10,200.9,209.9,0.993,60,340,STABLE
2026-06-18 14:05:10,200.9,209.9,0.993,60,340,STABLE
2026-06-18 14:05:11,201.2,209.7,0.993,60,340,STABLE
2026-06-18 14:05:11,201.2,209.7,0.993,60,340,STABLE
2026-06-18 14:05:11,201.2,209.7,0.993,60,340,STABLE
2026-06-18 14:05:11,200.9,209.9,0.991,60,340,STABLE
2026-06-18 14:05:11,200.9,209.9,0.991,60,340,STABLE
2026-06-18 14:05:11,200.9,209.9,0.991,60,340,STABLE
2026-06-18 14:05:12,200.9,209.9,0.991,60,340,STABLE
2026-06-18 14:05:12,201.5,209.7,0.992,60,340,STABLE
2026-06-18 14:05:12,201.5,209.7,0.992,60,340,STABLE
2026-06-18 14:05:12,201.5,209.7,0.992,60,340,STABLE
2026-06-18 14:05:12,201.2,209.9,0.995,60,340,STABLE
2026-06-18 14:05:12,200.1,210.0,0.992,60,340,STABLE
2026-06-18 14:05:13,200.1,210.0,0.992,60,340,STABLE
2026-06-18 14:05:13,200.1,210.0,0.992,60,340,STABLE
2026-06-18 14:05:13,200.7,210.2,0.993,60,340,STABLE
2026-06-18 14:05:13,200.7,210.2,0.993,60,340,STABLE
2026-06-18 14:05:13,200.7,210.2,0.993,60,340,STABLE
2026-06-18 14:05:13,201.2,209.4,0.989,60,340,STABLE
2026-06-18 14:05:14,200.9,209.9,0.993,60,340,STABLE
2026-06-18 14:05:14,200.9,209.9,0.993,60,340,STABLE
2026-06-18 14:05:14,200.9,209.9,0.993,60,340,STABLE
2026-06-18 14:05:14,200.7,210.2,0.991,60,340,STABLE
2026-06-18 14:05:14,200.7,210.2,0.991,60,340,STABLE
2026-06-18 14:05:14,200.7,210.2,0.991,60,340,STABLE
2026-06-18 14:05:15,200.4,209.7,0.995,60,340,STABLE
2026-06-18 14:05:15,200.9,209.7,0.992,60,340,STABLE
2026-06-18 14:05:15,200.9,209.7,0.992,60,340,STABLE
2026-06-18 14:05:15,200.9,209.7,0.992,60,340,STABLE
2026-06-18 14:05:15,200.7,210.0,0.995,60,340,STABLE
2026-06-18 14:05:15,200.7,210.0,0.995,60,340,STABLE
2026-06-18 14:05:15,200.7,210.0,0.995,60,340,STABLE
2026-06-18 14:05:16,200.7,209.4,0.992,60,340,STABLE
2026-06-18 14:05:16,200.7,209.7,0.991,60,340,STABLE
2026-06-18 14:05:16,200.7,209.7,0.991,60,340,STABLE
2026-06-18 14:05:16,200.7,209.7,0.991,60,340,STABLE
2026-06-18 14:05:17,200.9,209.7,0.995,60,340,STABLE
2026-06-18 14:05:17,200.9,209.7,0.995,60,340,STABLE
2026-06-18 14:05:17,200.9,209.7,0.995,60,340,STABLE
2026-06-18 14:05:18,200.7,210.2,0.996,60,340,STABLE
2026-06-18 14:05:18,200.7,210.2,0.996,60,340,STABLE
2026-06-18 14:05:18,200.7,210.2,0.996,60,340,STABLE
2026-06-18 14:05:26,200.7,209.7,0.993,60,340,STABLE
2026-06-18 14:05:27,200.7,209.7,0.993,60,340,STABLE
2026-06-18 14:05:27,200.7,209.7,0.993,60,340,STABLE
2026-06-18 14:05:27,200.4,210.0,0.991,60,340,STABLE
2026-06-18 14:05:27,200.4,210.0,0.991,60,340,STABLE
2026-06-18 14:05:27,200.4,210.0,0.991,60,340,STABLE
2026-06-18 14:05:27,200.9,209.7,0.995,60,340,STABLE
2026-06-18 14:05:28,200.9,209.7,0.995,60,340,STABLE
2026-06-18 14:05:28,200.9,209.7,0.995,60,340,STABLE
2026-06-18 14:05:29,201.2,209.9,0.995,60,340,STABLE
2026-06-18 14:05:29,201.2,209.9,0.995,60,340,STABLE
2026-06-18 14:05:29,201.2,209.9,0.995,60,340,STABLE
2026-06-18 14:05:34,200.4,209.7,0.992,60,340,STABLE
2026-06-18 14:05:34,200.4,209.7,0.992,60,340,STABLE
2026-06-18 14:05:34,200.4,209.7,0.992,60,340,STABLE
2026-06-18 14:05:47,200.7,210.2,0.996,60,340,STABLE
2026-06-18 14:05:49,200.7,209.4,0.995,60,340,STABLE
2026-06-18 14:05:54,200.1,209.4,0.992,60,340,STABLE
2026-06-18 14:05:58,200.9,209.7,0.995,60,340,STABLE
2026-06-18 14:05:58,200.9,209.7,0.995,60,340,STABLE
2026-06-18 14:05:58,200.9,209.7,0.995,60,340,STABLE
2026-06-18 14:05:58,200.1,209.4,0.995,60,340,STABLE
2026-06-18 14:06:05,200.9,210.2,0.992,60,340,STABLE
2026-06-18 14:06:06,200.9,210.2,0.992,60,340,STABLE
2026-06-18 14:06:06,200.9,210.2,0.992,60,340,STABLE
2026-06-18 14:06:06,200.9,209.9,0.996,60,340,STABLE
2026-06-18 14:06:06,200.9,209.9,0.996,60,340,STABLE
2026-06-18 14:06:06,200.9,209.9,0.996,60,340,STABLE
2026-06-18 14:06:20,200.7,210.0,0.997,60,340,STABLE
2026-06-18 14:06:20,200.7,210.0,0.997,60,340,STABLE
2026-06-18 14:06:21,200.7,210.0,0.997,60,340,STABLE
2026-06-18 14:06:23,200.7,210.0,0.995,60,340,STABLE
2026-06-18 14:06:23,200.7,210.0,0.995,60,340,STABLE
2026-06-18 14:06:23,200.7,210.0,0.995,60,340,STABLE
2026-06-18 14:06:25,200.7,209.7,0.996,60,340,STABLE
2026-06-18 14:06:26,200.9,210.2,0.995,60,340,STABLE
2026-06-18 14:06:37,200.4,210.0,0.993,60,340,STABLE
2026-06-18 14:06:38,200.4,210.0,0.991,60,340,STABLE
2026-06-18 14:06:38,200.4,210.0,0.991,60,340,STABLE
2026-06-18 14:06:38,200.4,210.0,0.991,60,340,STABLE
2026-06-18 14:06:39,200.7,210.0,0.992,60,340,STABLE
2026-06-18 14:06:39,200.7,210.0,0.992,60,340,STABLE
2026-06-18 14:06:39,200.7,210.0,0.992,60,340,STABLE
2026-06-18 14:06:52,200.7,209.7,0.993,60,340,STABLE
2026-06-18 14:06:52,200.4,209.7,0.995,60,340,STABLE
2026-06-18 14:06:52,200.4,209.7,0.995,60,340,STABLE
2026-06-18 14:06:52,200.4,209.7,0.995,60,340,STABLE
2026-06-18 14:06:59,200.7,210.0,0.997,60,340,STABLE
2026-06-18 14:06:59,200.7,210.0,0.997,60,340,STABLE
2026-06-18 14:06:59,200.7,210.0,0.997,60,340,STABLE
2026-06-18 14:07:00,200.1,210.0,0.995,60,340,STABLE
2026-06-18 14:07:00,200.1,210.0,0.995,60,340,STABLE
2026-06-18 14:07:00,200.1,210.0,0.995,60,340,STABLE
2026-06-18 14:07:01,200.4,210.2,0.997,60,340,STABLE
2026-06-18 14:07:05,200.4,210.0,0.996,60,340,STABLE
2026-06-18 14:07:05,200.4,210.0,0.996,60,340,STABLE
2026-06-18 14:07:05,200.4,210.0,0.996,60,340,STABLE
2026-06-18 14:07:16,200.9,209.4,0.996,60,340,STABLE
2026-06-18 14:07:16,200.9,209.4,0.996,60,340,STABLE
2026-06-18 14:07:16,200.9,209.4,0.996,60,340,STABLE
2026-06-18 14:07:36,200.4,210.2,0.992,60,340,STABLE
2026-06-18 14:07:36,200.4,210.2,0.992,60,340,STABLE
2026-06-18 14:07:37,200.4,210.2,0.992,60,340,STABLE
2026-06-18 14:07:38,200.1,209.7,0.996,60,340,STABLE
2026-06-18 14:07:38,200.1,209.7,0.996,60,340,STABLE
2026-06-18 14:07:39,200.1,209.7,0.996,60,340,STABLE
2026-06-18 14:07:45,200.9,209.9,0.993,60,340,STABLE
2026-06-18 14:07:58,200.1,210.2,0.993,60,340,STABLE
2026-06-18 14:08:05,200.7,210.0,0.995,60,340,STABLE
2026-06-18 14:08:08,200.4,209.7,1.000,60,340,STABLE
2026-06-18 14:08:11,200.1,210.2,0.996,60,340,STABLE
2026-06-18 14:08:11,200.1,210.2,0.996,60,340,STABLE
2026-06-18 14:08:11,200.1,210.2,0.996,60,340,STABLE
2026-06-18 14:08:19,200.1,210.0,0.995,60,340,STABLE
2026-06-18 14:08:20,200.7,210.0,0.995,60,340,STABLE
2026-06-18 14:08:20,200.7,210.0,0.995,60,340,STABLE
2026-06-18 14:08:20,200.7,210.0,0.995,60,340,STABLE
2026-06-18 14:08:22,200.7,209.7,0.999,60,340,STABLE
2026-06-18 14:08:22,200.7,209.7,0.999,60,340,STABLE
2026-06-18 14:08:25,200.7,210.0,0.995,60,340,STABLE
2026-06-18 14:08:25,200.7,210.0,0.995,60,340,STABLE
2026-06-18 14:08:25,200.7,210.0,0.995,60,340,STABLE
2026-06-18 14:08:27,200.7,210.0,0.997,60,340,STABLE
2026-06-18 14:08:27,200.7,210.0,0.997,60,340,STABLE
2026-06-18 14:08:27,200.7,210.0,0.997,60,340,STABLE
2026-06-18 14:08:33,200.9,209.9,0.993,60,340,STABLE
2026-06-18 14:08:33,200.9,209.9,0.993,60,340,STABLE
2026-06-18 14:08:33,200.9,209.9,0.993,60,340,STABLE
2026-06-18 14:08:36,200.7,210.0,0.995,60,340,STABLE
2026-06-18 14:08:40,200.9,210.2,0.992,60,340,STABLE
2026-06-18 14:08:42,200.7,209.7,0.996,60,340,STABLE
2026-06-18 14:08:45,200.7,209.4,0.995,60,340,STABLE
2026-06-18 14:08:45,200.4,210.0,0.996,60,340,STABLE
2026-06-18 14:08:46,200.4,210.0,0.996,60,340,STABLE
2026-06-18 14:08:46,200.4,210.0,0.996,60,340,STABLE
2026-06-18 14:08:50,200.7,209.7,0.991,60,340,STABLE
2026-06-18 14:08:50,200.7,209.7,0.991,60,340,STABLE
2026-06-18 14:08:50,200.7,209.7,0.991,60,340,STABLE
2026-06-18 14:08:51,200.7,210.2,0.996,60,340,STABLE
2026-06-18 14:08:51,200.7,210.2,0.996,60,340,STABLE
2026-06-18 14:08:51,200.7,210.2,0.996,60,340,STABLE
2026-06-18 14:08:53,200.7,209.7,0.996,60,340,STABLE
2026-06-18 14:08:56,200.7,210.5,0.995,60,340,STABLE
2026-06-18 14:08:57,200.7,210.0,0.995,60,340,STABLE
2026-06-18 14:08:57,200.7,210.0,0.995,60,340,STABLE
2026-06-18 14:08:57,200.7,210.0,0.995,60,340,STABLE
2026-06-18 14:08:58,200.9,210.2,0.997,60,340,STABLE
2026-06-18 14:08:58,200.9,210.2,0.997,60,340,STABLE
2026-06-18 14:08:58,200.7,210.0,0.995,60,340,STABLE
2026-06-18 14:08:58,200.7,210.0,0.995,60,340,STABLE
2026-06-18 14:08:59,200.7,210.0,0.995,60,340,STABLE
2026-06-18 14:08:59,200.4,210.0,0.996,60,340,STABLE
2026-06-18 14:08:59,200.4,210.0,0.996,60,340,STABLE
2026-06-18 14:08:59,200.4,210.0,0.996,60,340,STABLE
2026-06-18 14:08:59,200.4,210.0,0.993,60,340,STABLE
2026-06-18 14:08:59,200.4,210.0,0.993,60,340,STABLE
2026-06-18 14:09:00,200.4,210.0,0.993,60,340,STABLE
2026-06-18 14:09:02,200.7,210.0,0.995,60,340,STABLE
2026-06-18 14:09:02,200.7,210.0,0.995,60,340,STABLE
2026-06-18 14:09:02,200.7,210.0,0.995,60,340,STABLE
2026-06-18 14:09:05,200.7,209.7,0.993,60,340,STABLE
2026-06-18 14:09:06,200.7,209.7,0.993,60,340,STABLE
2026-06-18 14:09:06,200.7,209.7,0.993,60,340,STABLE
2026-06-18 14:09:12,200.4,210.0,0.993,60,340,STABLE
2026-06-18 14:09:12,200.4,210.0,0.993,60,340,STABLE
2026-06-18 14:09:12,200.4,210.0,0.993,60,340,STABLE
2026-06-18 14:09:28,200.4,209.4,0.993,60,340,STABLE
2026-06-18 14:09:30,200.4,209.7,0.992,60,340,STABLE
2026-06-18 14:09:30,200.4,209.7,0.992,60,340,STABLE
2026-06-18 14:09:30,200.4,209.7,0.992,60,340,STABLE
2026-06-18 14:09:30,199.8,209.7,0.992,60,340,STABLE
2026-06-18 14:09:30,199.8,209.7,0.992,60,340,STABLE
2026-06-18 14:09:30,199.8,209.7,0.992,60,340,STABLE
2026-06-18 14:09:32,200.4,209.4,0.993,60,340,STABLE
2026-06-18 14:09:33,200.4,209.4,0.993,60,340,STABLE
2026-06-18 14:09:37,200.4,209.7,0.992,60,340,STABLE
2026-06-18 14:09:37,200.4,209.7,0.992,60,340,STABLE
2026-06-18 14:09:37,200.4,209.7,0.992,60,340,STABLE
2026-06-18 14:09:38,200.7,209.7,0.996,60,340,STABLE
2026-06-18 14:09:38,200.7,209.7,0.996,60,340,STABLE
2026-06-18 14:09:38,200.4,209.7,0.997,60,340,STABLE
2026-06-18 14:09:38,200.4,209.7,0.997,60,340,STABLE
2026-06-18 14:09:38,200.4,209.7,0.997,60,340,STABLE
2026-06-18 14:09:42,200.4,209.7,0.995,60,340,STABLE
2026-06-18 14:09:42,200.4,209.7,0.995,60,340,STABLE
2026-06-18 14:09:42,200.4,209.7,0.995,60,340,STABLE
2026-06-18 14:09:46,200.4,209.7,0.995,60,340,STABLE
2026-06-18 14:09:46,200.4,209.7,0.995,60,340,STABLE
2026-06-18 14:09:46,200.4,209.7,0.995,60,340,STABLE
2026-06-18 14:09:46,200.7,210.0,0.992,60,340,STABLE
2026-06-18 14:09:46,200.7,210.0,0.992,60,340,STABLE
2026-06-18 14:09:49,200.1,209.4,0.995,60,340,STABLE
2026-06-18 14:09:49,200.1,209.4,0.995,60,340,STABLE
2026-06-18 14:09:49,200.1,209.4,0.995,60,340,STABLE
2026-06-18 14:09:51,200.4,209.7,0.995,60,340,STABLE
2026-06-18 14:09:51,200.4,209.7,0.995,60,340,STABLE
2026-06-18 14:09:52,200.7,209.4,0.995,60,340,STABLE
2026-06-18 14:09:53,200.1,210.5,0.992,60,340,STABLE
2026-06-18 14:09:53,200.1,210.5,0.992,60,340,STABLE
2026-06-18 14:09:57,200.1,210.2,0.993,60,340,STABLE
2026-06-18 14:09:57,200.7,210.0,0.995,60,340,STABLE
2026-06-18 14:09:57,200.7,210.0,0.995,60,340,STABLE
2026-06-18 14:09:58,200.7,210.0,0.995,60,340,STABLE
2026-06-18 14:09:58,200.7,210.0,0.995,60,340,STABLE
2026-06-18 14:09:58,200.7,210.0,0.995,60,340,STABLE
2026-06-18 14:09:58,200.7,210.0,0.995,60,340,STABLE
2026-06-18 14:10:02,200.4,210.0,0.993,60,340,STABLE
2026-06-18 14:10:02,200.4,210.0,0.993,60,340,STABLE
2026-06-18 14:10:05,200.4,210.2,0.997,60,340,STABLE
2026-06-18 14:10:05,200.4,210.2,0.997,60,340,STABLE
2026-06-18 14:10:05,200.4,210.2,0.997,60,340,STABLE
2026-06-18 14:10:06,200.4,210.0,0.996,60,340,STABLE
2026-06-18 14:10:06,200.4,210.0,0.996,60,340,STABLE
2026-06-18 14:10:06,200.4,210.0,0.996,60,340,STABLE
2026-06-18 14:10:09,200.1,210.0,0.997,60,340,STABLE
2026-06-18 14:10:09,200.1,210.0,0.997,60,340,STABLE
2026-06-18 14:10:09,200.7,210.0,0.995,60,340,STABLE
2026-06-18 14:10:10,200.7,210.0,0.995,60,340,STABLE
2026-06-18 14:10:10,200.7,210.0,0.995,60,340,STABLE
2026-06-18 14:10:13,200.4,209.7,0.995,60,340,STABLE
2026-06-18 14:10:13,200.4,209.7,0.995,60,340,STABLE
2026-06-18 14:10:13,200.4,209.7,0.995,60,340,STABLE
2026-06-18 14:10:16,200.7,210.2,0.993,60,340,STABLE
2026-06-18 14:10:16,200.7,210.2,0.993,60,340,STABLE
2026-06-18 14:10:16,200.7,210.2,0.993,60,340,STABLE
2026-06-18 14:10:19,200.1,210.0,0.995,60,340,STABLE
2026-06-18 14:10:20,200.1,210.0,0.995,60,340,STABLE
2026-06-18 14:10:20,200.1,210.0,0.995,60,340,STABLE
2026-06-18 14:10:21,200.4,210.2,0.997,60,340,STABLE
2026-06-18 14:10:21,200.4,210.2,0.997,60,340,STABLE
2026-06-18 14:10:21,200.4,210.2,0.997,60,340,STABLE
2026-06-18 14:10:26,200.1,210.2,0.996,60,340,STABLE
2026-06-18 14:10:26,199.8,210.2,0.997,60,340,STABLE
2026-06-18 14:10:26,199.8,210.2,0.997,60,340,STABLE
2026-06-18 14:10:26,199.8,210.2,0.997,60,340,STABLE
2026-06-18 14:10:28,200.4,210.2,0.995,60,340,STABLE
2026-06-18 14:10:28,200.4,210.2,0.995,60,340,STABLE
2026-06-18 14:10:29,200.7,209.7,0.993,60,340,STABLE
2026-06-18 14:10:29,200.7,209.7,0.993,60,340,STABLE
2026-06-18 14:10:30,200.7,209.7,0.993,60,340,STABLE
2026-06-18 14:10:30,200.4,209.1,0.992,60,340,STABLE
2026-06-18 14:10:30,200.4,209.1,0.992,60,340,STABLE
2026-06-18 14:10:31,200.4,209.1,0.992,60,340,STABLE
2026-06-18 14:10:34,200.4,210.2,0.995,60,340,STABLE
2026-06-18 14:10:34,200.4,210.2,0.995,60,340,STABLE
2026-06-18 14:10:34,200.4,210.2,0.995,60,340,STABLE
2026-06-18 14:10:35,200.7,210.0,0.997,60,340,STABLE
2026-06-18 14:10:35,200.7,210.0,0.997,60,340,STABLE
2026-06-18 14:10:35,200.7,210.0,0.997,60,340,STABLE
2026-06-18 14:10:36,200.4,210.0,0.999,60,340,STABLE
2026-06-18 14:10:36,200.4,210.0,0.999,60,340,STABLE
2026-06-18 14:10:36,200.4,210.0,0.999,60,340,STABLE
2026-06-18 14:10:37,200.1,210.0,0.992,60,340,STABLE
2026-06-18 14:10:37,200.1,210.0,0.992,60,340,STABLE
2026-06-18 14:10:37,200.1,210.0,0.992,60,340,STABLE
2026-06-18 14:10:39,200.1,210.0,0.997,60,340,STABLE
2026-06-18 14:10:39,200.1,210.0,0.997,60,340,STABLE
2026-06-18 14:10:39,200.1,210.0,0.997,60,340,STABLE
2026-06-18 14:10:40,200.7,209.7,0.996,60,340,STABLE
2026-06-18 14:10:41,200.4,210.0,0.996,60,340,STABLE
2026-06-18 14:10:41,200.4,210.0,0.996,60,340,STABLE
2026-06-18 14:10:41,200.4,210.0,0.996,60,340,STABLE
2026-06-18 14:10:42,200.1,210.0,0.995,60,340,STABLE
2026-06-18 14:10:42,200.1,210.0,0.995,60,340,STABLE
2026-06-18 14:10:42,200.1,210.0,0.995,60,340,STABLE
2026-06-18 14:10:43,200.9,210.2,0.995,60,340,STABLE
2026-06-18 14:10:43,200.9,210.2,0.995,60,340,STABLE
2026-06-18 14:10:43,200.9,210.2,0.995,60,340,STABLE
2026-06-18 14:10:44,200.7,209.7,0.996,60,340,STABLE
2026-06-18 14:10:44,200.7,209.7,0.996,60,340,STABLE
2026-06-18 14:10:44,200.7,209.7,0.996,60,340,STABLE
2026-06-18 14:10:44,200.1,210.0,0.995,60,340,STABLE
2026-06-18 14:10:44,200.1,210.0,0.995,60,340,STABLE
2026-06-18 14:10:45,200.1,210.0,0.995,60,340,STABLE
2026-06-18 14:10:45,200.4,210.0,0.993,60,340,STABLE
2026-06-18 14:10:45,200.4,210.0,0.993,60,340,STABLE
2026-06-18 14:10:45,200.4,210.0,0.993,60,340,STABLE
2026-06-18 14:10:45,200.4,210.0,0.996,60,340,STABLE
2026-06-18 14:10:46,200.4,210.0,0.996,60,340,STABLE
2026-06-18 14:10:46,200.4,210.0,0.996,60,340,STABLE
2026-06-18 14:10:46,200.7,210.2,0.993,60,340,STABLE
2026-06-18 14:10:46,200.7,210.2,0.993,60,340,STABLE
2026-06-18 14:10:46,200.7,210.2,0.993,60,340,STABLE
2026-06-18 14:10:47,200.4,209.7,0.997,60,340,STABLE
2026-06-18 14:10:47,200.4,209.7,0.997,60,340,STABLE
2026-06-18 14:10:47,200.4,209.7,0.997,60,340,STABLE
2026-06-18 14:10:51,200.4,209.7,0.995,60,340,STABLE
2026-06-18 14:10:51,200.4,209.7,0.995,60,340,STABLE
2026-06-18 14:10:54,200.7,210.0,0.992,60,340,STABLE
2026-06-18 14:10:54,200.7,210.0,0.992,60,340,STABLE
2026-06-18 14:10:54,200.7,210.0,0.992,60,340,STABLE
2026-06-18 14:11:08,200.7,210.2,0.993,60,340,STABLE
2026-06-18 14:11:11,200.4,209.7,0.992,60,340,STABLE
2026-06-18 14:11:11,200.4,209.7,0.992,60,340,STABLE
2026-06-18 14:11:11,200.4,209.7,0.992,60,340,STABLE
2026-06-18 14:11:17,200.4,209.4,0.991,60,340,STABLE
2026-06-18 14:11:17,200.4,209.4,0.991,60,340,STABLE
2026-06-18 14:11:18,200.4,209.4,0.991,60,340,STABLE
2026-06-18 14:11:19,200.4,209.4,0.991,60,340,STABLE
2026-06-18 14:11:22,200.4,209.1,0.992,60,340,STABLE
2026-06-18 14:11:23,200.4,209.1,0.992,60,340,STABLE
2026-06-18 14:11:23,200.4,209.1,0.992,60,340,STABLE
2026-06-18 14:11:27,200.9,209.4,0.991,60,340,STABLE
2026-06-18 14:11:27,200.9,209.4,0.991,60,340,STABLE
2026-06-18 14:11:28,200.7,209.4,0.989,60,340,STABLE
2026-06-18 14:11:28,200.7,209.4,0.989,60,340,STABLE
2026-06-18 14:11:28,200.7,209.4,0.989,60,340,STABLE
2026-06-18 14:11:30,199.8,210.0,0.996,60,340,STABLE
2026-06-18 14:11:31,199.8,210.0,0.996,60,340,STABLE
2026-06-18 14:11:31,199.8,210.0,0.996,60,340,STABLE
2026-06-18 14:11:31,200.7,210.2,0.996,60,340,STABLE
2026-06-18 14:11:32,200.7,210.2,0.996,60,340,STABLE
2026-06-18 14:11:32,200.7,210.2,0.996,60,340,STABLE
2026-06-18 14:11:32,200.1,209.7,0.993,60,340,STABLE
2026-06-18 14:11:32,200.1,209.7,0.993,60,340,STABLE
2026-06-18 14:11:32,200.1,209.7,0.993,60,340,STABLE
2026-06-18 14:11:32,200.4,209.4,0.993,60,340,STABLE
2026-06-18 14:11:33,200.4,209.4,0.993,60,340,STABLE
2026-06-18 14:11:33,200.4,209.4,0.993,60,340,STABLE
2026-06-18 14:11:33,200.4,209.4,0.993,60,340,STABLE
2026-06-18 14:11:35,200.4,209.4,0.996,60,340,STABLE
2026-06-18 14:11:35,200.4,209.4,0.996,60,340,STABLE
2026-06-18 14:11:35,200.4,209.4,0.996,60,340,STABLE
2026-06-18 14:11:37,200.4,210.5,0.993,60,340,STABLE
2026-06-18 14:11:37,200.4,210.5,0.993,60,340,STABLE
2026-06-18 14:11:37,200.4,210.5,0.993,60,340,STABLE
2026-06-18 14:11:38,200.1,210.0,0.997,60,340,STABLE
2026-06-18 14:11:38,200.1,210.0,0.997,60,340,STABLE
2026-06-18 14:11:38,200.1,210.0,0.997,60,340,STABLE
2026-06-18 14:11:40,200.4,209.1,0.992,60,340,STABLE
2026-06-18 14:11:40,200.4,209.1,0.992,60,340,STABLE
2026-06-18 14:11:40,200.4,209.1,0.992,60,340,STABLE
2026-06-18 14:11:40,199.8,209.4,0.996,60,340,STABLE
2026-06-18 14:11:40,199.8,209.4,0.996,60,340,STABLE
2026-06-18 14:11:40,199.8,209.4,0.996,60,340,STABLE
2026-06-18 14:11:42,200.4,209.4,0.996,60,340,STABLE
2026-06-18 14:11:42,200.4,209.4,0.996,60,340,STABLE
2026-06-18 14:11:44,199.8,209.7,0.995,60,340,STABLE
2026-06-18 14:11:44,199.8,209.7,0.995,60,340,STABLE
2026-06-18 14:11:44,200.1,210.2,0.996,60,340,STABLE
2026-06-18 14:11:44,200.1,210.2,0.996,60,340,STABLE
2026-06-18 14:11:44,200.1,210.2,0.996,60,340,STABLE
2026-06-18 14:11:46,200.7,209.7,0.993,60,340,STABLE
2026-06-18 14:11:46,200.7,209.7,0.993,60,340,STABLE
2026-06-18 14:11:46,200.7,209.7,0.993,60,340,STABLE
2026-06-18 14:11:46,200.1,209.4,0.995,60,340,STABLE
2026-06-18 14:11:46,200.1,209.4,0.995,60,340,STABLE
2026-06-18 14:11:47,200.1,209.4,0.995,60,340,STABLE
2026-06-18 14:11:47,199.8,210.2,0.995,60,340,STABLE
2026-06-18 14:11:48,199.8,210.2,0.995,60,340,STABLE
2026-06-18 14:11:48,199.8,210.2,0.995,60,340,STABLE
2026-06-18 14:11:48,200.1,209.7,0.996,60,340,STABLE
2026-06-18 14:11:48,200.1,209.7,0.996,60,340,STABLE
2026-06-18 14:11:48,200.1,209.7,0.996,60,340,STABLE
2026-06-18 14:11:55,200.1,210.0,0.995,60,340,STABLE
2026-06-18 14:11:55,200.1,210.0,0.995,60,340,STABLE
2026-06-18 14:11:56,200.1,210.0,0.995,60,340,STABLE
2026-06-18 14:11:56,200.4,210.0,0.996,60,340,STABLE
2026-06-18 14:11:57,200.1,210.2,0.993,60,340,STABLE
2026-06-18 14:11:57,200.1,210.2,0.993,60,340,STABLE
2026-06-18 14:11:57,200.1,210.2,0.993,60,340,STABLE
2026-06-18 14:11:57,200.1,210.0,0.997,60,340,STABLE
2026-06-18 14:11:58,200.4,210.0,0.996,60,340,STABLE
2026-06-18 14:11:58,200.4,210.0,0.996,60,340,STABLE
2026-06-18 14:11:58,200.4,210.0,0.996,60,340,STABLE
2026-06-18 14:12:02,200.7,210.0,0.995,60,340,STABLE
2026-06-18 14:12:02,200.7,210.0,0.995,60,340,STABLE
2026-06-18 14:12:02,200.7,210.0,0.995,60,340,STABLE
2026-06-18 14:12:04,200.9,209.9,0.996,60,340,STABLE
2026-06-18 14:12:04,200.9,209.9,0.996,60,340,STABLE
2026-06-18 14:12:04,200.9,209.9,0.996,60,340,STABLE
2026-06-18 14:12:06,200.4,209.7,0.995,60,340,STABLE
2026-06-18 14:12:07,200.4,209.7,0.995,60,340,STABLE
2026-06-18 14:12:07,200.4,209.7,0.995,60,340,STABLE
2026-06-18 14:12:07,200.7,209.4,0.995,60,340,STABLE
2026-06-18 14:12:08,200.1,209.1,0.993,60,340,STABLE
2026-06-18 14:12:09,200.1,209.1,0.993,60,340,STABLE
2026-06-18 14:12:13,199.8,209.7,0.995,60,340,STABLE
2026-06-18 14:12:13,199.8,209.7,0.995,60,340,STABLE
2026-06-18 14:12:13,200.7,209.4,0.995,60,340,STABLE
2026-06-18 14:12:13,200.7,209.4,0.995,60,340,STABLE
2026-06-18 14:12:13,200.7,209.4,0.995,60,340,STABLE
2026-06-18 14:12:14,199.8,210.0,0.996,60,340,STABLE
2026-06-18 14:12:14,199.8,210.0,0.996,60,340,STABLE
2026-06-18 14:12:14,199.8,210.0,0.996,60,340,STABLE
2026-06-18 14:12:14,200.4,210.0,0.996,60,340,STABLE
2026-06-18 14:12:15,200.4,210.0,0.996,60,340,STABLE
2026-06-18 14:12:15,200.4,210.0,0.996,60,340,STABLE
2026-06-18 14:12:15,200.7,210.2,0.996,60,340,STABLE
2026-06-18 14:12:16,200.1,209.4,0.995,60,340,STABLE
2026-06-18 14:12:16,200.1,209.4,0.995,60,340,STABLE
2026-06-18 14:12:16,200.1,209.4,0.995,60,340,STABLE
2026-06-18 14:12:16,200.4,210.2,0.995,60,340,STABLE
2026-06-18 14:12:17,199.8,210.0,0.999,60,340,STABLE
2026-06-18 14:12:17,199.8,210.0,0.999,60,340,STABLE
2026-06-18 14:12:18,200.7,210.2,0.993,60,340,STABLE
2026-06-18 14:12:18,200.7,210.2,0.993,60,340,STABLE
2026-06-18 14:12:19,200.9,209.7,0.992,60,340,STABLE
2026-06-18 14:12:19,200.9,209.7,0.992,60,340,STABLE
2026-06-18 14:12:19,200.1,210.0,0.995,60,340,STABLE
2026-06-18 14:12:20,200.1,210.0,0.995,60,340,STABLE
2026-06-18 14:12:20,200.1,210.0,0.995,60,340,STABLE
2026-06-18 14:12:20,200.4,209.7,0.997,60,340,STABLE
2026-06-18 14:12:21,200.4,210.0,0.996,60,340,STABLE
2026-06-18 14:12:21,200.4,210.0,0.996,60,340,STABLE
2026-06-18 14:12:21,200.4,210.0,0.996,60,340,STABLE
2026-06-18 14:12:23,200.4,209.7,0.995,60,340,STABLE
2026-06-18 14:12:23,200.4,209.7,0.995,60,340,STABLE
2026-06-18 14:12:23,200.4,209.7,0.995,60,340,STABLE
2026-06-18 14:12:29,200.4,210.0,0.996,60,340,STABLE
2026-06-18 14:12:29,200.4,210.0,0.996,60,340,STABLE
2026-06-18 14:12:29,200.4,210.0,0.996,60,340,STABLE
2026-06-18 14:12:31,200.7,209.7,0.996,60,340,STABLE
2026-06-18 14:12:31,200.7,209.7,0.996,60,340,STABLE
2026-06-18 14:12:32,200.4,209.4,0.996,60,340,STABLE
2026-06-18 14:12:32,200.4,209.4,0.996,60,340,STABLE
2026-06-18 14:12:32,200.4,209.4,0.996,60,340,STABLE
2026-06-18 14:12:32,200.1,209.7,0.993,60,340,STABLE
2026-06-18 14:12:32,200.1,209.7,0.993,60,340,STABLE
2026-06-18 14:12:32,200.1,209.7,0.993,60,340,STABLE
2026-06-18 14:12:33,200.4,210.0,0.996,60,340,STABLE
2026-06-18 14:12:33,200.4,210.0,0.996,60,340,STABLE
2026-06-18 14:12:37,200.4,209.7,0.995,60,340,STABLE
2026-06-18 14:12:38,200.4,209.7,0.995,60,340,STABLE
2026-06-18 14:12:38,200.4,209.7,0.995,60,340,STABLE
2026-06-18 14:12:40,200.4,209.7,0.992,60,340,STABLE
2026-06-18 14:12:40,200.4,209.7,0.992,60,340,STABLE
2026-06-18 14:12:40,200.4,209.7,0.992,60,340,STABLE
2026-06-18 14:12:41,200.7,210.0,0.997,60,340,STABLE
2026-06-18 14:12:41,200.7,210.0,0.997,60,340,STABLE
2026-06-18 14:12:41,200.7,210.0,0.997,60,340,STABLE
2026-06-18 14:12:45,200.7,210.0,0.995,60,340,STABLE
2026-06-18 14:12:45,200.4,209.7,0.995,60,340,STABLE
2026-06-18 14:12:45,200.4,209.7,0.995,60,340,STABLE
2026-06-18 14:12:45,200.4,209.7,0.995,60,340,STABLE
2026-06-18 14:12:46,200.4,210.0,0.996,60,340,STABLE
2026-06-18 14:12:46,200.4,210.0,0.996,60,340,STABLE
2026-06-18 14:12:47,200.7,209.7,0.993,60,340,STABLE
2026-06-18 14:12:47,200.1,210.0,0.995,60,340,STABLE
2026-06-18 14:12:47,200.1,210.0,0.995,60,340,STABLE
2026-06-18 14:12:48,200.1,210.0,0.995,60,340,STABLE
2026-06-18 14:12:48,200.4,209.7,0.995,60,340,STABLE
2026-06-18 14:12:48,200.1,209.7,0.996,60,340,STABLE
2026-06-18 14:12:49,200.1,209.7,0.996,60,340,STABLE
2026-06-18 14:12:49,200.1,209.7,0.996,60,340,STABLE
2026-06-18 14:12:49,199.8,210.0,0.996,60,340,STABLE
2026-06-18 14:12:49,199.8,210.0,0.996,60,340,STABLE
2026-06-18 14:12:49,199.8,210.0,0.996,60,340,STABLE
2026-06-18 14:12:50,199.8,210.0,0.996,60,340,STABLE
2026-06-18 14:12:50,199.8,210.0,0.996,60,340,STABLE
2026-06-18 14:12:50,199.8,210.0,0.996,60,340,STABLE
2026-06-18 14:12:52,200.4,210.0,0.996,60,340,STABLE
2026-06-18 14:12:52,200.4,210.0,0.996,60,340,STABLE
2026-06-18 14:12:52,200.4,210.0,0.996,60,340,STABLE
2026-06-18 14:12:53,200.7,209.7,0.993,60,340,STABLE
2026-06-18 14:12:55,199.8,209.7,0.995,60,340,STABLE
2026-06-18 14:12:56,200.4,209.7,0.997,60,340,STABLE
2026-06-18 14:12:56,200.4,209.7,0.997,60,340,STABLE
2026-06-18 14:12:56,200.4,209.7,0.997,60,340,STABLE
2026-06-18 14:12:57,200.4,210.0,0.996,60,340,STABLE
2026-06-18 14:12:57,200.4,210.0,0.996,60,340,STABLE
2026-06-18 14:12:58,200.4,210.2,0.992,60,340,STABLE
2026-06-18 14:12:58,200.4,210.2,0.992,60,340,STABLE
2026-06-18 14:12:58,200.4,210.2,0.992,60,340,STABLE
2026-06-18 14:12:59,200.1,210.2,0.996,60,340,STABLE
2026-06-18 14:12:59,200.1,210.2,0.996,60,340,STABLE
2026-06-18 14:12:59,200.1,210.2,0.996,60,340,STABLE
2026-06-18 14:13:00,200.4,210.0,0.999,60,340,STABLE
2026-06-18 14:13:00,200.4,210.0,0.999,60,340,STABLE
2026-06-18 14:13:02,200.4,209.4,0.996,60,340,STABLE
2026-06-18 14:13:02,200.4,209.4,0.996,60,340,STABLE
2026-06-18 14:13:02,200.4,209.4,0.996,60,340,STABLE
2026-06-18 14:13:05,200.4,210.0,0.996,60,340,STABLE
2026-06-18 14:13:05,200.4,210.0,0.996,60,340,STABLE
2026-06-18 14:13:05,200.4,210.0,0.996,60,340,STABLE
2026-06-18 14:13:06,200.1,210.0,0.995,60,340,STABLE
2026-06-18 14:13:06,200.1,210.0,0.995,60,340,STABLE
2026-06-18 14:13:06,200.1,210.0,0.995,60,340,STABLE
2026-06-18 14:13:11,200.4,210.2,0.992,60,340,STABLE
2026-06-18 14:13:11,200.4,210.2,0.992,60,340,STABLE
2026-06-18 14:13:11,200.4,210.2,0.992,60,340,STABLE
2026-06-18 14:13:12,200.1,210.5,0.995,60,340,STABLE
2026-06-18 14:13:12,200.1,210.5,0.995,60,340,STABLE
2026-06-18 14:13:12,200.1,210.5,0.995,60,340,STABLE
2026-06-18 14:13:13,200.1,210.0,1.000,60,340,STABLE
2026-06-18 14:13:13,200.1,210.0,1.000,60,340,STABLE
2026-06-18 14:13:13,200.1,210.0,1.000,60,340,STABLE
2026-06-18 14:13:14,199.8,210.2,0.995,60,340,STABLE
2026-06-18 14:13:14,199.8,210.2,0.995,60,340,STABLE
2026-06-18 14:13:14,199.8,210.2,0.995,60,340,STABLE
2026-06-18 14:13:16,200.7,210.5,0.995,60,340,STABLE
2026-06-18 14:13:16,200.7,210.5,0.995,60,340,STABLE
2026-06-18 14:13:16,200.7,210.5,0.995,60,340,STABLE
2026-06-18 14:13:17,200.4,210.0,0.993,60,340,STABLE
2026-06-18 14:13:17,200.4,210.0,0.993,60,340,STABLE
2026-06-18 14:13:17,200.4,210.0,0.993,60,340,STABLE
2026-06-18 14:13:17,200.1,210.5,0.995,60,340,STABLE
2026-06-18 14:13:17,200.1,210.5,0.995,60,340,STABLE
2026-06-18 14:13:18,200.1,210.5,0.995,60,340,STABLE
2026-06-18 14:13:19,200.4,210.0,0.999,60,340,STABLE
2026-06-18 14:13:19,200.4,210.0,0.999,60,340,STABLE
2026-06-18 14:13:19,200.4,210.0,0.999,60,340,STABLE
2026-06-18 14:13:19,200.7,210.2,0.996,60,340,STABLE
2026-06-18 14:13:20,200.4,210.2,0.995,60,340,STABLE
2026-06-18 14:13:21,200.4,210.0,0.993,60,340,STABLE
2026-06-18 14:13:21,200.4,210.0,0.993,60,340,STABLE
2026-06-18 14:13:21,200.4,210.0,0.993,60,340,STABLE
2026-06-18 14:13:22,200.7,210.0,0.995,60,340,STABLE
2026-06-18 14:13:22,200.7,210.0,0.995,60,340,STABLE
2026-06-18 14:13:22,200.7,210.0,0.995,60,340,STABLE
2026-06-18 14:13:23,200.4,210.0,0.996,60,340,STABLE
2026-06-18 14:13:23,200.1,210.2,0.996,60,340,STABLE
2026-06-18 14:13:23,200.1,210.2,0.996,60,340,STABLE
2026-06-18 14:13:23,200.1,210.2,0.996,60,340,STABLE
2026-06-18 14:13:24,200.1,210.0,0.995,60,340,STABLE
2026-06-18 14:13:25,200.1,210.0,0.995,60,340,STABLE
2026-06-18 14:13:25,200.1,210.0,0.995,60,340,STABLE
2026-06-18 14:13:25,200.4,210.2,0.997,60,340,STABLE
2026-06-18 14:13:25,200.4,210.2,0.997,60,340,STABLE
2026-06-18 14:13:25,200.4,210.2,0.997,60,340,STABLE
2026-06-18 14:13:25,200.4,209.7,0.997,60,340,STABLE
2026-06-18 14:13:25,200.4,209.7,0.997,60,340,STABLE
2026-06-18 14:13:26,200.4,209.7,0.997,60,340,STABLE
2026-06-18 14:13:26,200.7,210.0,0.995,60,340,STABLE
2026-06-18 14:13:26,200.7,210.0,0.995,60,340,STABLE
2026-06-18 14:13:26,200.7,210.0,0.995,60,340,STABLE
2026-06-18 14:13:29,200.1,209.4,0.997,60,340,STABLE
2026-06-18 14:13:29,200.1,210.0,1.000,60,340,STABLE
2026-06-18 14:13:29,200.1,210.0,1.000,60,340,STABLE
2026-06-18 14:13:30,200.1,210.0,1.000,60,340,STABLE
2026-06-18 14:13:30,200.4,210.0,0.996,60,340,STABLE
2026-06-18 14:13:31,200.4,210.0,0.996,60,340,STABLE
2026-06-18 14:13:31,200.4,210.0,0.996,60,340,STABLE
2026-06-18 14:13:31,200.7,210.0,0.997,60,340,STABLE
2026-06-18 14:13:34,200.4,209.7,0.995,60,340,STABLE
2026-06-18 14:13:34,200.4,209.7,0.997,60,340,STABLE
2026-06-18 14:13:34,200.4,209.7,0.997,60,340,STABLE
2026-06-18 14:13:34,200.4,209.7,0.997,60,340,STABLE
2026-06-18 14:13:34,200.4,210.0,0.993,60,340,STABLE
2026-06-18 14:13:35,200.4,210.0,0.993,60,340,STABLE
2026-06-18 14:13:35,200.4,210.0,0.993,60,340,STABLE
2026-06-18 14:13:35,200.7,209.7,0.996,60,340,STABLE
2026-06-18 14:13:36,199.8,210.2,0.995,60,340,STABLE
2026-06-18 14:13:36,199.8,210.2,0.995,60,340,STABLE
2026-06-18 14:13:36,199.8,210.2,0.995,60,340,STABLE
2026-06-18 14:13:38,200.7,210.0,0.997,60,340,STABLE
2026-06-18 14:13:40,200.4,209.7,0.995,60,340,STABLE
2026-06-18 14:13:40,200.4,209.7,0.995,60,340,STABLE
2026-06-18 14:13:40,200.4,209.7,0.995,60,340,STABLE
2026-06-18 14:13:41,200.4,209.7,0.995,60,340,STABLE
2026-06-18 14:13:41,200.4,209.7,0.995,60,340,STABLE
2026-06-18 14:13:41,200.4,209.7,0.995,60,340,STABLE
2026-06-18 14:13:42,200.4,210.0,0.993,60,340,STABLE
2026-06-18 14:13:44,200.9,209.7,0.997,60,340,STABLE
2026-06-18 14:13:44,200.9,209.7,0.997,60,340,STABLE
2026-06-18 14:13:44,200.9,209.7,0.997,60,340,STABLE
2026-06-18 14:13:44,200.4,210.2,0.995,60,340,STABLE
2026-06-18 14:13:44,200.4,210.2,0.995,60,340,STABLE
2026-06-18 14:13:44,200.4,210.2,0.995,60,340,STABLE
2026-06-18 14:13:47,200.1,210.0,0.995,60,340,STABLE
2026-06-18 14:13:48,200.1,209.7,0.996,60,340,STABLE
2026-06-18 14:13:50,200.4,210.0,0.996,60,340,STABLE
2026-06-18 14:13:50,200.4,211.1,0.996,60,340,STABLE
2026-06-18 14:13:50,200.4,211.1,0.996,60,340,STABLE
2026-06-18 14:13:50,200.4,211.1,0.996,60,340,STABLE
2026-06-18 14:13:51,200.1,210.5,0.995,60,340,STABLE
2026-06-18 14:13:51,200.1,210.5,0.995,60,340,STABLE
2026-06-18 14:13:52,200.1,210.5,0.995,60,340,STABLE
2026-06-18 14:13:54,200.4,210.0,0.999,60,340,STABLE
2026-06-18 14:13:54,200.4,210.0,0.999,60,340,STABLE
2026-06-18 14:13:54,200.4,210.0,0.999,60,340,STABLE
2026-06-18 14:13:55,200.4,209.4,0.996,60,340,STABLE
2026-06-18 14:13:55,200.4,209.4,0.996,60,340,STABLE
2026-06-18 14:13:55,200.4,209.4,0.996,60,340,STABLE
2026-06-18 14:13:55,200.4,210.5,0.993,60,340,STABLE
2026-06-18 14:13:56,200.4,210.5,0.993,60,340,STABLE
2026-06-18 14:13:56,200.4,210.5,0.993,60,340,STABLE
2026-06-18 14:13:59,200.4,209.7,0.995,60,340,STABLE
2026-06-18 14:13:59,200.4,209.7,0.995,60,340,STABLE
2026-06-18 14:13:59,200.4,209.7,0.995,60,340,STABLE
2026-06-18 14:14:00,200.4,210.0,0.993,60,340,STABLE
2026-06-18 14:14:00,200.4,210.0,0.993,60,340,STABLE
2026-06-18 14:14:01,200.4,210.0,0.993,60,340,STABLE
2026-06-18 14:14:01,200.1,210.2,0.996,60,340,STABLE
2026-06-18 14:14:02,200.9,210.2,0.997,60,340,STABLE
2026-06-18 14:14:02,200.1,210.2,0.996,60,340,STABLE
2026-06-18 14:14:02,200.1,210.2,0.996,60,340,STABLE
2026-06-18 14:14:02,200.1,210.2,0.996,60,340,STABLE
2026-06-18 14:14:07,200.7,210.0,0.997,60,340,STABLE
2026-06-18 14:14:07,200.7,210.0,0.997,60,340,STABLE
2026-06-18 14:14:07,200.7,210.0,0.997,60,340,STABLE
2026-06-18 14:14:07,200.7,210.0,0.997,60,340,STABLE
2026-06-18 14:14:09,200.4,210.0,0.996,60,340,STABLE
2026-06-18 14:14:09,200.4,210.0,0.996,60,340,STABLE
2026-06-18 14:14:09,200.4,210.0,0.996,60,340,STABLE
2026-06-18 14:14:10,200.4,210.0,0.993,60,340,STABLE
2026-06-18 14:14:10,200.4,210.0,0.993,60,340,STABLE
2026-06-18 14:14:10,200.4,210.0,0.993,60,340,STABLE
2026-06-18 14:14:11,200.1,210.2,0.996,60,340,STABLE
2026-06-18 14:14:11,200.1,210.2,0.996,60,340,STABLE
2026-06-18 14:14:11,200.1,210.2,0.996,60,340,STABLE
2026-06-18 14:14:12,200.1,210.0,0.992,60,340,STABLE
2026-06-18 14:14:15,200.7,209.7,0.999,60,340,STABLE
2026-06-18 14:14:15,200.7,209.7,0.999,60,340,STABLE
2026-06-18 14:14:15,200.7,209.7,0.999,60,340,STABLE
2026-06-18 14:14:15,200.1,210.0,0.997,60,340,STABLE
2026-06-18 14:14:15,200.1,210.0,0.997,60,340,STABLE
2026-06-18 14:14:15,200.1,210.0,0.997,60,340,STABLE
2026-06-18 14:14:16,200.1,210.0,0.997,60,340,STABLE
2026-06-18 14:14:16,200.1,210.0,0.997,60,340,STABLE
2026-06-18 14:14:16,200.1,210.0,0.997,60,340,STABLE
2026-06-18 14:14:16,200.1,210.2,0.993,60,340,STABLE
2026-06-18 14:14:16,200.1,210.2,0.993,60,340,STABLE
2026-06-18 14:14:17,200.1,210.2,0.993,60,340,STABLE
2026-06-18 14:14:18,200.1,210.2,0.996,60,340,STABLE
2026-06-18 14:14:18,200.1,210.2,0.996,60,340,STABLE
2026-06-18 14:14:18,200.1,210.2,0.996,60,340,STABLE
2026-06-18 14:14:19,200.4,210.0,0.996,60,340,STABLE
2026-06-18 14:14:19,200.4,210.2,0.995,60,340,STABLE
2026-06-18 14:14:19,200.4,210.2,0.995,60,340,STABLE
2026-06-18 14:14:20,200.4,210.2,0.995,60,340,STABLE
2026-06-18 14:14:20,200.1,210.0,0.995,60,340,STABLE
2026-06-18 14:14:20,200.1,210.0,0.995,60,340,STABLE
2026-06-18 14:14:20,200.1,210.0,0.995,60,340,STABLE
2026-06-18 14:14:22,200.4,210.2,0.997,60,340,STABLE
2026-06-18 14:14:22,200.4,210.2,0.997,60,340,STABLE
2026-06-18 14:14:22,200.4,210.2,0.997,60,340,STABLE
2026-06-18 14:14:22,200.1,210.2,0.999,60,340,STABLE
2026-06-18 14:14:23,200.1,210.2,0.996,60,340,STABLE
2026-06-18 14:14:23,200.1,210.2,0.996,60,340,STABLE
2026-06-18 14:14:23,200.1,210.2,0.996,60,340,STABLE
2026-06-18 14:14:24,200.1,210.2,0.999,60,340,STABLE
2026-06-18 14:14:24,200.1,210.2,0.999,60,340,STABLE
2026-06-18 14:14:24,200.1,210.2,0.999,60,340,STABLE
2026-06-18 14:14:25,200.1,210.0,0.995,60,340,STABLE
2026-06-18 14:14:25,200.4,210.0,0.999,60,340,STABLE
2026-06-18 14:14:25,200.4,210.0,0.999,60,340,STABLE
2026-06-18 14:14:25,200.4,210.0,0.999,60,340,STABLE
2026-06-18 14:14:26,200.4,210.0,0.996,60,340,STABLE
2026-06-18 14:14:26,200.4,210.0,0.996,60,340,STABLE
2026-06-18 14:14:26,200.4,210.0,0.996,60,340,STABLE
2026-06-18 14:14:27,200.7,210.0,0.995,60,340,STABLE
2026-06-18 14:14:28,200.7,210.0,0.995,60,340,STABLE
2026-06-18 14:14:28,200.7,210.0,0.995,60,340,STABLE
2026-06-18 14:14:28,200.7,210.0,0.995,60,340,STABLE
2026-06-18 14:14:28,200.7,210.2,0.996,60,340,STABLE
2026-06-18 14:14:28,200.7,210.2,0.996,60,340,STABLE
2026-06-18 14:14:28,200.7,210.2,0.996,60,340,STABLE
2026-06-18 14:14:29,200.9,209.9,0.996,60,340,STABLE
2026-06-18 14:14:31,200.4,210.0,0.999,60,340,STABLE
2026-06-18 14:14:31,200.7,210.5,0.995,60,340,STABLE
2026-06-18 14:14:32,200.7,210.5,0.995,60,340,STABLE
2026-06-18 14:14:32,200.7,210.5,0.995,60,340,STABLE
2026-06-18 14:14:32,200.1,210.0,0.995,60,340,STABLE
2026-06-18 14:14:32,200.1,210.0,0.995,60,340,STABLE
2026-06-18 14:14:32,200.1,210.0,0.995,60,340,STABLE
2026-06-18 14:14:33,200.4,209.7,0.997,60,340,STABLE
2026-06-18 14:14:33,200.4,209.7,0.997,60,340,STABLE
2026-06-18 14:14:33,200.4,209.7,0.997,60,340,STABLE
2026-06-18 14:14:37,200.4,210.5,0.996,60,340,STABLE
2026-06-18 14:14:37,200.4,210.2,0.995,60,340,STABLE
2026-06-18 14:14:37,200.4,210.2,0.995,60,340,STABLE
2026-06-18 14:14:37,200.4,210.2,0.995,60,340,STABLE
2026-06-18 14:14:42,200.4,210.0,0.993,60,340,STABLE
2026-06-18 14:14:42,200.4,210.0,0.993,60,340,STABLE
2026-06-18 14:14:42,200.4,210.0,0.993,60,340,STABLE
2026-06-18 14:14:44,200.4,210.0,0.993,60,340,STABLE
2026-06-18 14:14:44,200.4,210.0,0.993,60,340,STABLE
2026-06-18 14:14:44,200.4,210.0,0.993,60,340,STABLE
2026-06-18 14:14:47,200.4,209.4,0.996,60,340,STABLE
2026-06-18 14:14:47,200.4,209.4,0.996,60,340,STABLE
2026-06-18 14:14:48,200.1,210.2,0.996,60,340,STABLE
2026-06-18 14:14:48,200.1,210.2,0.996,60,340,STABLE
2026-06-18 14:14:48,200.1,210.2,0.996,60,340,STABLE
2026-06-18 14:14:48,200.1,210.0,0.995,60,340,STABLE
2026-06-18 14:14:49,200.1,210.0,0.995,60,340,STABLE
2026-06-18 14:14:49,200.1,210.0,0.995,60,340,STABLE
2026-06-18 14:14:54,200.4,210.2,0.997,60,340,STABLE
2026-06-18 14:14:54,200.4,210.2,0.997,60,340,STABLE
2026-06-18 14:14:54,200.4,210.2,0.997,60,340,STABLE
2026-06-18 14:14:54,200.4,210.2,0.995,60,340,STABLE
2026-06-18 14:14:55,200.4,210.2,0.995,60,340,STABLE
2026-06-18 14:14:56,200.7,210.5,0.995,60,340,STABLE
2026-06-18 14:14:56,200.7,210.5,0.995,60,340,STABLE
2026-06-18 14:14:56,200.7,210.5,0.995,60,340,STABLE
2026-06-18 14:14:57,200.7,210.5,0.995,60,340,STABLE
2026-06-18 14:14:58,200.7,210.5,0.995,60,340,STABLE
2026-06-18 14:14:58,200.7,210.5,0.995,60,340,STABLE
2026-06-18 14:14:59,200.1,210.2,0.996,60,340,STABLE
2026-06-18 14:14:59,200.1,210.2,0.996,60,340,STABLE
2026-06-18 14:14:59,200.1,210.2,0.996,60,340,STABLE
2026-06-18 14:15:01,200.7,210.2,0.996,60,340,STABLE
2026-06-18 14:15:06,200.4,210.0,0.996,60,340,STABLE
2026-06-18 14:15:06,200.4,210.0,0.996,60,340,STABLE
2026-06-18 14:15:06,200.4,210.0,0.996,60,340,STABLE
2026-06-18 14:15:07,200.7,210.0,0.997,60,340,STABLE
2026-06-18 14:15:07,200.1,210.0,0.997,60,340,STABLE
2026-06-18 14:15:07,200.1,210.0,0.997,60,340,STABLE
2026-06-18 14:15:07,200.1,210.0,0.997,60,340,STABLE
2026-06-18 14:15:09,201.0,210.5,0.993,60,340,STABLE
2026-06-18 14:15:10,201.0,210.5,0.993,60,340,STABLE
2026-06-18 14:15:10,201.0,210.5,0.993,60,340,STABLE
2026-06-18 14:15:11,200.7,210.0,0.995,60,340,STABLE
2026-06-18 14:15:11,200.7,210.0,0.995,60,340,STABLE
2026-06-18 14:15:11,200.7,210.0,0.995,60,340,STABLE
2026-06-18 14:15:13,200.4,210.0,0.996,60,340,STABLE
2026-06-18 14:15:13,200.4,210.0,0.996,60,340,STABLE
2026-06-18 14:15:13,200.4,210.0,0.996,60,340,STABLE
2026-06-18 14:15:13,200.4,210.0,0.996,60,340,STABLE
2026-06-18 14:15:13,200.4,210.0,0.996,60,340,STABLE
2026-06-18 14:15:14,200.4,210.0,0.996,60,340,STABLE
2026-06-18 14:15:14,200.1,210.2,0.993,60,340,STABLE
2026-06-18 14:15:14,200.1,210.2,0.993,60,340,STABLE
2026-06-18 14:15:15,200.1,210.2,0.993,60,340,STABLE
2026-06-18 14:15:15,200.7,210.0,0.997,60,340,STABLE
2026-06-18 14:15:15,200.7,210.0,0.997,60,340,STABLE
2026-06-18 14:15:15,200.7,210.0,0.997,60,340,STABLE
2026-06-18 14:15:18,200.7,210.0,0.997,60,340,STABLE
2026-06-18 14:15:18,200.7,210.0,0.997,60,340,STABLE
2026-06-18 14:15:18,200.7,210.0,0.997,60,340,STABLE
2026-06-18 14:15:21,200.4,210.5,0.996,60,340,STABLE
2026-06-18 14:15:21,200.1,209.7,0.996,60,340,STABLE
2026-06-18 14:15:21,200.1,209.7,0.996,60,340,STABLE
2026-06-18 14:15:21,200.1,209.7,0.996,60,340,STABLE
2026-06-18 14:15:23,200.7,209.7,0.996,60,340,STABLE
2026-06-18 14:15:23,200.4,210.0,0.996,60,340,STABLE
2026-06-18 14:15:23,200.4,210.0,0.996,60,340,STABLE
2026-06-18 14:15:23,200.4,210.0,0.996,60,340,STABLE
2026-06-18 14:15:29,200.1,210.2,1.001,60,340,STABLE
2026-06-18 14:15:29,200.1,210.2,1.001,60,340,STABLE
2026-06-18 14:15:29,200.1,210.2,1.001,60,340,STABLE
2026-06-18 14:15:31,200.1,210.2,0.993,60,340,STABLE
2026-06-18 14:15:31,200.4,210.2,0.995,60,340,STABLE
2026-06-18 14:15:31,200.4,210.2,0.995,60,340,STABLE
2026-06-18 14:15:32,200.4,210.2,0.995,60,340,STABLE
2026-06-18 14:15:32,200.7,210.5,0.995,60,340,STABLE
2026-06-18 14:15:32,200.7,210.0,0.995,60,340,STABLE
2026-06-18 14:15:32,200.7,210.0,0.995,60,340,STABLE
2026-06-18 14:15:32,200.7,210.0,0.995,60,340,STABLE
2026-06-18 14:15:35,200.4,209.7,0.995,60,340,STABLE
2026-06-18 14:15:35,200.4,209.7,0.995,60,340,STABLE
2026-06-18 14:15:36,200.4,209.7,0.995,60,340,STABLE
2026-06-18 14:15:39,200.4,209.7,0.997,60,340,STABLE
2026-06-18 14:15:40,200.4,209.7,0.997,60,340,STABLE
2026-06-18 14:15:41,200.1,210.2,0.996,60,340,STABLE
2026-06-18 14:15:41,200.1,210.2,0.996,60,340,STABLE
2026-06-18 14:15:42,200.1,210.2,0.996,60,340,STABLE
2026-06-18 14:15:42,200.4,210.0,0.996,60,340,STABLE
2026-06-18 14:15:42,200.4,210.0,0.996,60,340,STABLE
2026-06-18 14:15:42,200.4,210.0,0.996,60,340,STABLE
2026-06-18 14:15:42,199.8,210.5,0.996,60,340,STABLE
2026-06-18 14:15:42,199.8,210.5,0.996,60,340,STABLE
2026-06-18 14:15:43,199.8,210.5,0.996,60,340,STABLE
2026-06-18 14:15:43,199.8,210.0,0.999,60,340,STABLE
2026-06-18 14:15:43,200.4,210.2,0.997,60,340,STABLE
2026-06-18 14:15:43,200.4,210.2,0.997,60,340,STABLE
2026-06-18 14:15:44,200.4,210.2,0.997,60,340,STABLE
2026-06-18 14:15:44,200.1,210.0,1.000,60,340,STABLE
2026-06-18 14:15:46,200.4,210.2,0.997,60,340,STABLE
2026-06-18 14:15:46,200.4,210.2,0.997,60,340,STABLE
2026-06-18 14:15:46,200.4,210.2,0.997,60,340,STABLE
2026-06-18 14:15:46,200.4,210.0,0.996,60,340,STABLE
2026-06-18 14:15:46,200.4,210.0,0.996,60,340,STABLE
2026-06-18 14:15:46,200.4,210.0,0.996,60,340,STABLE
2026-06-18 14:15:47,200.4,209.7,0.997,60,340,STABLE
2026-06-18 14:15:47,200.4,209.7,0.997,60,340,STABLE
2026-06-18 14:15:47,200.4,209.7,0.997,60,340,STABLE
2026-06-18 14:15:53,200.1,210.2,0.999,60,340,STABLE
2026-06-18 14:15:53,200.1,210.2,0.999,60,340,STABLE
2026-06-18 14:15:53,200.1,210.2,0.999,60,340,STABLE
2026-06-18 14:15:56,200.4,209.7,0.995,60,340,STABLE
2026-06-18 14:15:56,200.4,209.7,0.995,60,340,STABLE
2026-06-18 14:15:57,200.1,210.0,0.995,60,340,STABLE
2026-06-18 14:15:57,200.1,210.0,0.995,60,340,STABLE
2026-06-18 14:15:58,200.1,210.0,0.995,60,340,STABLE
2026-06-18 14:16:00,199.8,210.0,0.996,60,340,STABLE
2026-06-18 14:16:00,199.8,210.0,0.996,60,340,STABLE
2026-06-18 14:16:00,199.8,210.0,0.996,60,340,STABLE
2026-06-18 14:16:05,200.4,210.2,0.997,60,340,STABLE
2026-06-18 14:16:05,200.4,210.2,0.997,60,340,STABLE
2026-06-18 14:16:06,200.4,210.2,0.997,60,340,STABLE
2026-06-18 14:16:06,200.4,210.8,0.995,60,340,STABLE
2026-06-18 14:16:06,200.4,210.8,0.995,60,340,STABLE
2026-06-18 14:16:07,200.4,210.8,0.995,60,340,STABLE
2026-06-18 14:16:07,200.1,210.2,0.996,60,340,STABLE
2026-06-18 14:16:07,200.1,210.2,0.996,60,340,STABLE
2026-06-18 14:16:07,200.1,210.2,0.996,60,340,STABLE
2026-06-18 14:16:08,200.4,210.2,0.997,60,340,STABLE
2026-06-18 14:16:09,200.4,210.2,0.997,60,340,STABLE
2026-06-18 14:16:09,200.4,210.2,0.997,60,340,STABLE
2026-06-18 14:16:10,200.4,210.2,0.997,60,340,STABLE
2026-06-18 14:16:10,200.4,210.2,0.997,60,340,STABLE
2026-06-18 14:16:10,200.4,210.2,0.997,60,340,STABLE
2026-06-18 14:16:11,200.4,210.0,0.993,60,340,STABLE
2026-06-18 14:16:11,200.4,210.0,0.993,60,340,STABLE
2026-06-18 14:16:11,200.4,210.0,0.993,60,340,STABLE
2026-06-18 14:16:12,201.0,211.1,0.993,60,340,STABLE
2026-06-18 14:16:12,201.0,211.1,0.993,60,340,STABLE
2026-06-18 14:16:12,201.0,211.1,0.993,60,340,STABLE
2026-06-18 14:16:16,199.8,210.0,0.996,60,340,STABLE
2026-06-18 14:16:17,200.7,210.0,0.992,60,340,STABLE
2026-06-18 14:16:17,200.7,210.0,0.992,60,340,STABLE
2026-06-18 14:16:17,199.8,210.2,0.997,60,340,STABLE
2026-06-18 14:16:17,199.8,210.2,0.997,60,340,STABLE
2026-06-18 14:16:17,199.8,210.2,0.997,60,340,STABLE
2026-06-18 14:16:19,200.4,210.0,0.996,60,340,STABLE
2026-06-18 14:16:19,200.4,210.0,0.996,60,340,STABLE
2026-06-18 14:16:19,200.4,210.0,0.996,60,340,STABLE
2026-06-18 14:16:22,200.7,210.0,0.995,60,340,STABLE
2026-06-18 14:16:22,200.7,210.0,0.995,60,340,STABLE
2026-06-18 14:16:23,200.7,210.0,0.995,60,340,STABLE
2026-06-18 14:16:28,200.7,210.2,0.996,60,340,STABLE
2026-06-18 14:16:28,200.7,210.2,0.996,60,340,STABLE
2026-06-18 14:16:29,200.7,210.2,0.996,60,340,STABLE
2026-06-18 14:16:29,199.8,210.0,0.999,60,340,STABLE
2026-06-18 14:16:29,199.8,210.0,0.999,60,340,STABLE
2026-06-18 14:16:29,199.8,210.0,0.999,60,340,STABLE
2026-06-18 14:16:31,200.1,210.0,0.997,60,340,STABLE
2026-06-18 14:16:31,200.1,210.0,0.997,60,340,STABLE
2026-06-18 14:16:32,198.2,209.7,0.989,60,340,STABLE
2026-06-18 14:16:33,198.2,209.7,0.989,60,340,STABLE
2026-06-18 14:16:34,200.7,210.0,0.995,60,340,STABLE
2026-06-18 14:16:34,200.7,210.0,0.995,60,340,STABLE
2026-06-18 14:16:34,200.7,210.0,0.995,60,340,STABLE
2026-06-18 14:17:13,200.4,210.5,0.996,60,340,STABLE
2026-06-18 14:17:13,200.4,210.5,0.996,60,340,STABLE
2026-06-18 14:17:13,200.4,210.5,0.996,60,340,STABLE
2026-06-18 14:18:04,200.4,210.0,0.999,60,340,STABLE
2026-06-18 14:18:04,200.4,210.0,0.999,60,340,STABLE
2026-06-18 14:18:04,200.4,210.0,0.999,60,340,STABLE
2026-06-18 14:18:13,200.4,210.0,0.999,60,340,STABLE
2026-06-18 14:18:13,200.4,210.0,0.999,60,340,STABLE
2026-06-18 14:18:13,200.4,210.0,0.999,60,340,STABLE
